# Blender 5.0.1
# www.blender.org
mtllib Untitled.mtl
o ArchUnGrouped
v 0.110533 -0.965568 -0.110533
v 0.135578 -0.881832 -0.135578
v 0.191736 -0.881832 -0.000000
v 0.156318 -0.965568 -0.000000
v 0.110533 -0.965568 0.110533
v 0.135578 -0.881832 0.135577
v 0.202485 -0.881832 -0.202486
v 0.231511 -0.830605 -0.231511
v 0.327405 -0.830605 -0.000000
v 0.286357 -0.881832 -0.000000
v 0.202485 -0.881832 0.202485
v 0.231511 -0.830605 0.231510
v -0.126807 0.901945 0.126806
v -0.067537 0.773945 0.067536
v -0.179331 0.901945 -0.000000
v -0.095511 0.773945 -0.000000
v -0.067537 0.773945 -0.067537
v -0.126807 0.901945 -0.126807
v -0.197230 0.799418 -0.197230
v -0.155414 0.644692 -0.155414
v -0.261850 0.742073 -0.000000
v -0.332305 0.923001 -0.000000
v -0.197230 0.799418 0.197230
v -0.155414 0.644692 0.155414
v 0.188889 -0.198985 -0.000000
v 0.116887 -0.318966 -0.116887
v 0.133564 -0.198985 -0.133565
v 0.165303 -0.318966 -0.000000
v 0.116887 -0.318966 0.116887
v 0.133564 -0.198985 0.133564
v 0.183545 0.051669 -0.386095
v 0.226816 0.436682 -0.386894
v 0.205348 0.029201 -0.336877
v 0.261380 0.466357 -0.336873
v 0.183545 0.051669 0.386094
v 0.226816 0.436682 0.386894
v 0.205348 0.029201 0.336877
v 0.261380 0.466357 0.336873
v 0.322309 0.740065 0.104724
v 0.425455 0.701451 -0.000000
v 0.383613 0.821183 0.000000
v 0.425455 0.701451 -0.000000
v 0.322309 0.740065 -0.104724
v 0.104724 0.740065 0.322309
v -0.000000 0.618946 0.338059
v 0.000000 0.701451 0.425455
v 0.104724 0.740065 -0.322309
v -0.000000 0.618947 -0.338059
v 0.000000 0.701451 -0.425455
v 0.214784 -0.091349 -0.214784
v 0.235676 -0.049399 -0.235676
v 0.333297 -0.049399 -0.000000
v 0.303751 -0.091349 -0.000000
v 0.214784 -0.091349 0.214784
v 0.235676 -0.049399 0.235676
v 0.126527 0.419369 -0.126527
v 0.142160 0.473683 -0.142161
v 0.201045 0.473683 -0.000000
v 0.178936 0.419369 -0.000000
v 0.126527 0.419369 0.126527
v 0.142160 0.473683 0.142160
v 0.153139 -0.182426 -0.153139
v 0.153139 -0.091350 -0.153139
v 0.216571 -0.182426 -0.000000
v 0.216571 -0.091350 -0.000000
v 0.153139 -0.091350 0.153139
v 0.153139 -0.182426 0.153139
v 0.160699 0.069827 -0.160699
v 0.232017 0.274707 -0.232017
v 0.328121 0.274707 -0.000000
v 0.227263 0.069827 -0.000000
v 0.160699 0.069827 0.160699
v 0.232017 0.274707 0.232016
v 0.185162 0.050205 -0.287813
v 0.228766 0.438544 -0.286965
v 0.205348 0.029201 -0.336877
v 0.261380 0.466357 -0.336873
v 0.228766 0.438544 0.286965
v 0.185162 0.050205 0.287812
v 0.205348 0.029201 0.336877
v 0.261380 0.466357 0.336873
v 0.160699 0.069827 -0.160699
v 0.235676 -0.049399 -0.235676
v 0.333297 -0.049399 -0.000000
v 0.227263 0.069827 -0.000000
v 0.160699 0.069827 0.160699
v 0.235676 -0.049399 0.235676
v -0.322309 0.740065 0.104724
v -0.322309 0.740065 -0.104724
v -0.213366 0.758593 -0.000000
v -0.338059 0.618947 -0.000000
v -0.213366 0.758593 -0.000000
v 0.291509 0.851393 -0.000000
v 0.183346 0.518512 -0.183346
v 0.206128 0.851393 -0.206128
v 0.259290 0.518512 -0.000000
v 0.183346 0.518512 0.183346
v 0.206128 0.851393 0.206128
v 0.241120 0.779198 -0.241120
v 0.231922 0.601789 -0.231922
v 0.327987 0.601789 -0.000000
v 0.406253 0.930283 -0.000000
v 0.241120 0.779198 0.241120
v 0.231922 0.601789 0.231922
v 0.082100 -0.318965 -0.082100
v 0.138917 -0.606982 -0.138917
v 0.231511 -0.830605 -0.231511
v 0.327405 -0.830605 -0.000000
v 0.099907 -0.448376 -0.099907
v 0.196458 -0.606982 -0.000000
v 0.141289 -0.448376 -0.000000
v 0.116107 -0.318965 -0.000000
v 0.082100 -0.318965 0.082100
v 0.099907 -0.448376 0.099907
v 0.138917 -0.606982 0.138917
v 0.231511 -0.830605 0.231510
v 0.240089 0.901945 -0.000000
v 0.126806 0.901945 0.126806
v 0.169769 0.901945 0.169769
v -0.000000 0.901945 0.240089
v -0.000000 0.901945 0.179331
v 0.179331 0.901945 -0.000000
v 0.126806 0.901945 -0.126807
v 0.169769 0.901945 -0.169769
v -0.000000 0.901945 -0.240089
v -0.000000 0.901945 -0.179332
v -0.126807 0.901945 -0.126807
v -0.169769 0.901945 -0.169769
v -0.240089 0.901945 -0.000000
v -0.179331 0.901945 -0.000000
v -0.126807 0.901945 0.126806
v -0.169769 0.901945 0.169769
v -0.000000 0.901945 0.240089
v -0.000000 0.901945 0.179331
v -0.000000 0.901945 0.240089
v -0.169769 0.901945 0.169769
v -0.206128 0.851393 0.206128
v -0.000000 0.851393 0.291509
v -0.291509 0.851393 -0.000000
v -0.240089 0.901945 -0.000000
v -0.206128 0.851393 -0.206128
v -0.169769 0.901945 -0.169769
v -0.000000 0.901945 -0.240089
v -0.000000 0.851393 -0.291510
v 0.206128 0.851393 -0.206128
v 0.169769 0.901945 -0.169769
v 0.240089 0.901945 -0.000000
v 0.291509 0.851393 -0.000000
v 0.206128 0.851393 0.206128
v 0.169769 0.901945 0.169769
v -0.000000 0.851393 0.291509
v -0.000000 0.901945 0.240089
v 0.241120 0.779198 0.241120
v 0.406253 0.930283 -0.000000
v 0.332305 0.923001 -0.000000
v 0.241120 0.779198 -0.241120
v 0.197230 0.799418 0.197230
v 0.000000 0.923001 0.332305
v 0.000000 0.930283 0.406253
v 0.197230 0.799418 -0.197230
v 0.000000 0.923001 -0.332305
v 0.000000 0.930283 -0.406253
v -0.241120 0.779198 -0.241120
v -0.197230 0.799418 -0.197230
v -0.332305 0.923001 -0.000000
v -0.406253 0.930283 -0.000000
v -0.241120 0.779198 0.241120
v -0.197230 0.799418 0.197230
v 0.000000 0.923001 0.332305
v 0.000000 0.930283 0.406253
v 0.095511 0.773945 -0.000000
v -0.000000 0.773945 0.095511
v 0.067537 0.773945 0.067536
v -0.095511 0.773945 -0.000000
v -0.067537 0.773945 0.067536
v -0.000000 0.773945 -0.095511
v -0.067537 0.773945 -0.067537
v 0.067537 0.773945 -0.067537
v -0.226816 0.436682 -0.386894
v -0.261380 0.466357 -0.336873
v 0.000000 0.386772 -0.336865
v -0.000000 0.376916 -0.383658
v 0.226816 0.436682 -0.386894
v 0.261380 0.466357 -0.336873
v -0.226816 0.436682 0.386894
v -0.261380 0.466357 0.336873
v 0.000000 0.386772 0.336864
v -0.000000 0.376916 0.383658
v 0.226816 0.436682 0.386894
v 0.261380 0.466357 0.336873
v -0.328121 0.274707 -0.000000
v -0.126527 0.419369 -0.126527
v -0.232017 0.274707 -0.232017
v 0.000000 0.274707 -0.328121
v -0.178936 0.419369 -0.000000
v -0.126527 0.419369 0.126527
v -0.232017 0.274707 0.232016
v 0.000000 0.419369 0.178936
v 0.000000 0.274707 0.328121
v 0.000000 0.419369 -0.178936
v 0.232017 0.274707 -0.232017
v 0.126527 0.419369 -0.126527
v 0.328121 0.274707 -0.000000
v 0.178936 0.419369 -0.000000
v 0.126527 0.419369 0.126527
v 0.232017 0.274707 0.232016
v 0.000000 0.419369 0.178936
v 0.000000 0.274707 0.328121
v 0.213366 0.758593 -0.000000
v 0.322309 0.740065 0.104724
v 0.383613 0.821183 0.000000
v 0.322309 0.740065 -0.104724
v 0.213366 0.758593 -0.000000
v 0.000000 0.758593 -0.213366
v 0.104724 0.740065 -0.322309
v 0.000000 0.821183 -0.383613
v -0.104724 0.740065 -0.322309
v 0.000000 0.758593 -0.213366
v -0.213366 0.758593 -0.000000
v -0.383613 0.821183 0.000000
v -0.322309 0.740065 0.104724
v -0.213366 0.758593 -0.000000
v -0.322309 0.740065 -0.104724
v 0.000000 0.758593 0.213366
v 0.000000 0.821183 0.383613
v 0.104724 0.740065 0.322309
v 0.000000 0.758593 0.213366
v -0.104724 0.740065 0.322309
v -0.000000 0.378292 -0.290319
v -0.261380 0.466357 -0.336873
v 0.000000 0.386772 -0.336865
v -0.228766 0.438544 -0.286965
v 0.228766 0.438544 -0.286965
v 0.261380 0.466357 -0.336873
v -0.000000 0.378292 0.290318
v -0.261380 0.466357 0.336873
v 0.000000 0.386772 0.336864
v -0.228766 0.438544 0.286965
v 0.228766 0.438544 0.286965
v 0.261380 0.466357 0.336873
v 0.110533 -0.965568 0.110533
v 0.135578 -0.881832 0.135577
v -0.000000 -0.881832 0.191736
v -0.000000 -0.965568 0.156317
v -0.110533 -0.965568 0.110533
v -0.135578 -0.881832 0.135577
v -0.000000 -0.881832 0.191736
v -0.000000 -0.965568 0.156317
v -0.202485 -0.881832 0.202485
v -0.231511 -0.830605 0.231510
v -0.000000 -0.830605 0.327405
v -0.000000 -0.881832 0.286357
v 0.202485 -0.881832 0.202485
v 0.231511 -0.830605 0.231510
v -0.000000 -0.830605 0.327405
v -0.000000 -0.881832 0.286357
v -0.067537 0.773945 -0.067537
v -0.126807 0.901945 -0.126807
v -0.000000 0.901945 -0.179332
v -0.000000 0.773945 -0.095511
v 0.067537 0.773945 -0.067537
v 0.126806 0.901945 -0.126807
v -0.197230 0.799418 -0.197230
v -0.000000 0.742073 -0.261850
v 0.000000 0.923001 -0.332305
v 0.197230 0.799418 -0.197230
v -0.155414 0.644692 -0.155414
v 0.155414 0.644692 -0.155414
v 0.116887 -0.318966 0.116887
v 0.133564 -0.198985 0.133564
v 0.000000 -0.198985 0.188889
v 0.000000 -0.318966 0.165303
v -0.116887 -0.318966 0.116887
v -0.133564 -0.198985 0.133564
v 0.000000 -0.198985 0.188889
v 0.000000 -0.318966 0.165303
v 0.178845 0.389260 0.417079
v 0.183545 0.051669 0.386094
v 0.226816 0.436682 0.386894
v 0.142010 0.088817 0.417079
v -0.178845 0.389260 0.417079
v -0.142010 0.088817 0.417079
v -0.138237 0.350901 0.404515
v -0.000000 0.337578 0.417079
v -0.109766 0.118676 0.404515
v -0.000000 0.028203 0.417079
v -0.098198 0.313081 0.378685
v -0.077973 0.148117 0.378685
v -0.000000 0.310955 0.404515
v -0.000000 0.284704 0.378685
v 0.098198 0.313081 0.378685
v 0.138237 0.350901 0.404515
v 0.178845 0.389260 0.417079
v -0.000000 0.071825 0.404515
v -0.000000 0.114836 0.378685
v 0.077973 0.148117 0.378685
v 0.109766 0.118676 0.404515
v 0.142010 0.088817 0.417079
v -0.000000 0.284704 0.378685
v 0.077973 0.148117 0.378685
v 0.098198 0.313081 0.378685
v -0.000000 0.114836 0.378685
v -0.077973 0.148117 0.378685
v -0.098198 0.313081 0.378685
v -0.226816 0.436682 0.386894
v -0.183545 0.051669 0.386094
v -0.178845 0.389260 0.417079
v -0.142010 0.088817 0.417079
v -0.000000 -0.027219 0.386095
v -0.000000 0.028203 0.417079
v 0.142010 0.088817 0.417079
v 0.183545 0.051669 0.386094
v -0.000000 0.376916 0.383658
v -0.000000 0.337578 0.417079
v 0.178845 0.389260 0.417079
v 0.226816 0.436682 0.386894
v 0.098198 0.313081 0.378685
v 0.109766 0.118676 0.404515
v 0.138237 0.350901 0.404515
v 0.077973 0.148117 0.378685
v 0.142010 0.088817 0.417079
v 0.178845 0.389260 0.417079
v -0.322309 0.740065 0.104724
v -0.338059 0.618947 -0.000000
v -0.425455 0.701451 -0.000000
v 0.322309 0.740065 0.104724
v 0.338059 0.618947 -0.000000
v 0.425455 0.701451 -0.000000
v 0.104724 0.740065 0.322309
v 0.000000 0.821183 0.383613
v 0.000000 0.701451 0.425455
v -0.104724 0.740065 0.322309
v 0.000000 0.701451 0.425455
v 0.000000 -0.049399 0.333296
v -0.235676 -0.049399 0.235676
v -0.214784 -0.091349 0.214784
v 0.000000 -0.091349 0.303751
v 0.214784 -0.091349 0.214784
v 0.235676 -0.049399 0.235676
v 0.000000 -0.049399 0.333296
v 0.000000 -0.091349 0.303751
v -0.126527 0.419369 0.126527
v -0.142160 0.473683 0.142160
v 0.000000 0.473683 0.201045
v 0.000000 0.419369 0.178936
v 0.126527 0.419369 0.126527
v 0.142160 0.473683 0.142160
v 0.000000 0.473683 0.201045
v 0.000000 0.419369 0.178936
v -0.153139 -0.091350 0.153139
v -0.153139 -0.182426 0.153139
v 0.000000 -0.091350 0.216571
v 0.000000 -0.182426 0.216571
v 0.153139 -0.091350 0.153139
v 0.153139 -0.182426 0.153139
v 0.000000 -0.182426 0.216571
v 0.000000 -0.091350 0.216571
v -0.160699 0.069827 0.160699
v -0.232017 0.274707 0.232016
v 0.000000 0.274707 0.328121
v 0.000000 0.069827 0.227263
v 0.160699 0.069827 0.160699
v 0.232017 0.274707 0.232016
v 0.000000 0.274707 0.328121
v 0.000000 0.069827 0.227263
v 0.185162 0.050205 -0.287813
v 0.228766 0.438544 -0.286965
v 0.182413 0.392631 -0.268979
v 0.144843 0.086193 -0.268979
v -0.160699 0.069827 0.160699
v 0.160699 0.069827 0.160699
v -0.235676 -0.049399 0.235676
v 0.000000 -0.049399 0.333296
v 0.000000 0.069827 0.227263
v 0.235676 -0.049399 0.235676
v 0.000000 -0.049399 0.333296
v 0.000000 0.069827 0.227263
v 0.104724 0.740065 -0.322309
v 0.000000 0.758593 -0.213366
v -0.000000 0.618947 -0.338059
v -0.104724 0.740065 -0.322309
v 0.000000 0.758593 -0.213366
v -0.182413 0.392631 -0.268979
v -0.000000 0.339918 -0.268979
v -0.000000 0.378292 -0.290319
v 0.182413 0.392631 -0.268979
v 0.228766 0.438544 -0.286965
v -0.228766 0.438544 -0.286965
v -0.185162 0.050205 -0.287813
v -0.144843 0.086193 -0.268979
v -0.185162 0.050205 -0.287813
v -0.000000 -0.029386 -0.287812
v -0.000000 0.024370 -0.268979
v 0.144843 0.086193 -0.268979
v 0.185162 0.050205 -0.287813
v -0.000000 0.339918 -0.268979
v -0.144843 0.086193 -0.268979
v -0.000000 0.024370 -0.268979
v -0.182413 0.392631 -0.268979
v 0.144843 0.086193 -0.268979
v 0.182413 0.392631 -0.268979
v 0.183346 0.518512 0.183346
v 0.206128 0.851393 0.206128
v -0.000000 0.851393 0.291509
v 0.000000 0.518512 0.259290
v -0.183346 0.518512 0.183346
v -0.206128 0.851393 0.206128
v -0.000000 0.851393 0.291509
v 0.000000 0.518512 0.259290
v -0.241120 0.779198 0.241120
v -0.231922 0.601789 0.231922
v -0.000000 0.601789 0.327987
v 0.000000 0.930283 0.406253
v 0.241120 0.779198 0.241120
v 0.231922 0.601789 0.231922
v -0.000000 0.601789 0.327987
v 0.000000 0.930283 0.406253
v -0.082100 -0.318965 0.082100
v 0.000000 -0.448376 0.141289
v -0.000000 -0.318965 0.116107
v -0.099907 -0.448376 0.099907
v 0.000000 -0.606982 0.196458
v -0.138917 -0.606982 0.138917
v -0.000000 -0.830605 0.327405
v -0.231511 -0.830605 0.231510
v 0.082100 -0.318965 0.082100
v 0.099907 -0.448376 0.099907
v 0.138917 -0.606982 0.138917
v 0.231511 -0.830605 0.231510
v -0.000000 -0.830605 0.327405
v 0.000000 -0.606982 0.196458
v 0.000000 -0.448376 0.141289
v -0.000000 -0.318965 0.116107
v -0.110533 -0.965568 -0.110533
v -0.135578 -0.881832 -0.135578
v -0.191736 -0.881832 -0.000000
v -0.156318 -0.965568 -0.000000
v -0.110533 -0.965568 0.110533
v -0.135578 -0.881832 0.135577
v -0.202485 -0.881832 -0.202486
v -0.327405 -0.830605 -0.000000
v -0.231511 -0.830605 -0.231511
v -0.286357 -0.881832 -0.000000
v -0.202485 -0.881832 0.202485
v -0.231511 -0.830605 0.231510
v 0.067537 0.773945 -0.067537
v 0.126806 0.901945 -0.126807
v 0.179331 0.901945 -0.000000
v 0.095511 0.773945 -0.000000
v 0.067537 0.773945 0.067536
v 0.126806 0.901945 0.126806
v 0.197230 0.799418 -0.197230
v 0.155414 0.644692 -0.155414
v 0.261850 0.742073 -0.000000
v 0.332305 0.923001 -0.000000
v 0.197230 0.799418 0.197230
v 0.155414 0.644692 0.155414
v -0.116887 -0.318966 -0.116887
v -0.133564 -0.198985 -0.133565
v -0.188889 -0.198985 -0.000000
v -0.165303 -0.318966 -0.000000
v -0.116887 -0.318966 0.116887
v -0.133564 -0.198985 0.133564
v -0.183545 0.051669 -0.386095
v -0.226816 0.436682 -0.386894
v -0.205348 0.029201 -0.336877
v -0.261380 0.466357 -0.336873
v -0.226816 0.436682 0.386894
v -0.183545 0.051669 0.386094
v -0.205348 0.029201 0.336877
v -0.261380 0.466357 0.336873
v -0.322309 0.740065 0.104724
v -0.383613 0.821183 0.000000
v -0.425455 0.701451 -0.000000
v -0.322309 0.740065 -0.104724
v -0.425455 0.701451 -0.000000
v -0.104724 0.740065 0.322309
v -0.000000 0.618946 0.338059
v 0.000000 0.701451 0.425455
v -0.104724 0.740065 -0.322309
v -0.000000 0.618947 -0.338059
v 0.000000 0.701451 -0.425455
v -0.235676 -0.049399 0.235676
v -0.214784 -0.091349 0.214784
v -0.333297 -0.049399 -0.000000
v -0.303751 -0.091349 -0.000000
v -0.214784 -0.091349 -0.214784
v -0.235676 -0.049399 -0.235676
v -0.126527 0.419369 -0.126527
v -0.178936 0.419369 -0.000000
v -0.126527 0.419369 0.126527
v -0.201045 0.473683 -0.000000
v -0.142160 0.473683 -0.142161
v -0.142160 0.473683 0.142160
v -0.153139 -0.091350 0.153139
v -0.216571 -0.091350 -0.000000
v -0.216571 -0.182426 -0.000000
v -0.153139 -0.091350 -0.153139
v -0.153139 -0.182426 0.153139
v -0.153139 -0.182426 -0.153139
v -0.328121 0.274707 -0.000000
v -0.160699 0.069827 0.160699
v -0.232017 0.274707 0.232016
v -0.227263 0.069827 -0.000000
v -0.160699 0.069827 -0.160699
v -0.232017 0.274707 -0.232017
v -0.160699 0.069827 -0.160699
v -0.235676 -0.049399 -0.235676
v -0.333297 -0.049399 -0.000000
v -0.227263 0.069827 -0.000000
v -0.160699 0.069827 0.160699
v -0.235676 -0.049399 0.235676
v 0.322309 0.740065 0.104724
v 0.213366 0.758593 -0.000000
v 0.338059 0.618947 -0.000000
v 0.322309 0.740065 -0.104724
v 0.213366 0.758593 -0.000000
v -0.228766 0.438544 -0.286965
v -0.185162 0.050205 -0.287813
v -0.205348 0.029201 -0.336877
v -0.261380 0.466357 -0.336873
v -0.228766 0.438544 0.286965
v -0.185162 0.050205 0.287812
v -0.205348 0.029201 0.336877
v -0.261380 0.466357 0.336873
v -0.183346 0.518512 -0.183346
v -0.206128 0.851393 -0.206128
v -0.291509 0.851393 -0.000000
v -0.259290 0.518512 -0.000000
v -0.183346 0.518512 0.183346
v -0.206128 0.851393 0.206128
v -0.241120 0.779198 -0.241120
v -0.327987 0.601789 -0.000000
v -0.406253 0.930283 -0.000000
v -0.241120 0.779198 0.241120
v -0.231922 0.601789 -0.231922
v -0.231922 0.601789 0.231922
v -0.082100 -0.318965 0.082100
v -0.099907 -0.448376 0.099907
v -0.141289 -0.448376 -0.000000
v -0.116107 -0.318965 -0.000000
v -0.082100 -0.318965 -0.082100
v -0.138917 -0.606982 0.138917
v -0.231511 -0.830605 0.231510
v -0.327405 -0.830605 -0.000000
v -0.196458 -0.606982 -0.000000
v -0.138917 -0.606982 -0.138917
v -0.231511 -0.830605 -0.231511
v -0.099907 -0.448376 -0.099907
v -0.110533 -0.965568 -0.110533
v -0.000000 -0.965568 -0.156318
v -0.000000 -1.065070 -0.000000
v 0.110533 -0.965568 -0.110533
v -0.000000 -1.065070 -0.000000
v -0.156318 -0.965568 -0.000000
v -0.000000 -1.065070 -0.000000
v 0.156318 -0.965568 -0.000000
v -0.000000 -1.065070 -0.000000
v 0.110533 -0.965568 0.110533
v -0.000000 -1.065070 -0.000000
v -0.000000 -0.965568 0.156317
v -0.000000 -1.065070 -0.000000
v -0.110533 -0.965568 0.110533
v -0.000000 -1.065070 -0.000000
v -0.000000 -0.965568 0.156317
v -0.000000 -1.065070 -0.000000
v 0.286357 -0.881832 -0.000000
v 0.202485 -0.881832 0.202485
v 0.135578 -0.881832 0.135577
v -0.000000 -0.881832 0.286357
v -0.000000 -0.881832 0.191735
v 0.191736 -0.881832 -0.000000
v 0.135578 -0.881832 -0.135578
v 0.202485 -0.881832 -0.202486
v -0.000000 -0.881832 -0.286358
v -0.000000 -0.881832 -0.191736
v -0.135578 -0.881832 -0.135578
v -0.202485 -0.881832 -0.202486
v -0.286357 -0.881832 -0.000000
v -0.191736 -0.881832 -0.000000
v -0.135578 -0.881832 0.135577
v -0.202485 -0.881832 0.202485
v -0.000000 -0.881832 0.286357
v -0.000000 -0.881832 0.191735
v 0.116887 -0.318966 0.116887
v 0.116107 -0.318966 -0.000000
v 0.165303 -0.318966 -0.000000
v 0.116887 -0.318966 -0.116887
v 0.082100 -0.318966 0.082100
v -0.000000 -0.318966 0.116107
v 0.000000 -0.318966 0.165303
v 0.082100 -0.318966 -0.082100
v 0.000000 -0.318966 -0.165303
v -0.000000 -0.318966 -0.116107
v -0.082100 -0.318966 -0.082100
v -0.116887 -0.318966 -0.116887
v -0.116107 -0.318966 -0.000000
v -0.165303 -0.318966 -0.000000
v -0.116887 -0.318966 0.116887
v -0.082100 -0.318966 0.082100
v -0.000000 -0.318966 0.116107
v 0.000000 -0.318966 0.165303
v -0.183545 0.051669 -0.386095
v -0.000000 -0.027219 -0.386095
v 0.183545 0.051669 -0.386095
v -0.000000 -0.058041 -0.336872
v 0.205348 0.029201 -0.336877
v -0.205348 0.029201 -0.336877
v -0.183545 0.051669 0.386094
v -0.000000 -0.027219 0.386095
v 0.183545 0.051669 0.386094
v -0.000000 -0.058041 0.336871
v 0.205348 0.029201 0.336877
v -0.205348 0.029201 0.336877
v 0.216571 -0.182426 -0.000000
v 0.153139 -0.182426 0.153139
v 0.133564 -0.198985 0.133564
v 0.000000 -0.198985 0.188889
v 0.000000 -0.182426 0.216571
v 0.188889 -0.198985 -0.000000
v 0.133564 -0.198985 -0.133565
v 0.153139 -0.182426 -0.153139
v 0.000000 -0.198985 -0.188889
v 0.000000 -0.182426 -0.216572
v -0.153139 -0.182426 -0.153139
v -0.133564 -0.198985 -0.133565
v -0.216571 -0.182426 -0.000000
v -0.188889 -0.198985 -0.000000
v -0.133564 -0.198985 0.133564
v -0.153139 -0.182426 0.153139
v 0.000000 -0.198985 0.188889
v 0.000000 -0.182426 0.216571
v 0.000000 -0.091349 0.303751
v 0.153139 -0.091349 0.153139
v 0.214784 -0.091349 0.214784
v 0.000000 -0.091349 0.216571
v 0.303751 -0.091349 -0.000000
v 0.216572 -0.091349 -0.000000
v 0.153139 -0.091349 -0.153139
v 0.214784 -0.091349 -0.214784
v 0.000000 -0.091349 -0.303751
v 0.000000 -0.091349 -0.216572
v -0.153139 -0.091349 -0.153139
v -0.214784 -0.091349 -0.214784
v -0.303751 -0.091349 -0.000000
v -0.216572 -0.091349 -0.000000
v -0.153139 -0.091349 0.153139
v -0.214784 -0.091349 0.214784
v 0.000000 -0.091349 0.303751
v 0.000000 -0.091349 0.216571
v -0.205348 0.029201 -0.336877
v -0.000000 -0.058041 -0.336872
v -0.185162 0.050205 -0.287813
v -0.000000 -0.029386 -0.287812
v 0.185162 0.050205 -0.287813
v 0.205348 0.029201 -0.336877
v -0.205348 0.029201 0.336877
v -0.185162 0.050205 0.287812
v -0.000000 -0.058041 0.336871
v -0.000000 -0.029386 0.287812
v 0.185162 0.050205 0.287812
v 0.205348 0.029201 0.336877
v -0.259290 0.518512 -0.000000
v -0.142160 0.473683 0.142160
v -0.183346 0.518512 0.183346
v 0.000000 0.518512 0.259290
v 0.000000 0.473683 0.201045
v -0.201045 0.473683 -0.000000
v -0.142160 0.473683 -0.142161
v -0.183346 0.518512 -0.183346
v 0.000000 0.518512 -0.259290
v 0.000000 0.473683 -0.201045
v 0.183346 0.518512 -0.183346
v 0.142160 0.473683 -0.142161
v 0.259290 0.518512 -0.000000
v 0.201045 0.473683 -0.000000
v 0.142160 0.473683 0.142160
v 0.183346 0.518512 0.183346
v 0.000000 0.518512 0.259290
v 0.000000 0.473683 0.201045
v -0.179969 0.546608 -0.179969
v -0.179969 0.546608 0.179969
v -0.254515 0.546608 -0.000000
v 0.179969 0.546608 -0.179969
v -0.000000 0.546608 -0.254515
v 0.179969 0.546608 0.179969
v -0.000000 0.546608 0.254515
v 0.254515 0.546608 -0.000000
v -0.000000 0.601789 0.327987
v -0.231922 0.601789 0.231922
v -0.000000 0.546608 0.254515
v -0.179969 0.546608 0.179969
v -0.254515 0.546608 -0.000000
v -0.327987 0.601789 -0.000000
v -0.231922 0.601789 -0.231922
v -0.179969 0.546608 -0.179969
v -0.000000 0.546608 -0.254515
v -0.000000 0.601789 -0.327987
v 0.231922 0.601789 -0.231922
v 0.179969 0.546608 -0.179969
v 0.254515 0.546608 -0.000000
v 0.327987 0.601789 -0.000000
v 0.231922 0.601789 0.231922
v 0.179969 0.546608 0.179969
v -0.000000 0.546608 0.254515
v -0.000000 0.601789 0.327987
v -0.000000 -0.881832 -0.191736
v -0.110533 -0.965568 -0.110533
v -0.135578 -0.881832 -0.135578
v -0.000000 -0.965568 -0.156318
v 0.110533 -0.965568 -0.110533
v 0.135578 -0.881832 -0.135578
v -0.202485 -0.881832 -0.202486
v -0.231511 -0.830605 -0.231511
v -0.000000 -0.830605 -0.327406
v -0.000000 -0.881832 -0.286358
v 0.202485 -0.881832 -0.202486
v 0.231511 -0.830605 -0.231511
v -0.126807 0.901945 0.126806
v -0.067537 0.773945 0.067536
v -0.000000 0.901945 0.179331
v -0.000000 0.773945 0.095511
v 0.067537 0.773945 0.067536
v 0.126806 0.901945 0.126806
v -0.000000 0.901945 0.179331
v -0.000000 0.773945 0.095511
v -0.197230 0.799418 0.197230
v 0.197230 0.799418 0.197230
v -0.155414 0.644692 0.155414
v -0.000000 0.742073 0.261850
v 0.000000 0.923001 0.332305
v 0.155414 0.644692 0.155414
v -0.000000 0.742073 0.261850
v 0.000000 0.923001 0.332305
v 0.116887 -0.318966 -0.116887
v 0.133564 -0.198985 -0.133565
v 0.000000 -0.198985 -0.188889
v 0.000000 -0.318966 -0.165303
v -0.116887 -0.318966 -0.116887
v -0.133564 -0.198985 -0.133565
v 0.183545 0.051669 -0.386095
v 0.178845 0.389260 -0.417079
v 0.226816 0.436682 -0.386894
v 0.142010 0.088817 -0.417079
v -0.142010 0.088817 -0.417079
v -0.178845 0.389260 -0.417079
v -0.138237 0.350902 -0.404515
v -0.000000 0.337578 -0.417079
v -0.109766 0.118676 -0.404515
v -0.000000 0.028203 -0.417079
v -0.098198 0.313081 -0.378685
v -0.077973 0.148117 -0.378685
v -0.000000 0.310955 -0.404515
v -0.000000 0.284704 -0.378685
v 0.098198 0.313081 -0.378685
v 0.138237 0.350902 -0.404515
v 0.178845 0.389260 -0.417079
v -0.000000 0.071825 -0.404515
v -0.000000 0.114836 -0.378685
v 0.077973 0.148117 -0.378685
v 0.109766 0.118676 -0.404515
v 0.142010 0.088817 -0.417079
v -0.000000 0.284704 -0.378685
v 0.077973 0.148117 -0.378685
v -0.000000 0.114836 -0.378685
v 0.098198 0.313081 -0.378685
v -0.077973 0.148117 -0.378685
v -0.098198 0.313081 -0.378685
v -0.183545 0.051669 -0.386095
v -0.226816 0.436682 -0.386894
v -0.178845 0.389260 -0.417079
v -0.142010 0.088817 -0.417079
v -0.000000 -0.027219 -0.386095
v -0.000000 0.028203 -0.417079
v 0.142010 0.088817 -0.417079
v 0.183545 0.051669 -0.386095
v -0.000000 0.376916 -0.383658
v -0.000000 0.337578 -0.417079
v 0.178845 0.389260 -0.417079
v 0.226816 0.436682 -0.386894
v 0.109766 0.118676 -0.404515
v 0.098198 0.313081 -0.378685
v 0.138237 0.350902 -0.404515
v 0.077973 0.148117 -0.378685
v 0.142010 0.088817 -0.417079
v 0.178845 0.389260 -0.417079
v -0.322309 0.740065 -0.104724
v -0.338059 0.618947 -0.000000
v -0.425455 0.701451 -0.000000
v 0.322309 0.740065 -0.104724
v 0.338059 0.618947 -0.000000
v 0.425455 0.701451 -0.000000
v 0.104724 0.740065 -0.322309
v 0.000000 0.701451 -0.425455
v 0.000000 0.821183 -0.383613
v 0.000000 0.701451 -0.425455
v -0.104724 0.740065 -0.322309
v -0.214784 -0.091349 -0.214784
v -0.235676 -0.049399 -0.235676
v 0.000000 -0.049399 -0.333297
v 0.000000 -0.091349 -0.303751
v 0.214784 -0.091349 -0.214784
v 0.235676 -0.049399 -0.235676
v -0.126527 0.419369 -0.126527
v -0.142160 0.473683 -0.142161
v 0.000000 0.473683 -0.201045
v 0.000000 0.419369 -0.178936
v 0.126527 0.419369 -0.126527
v 0.142160 0.473683 -0.142161
v -0.153139 -0.091350 -0.153139
v -0.153139 -0.182426 -0.153139
v 0.000000 -0.182426 -0.216572
v 0.000000 -0.091350 -0.216572
v 0.153139 -0.182426 -0.153139
v 0.153139 -0.091350 -0.153139
v -0.160699 0.069827 -0.160699
v -0.232017 0.274707 -0.232017
v 0.000000 0.274707 -0.328121
v 0.000000 0.069827 -0.227263
v 0.160699 0.069827 -0.160699
v 0.232017 0.274707 -0.232017
v 0.228766 0.438544 0.286965
v 0.185162 0.050205 0.287812
v 0.182413 0.392630 0.268978
v 0.144843 0.086193 0.268978
v -0.160699 0.069827 -0.160699
v 0.000000 0.069827 -0.227263
v 0.000000 -0.049399 -0.333297
v 0.160699 0.069827 -0.160699
v -0.235676 -0.049399 -0.235676
v 0.235676 -0.049399 -0.235676
v 0.104724 0.740065 0.322309
v -0.104724 0.740065 0.322309
v 0.000000 0.758593 0.213366
v -0.000000 0.618946 0.338059
v 0.000000 0.758593 0.213366
v -0.000000 0.339918 0.268978
v -0.182413 0.392630 0.268978
v -0.000000 0.378292 0.290318
v 0.182413 0.392630 0.268978
v 0.228766 0.438544 0.286965
v -0.228766 0.438544 0.286965
v -0.185162 0.050205 0.287812
v -0.144843 0.086193 0.268978
v -0.185162 0.050205 0.287812
v -0.000000 -0.029386 0.287812
v -0.000000 0.024370 0.268978
v 0.144843 0.086193 0.268978
v 0.185162 0.050205 0.287812
v -0.000000 0.339918 0.268978
v -0.144843 0.086193 0.268978
v -0.182413 0.392630 0.268978
v -0.000000 0.024370 0.268978
v 0.144843 0.086193 0.268978
v 0.182413 0.392630 0.268978
v 0.183346 0.518512 -0.183346
v 0.206128 0.851393 -0.206128
v -0.000000 0.851393 -0.291510
v 0.000000 0.518512 -0.259290
v -0.183346 0.518512 -0.183346
v -0.206128 0.851393 -0.206128
v -0.241120 0.779198 -0.241120
v -0.231922 0.601789 -0.231922
v -0.000000 0.601789 -0.327987
v 0.000000 0.930283 -0.406253
v 0.241120 0.779198 -0.241120
v 0.231922 0.601789 -0.231922
v -0.082100 -0.318965 -0.082100
v -0.138917 -0.606982 -0.138917
v -0.231511 -0.830605 -0.231511
v -0.099907 -0.448376 -0.099907
v -0.000000 -0.830605 -0.327406
v 0.000000 -0.448376 -0.141290
v -0.000000 -0.318965 -0.116107
v 0.000000 -0.606982 -0.196458
v 0.082100 -0.318965 -0.082100
v 0.138917 -0.606982 -0.138917
v 0.231511 -0.830605 -0.231511
v 0.099907 -0.448376 -0.099907
v -0.462759 0.612959 -0.020631
v -0.462759 0.612959 0.020630
v -0.408727 0.515038 -0.020631
v -0.408727 0.515038 0.020630
v -0.399788 0.334937 -0.014498
v -0.399788 0.334937 0.014498
v -0.359020 0.226554 -0.014498
v -0.359020 0.226554 0.014498
v -0.437887 0.423597 -0.016666
v -0.422940 0.332473 0.016666
v -0.422940 0.332473 -0.016666
v -0.437887 0.423597 0.016666
v -0.408727 0.515038 0.020630
v -0.436562 0.419215 0.020630
v -0.408727 0.515038 -0.020631
v -0.436562 0.419215 -0.020631
v -0.739377 0.832145 -0.020631
v -0.878079 0.956024 0.020630
v -0.739377 0.832145 0.020630
v -0.878079 0.956024 -0.020630
v -0.989252 1.065080 0.020630
v -0.989252 1.065080 -0.020630
v -0.462759 0.612959 -0.020631
v -0.462759 0.612959 0.020630
v -0.760097 0.567220 -0.016666
v -1.020070 0.671381 0.016666
v -0.760097 0.567220 0.016666
v -1.020070 0.671381 -0.016666
v -0.437887 0.423597 -0.016666
v -0.437887 0.423597 0.016666
v -0.332839 0.165763 -0.012562
v -0.392450 0.223657 -0.012562
v -0.392450 0.223657 0.012562
v -0.332839 0.165763 0.012562
v -0.638287 0.355434 -0.014498
v -0.917231 0.380407 0.014498
v -0.638287 0.355434 0.014498
v -0.917231 0.380407 -0.014498
v -0.399788 0.334937 -0.014498
v -0.399788 0.334937 0.014498
v -0.553550 0.164025 -0.012562
v -0.742275 0.094930 0.012562
v -0.553550 0.164025 0.012562
v -0.742275 0.094930 -0.012562
v -0.392450 0.223657 -0.012562
v -0.392450 0.223657 0.012562
v -0.246173 0.183806 -0.000000
v -0.179972 0.063860 0.044623
v -0.179972 0.127607 -0.000000
v -0.293065 0.140622 0.044623
v -0.288855 0.230121 -0.000000
v -0.344854 0.199661 0.044623
v -0.397794 0.324069 0.039623
v -0.342301 0.335227 -0.000000
v -0.354821 0.453264 -0.000000
v -0.342301 0.335227 -0.000000
v -0.411028 0.459947 0.039623
v -0.374550 0.569374 -0.000000
v -0.421931 0.538407 0.039623
v -0.488204 0.677059 -0.000000
v -0.512105 0.661769 0.019861
v -0.607728 0.740566 -0.000000
v -0.436562 0.419215 0.020630
v -0.462759 0.612959 0.020630
v -0.658909 0.533565 0.020630
v -0.408727 0.515038 0.020630
v -0.739377 0.832145 0.020630
v -0.780670 0.608739 0.020630
v -0.886549 0.730500 0.020630
v -0.878079 0.956024 0.020630
v -0.920430 0.801439 0.020630
v -0.960665 0.922142 0.020630
v -0.989252 1.065080 0.020630
v -0.760097 0.567220 0.016666
v -0.869544 0.431151 0.016666
v -0.799536 0.400940 0.016666
v -0.899266 0.460758 0.016666
v -0.954376 0.545566 0.016666
v -1.020070 0.671381 0.016666
v -0.647462 0.357926 0.016666
v -0.437887 0.423597 0.016666
v -0.422940 0.332473 0.016666
v -0.470205 0.187389 0.014498
v -0.399788 0.334937 0.014498
v -0.638287 0.355434 0.014498
v -0.359020 0.226554 0.014498
v -0.628225 0.184837 0.014498
v -0.703964 0.193631 0.014498
v -0.740947 0.213438 0.014498
v -0.818125 0.278807 0.014498
v -0.917231 0.380407 0.014498
v -0.553550 0.164025 0.012562
v -0.576770 0.040447 0.012562
v -0.546704 0.038899 0.012562
v -0.646865 0.059281 0.012562
v -0.742275 0.094930 0.012562
v -0.494846 0.056352 0.012562
v -0.393041 0.106335 0.012562
v -0.392450 0.223657 0.012562
v -0.332839 0.165763 0.012562
v -0.293065 0.140622 0.044623
v -0.179972 0.000112 0.000000
v -0.179972 0.063860 0.044623
v -0.339957 0.097438 -0.000000
v -0.400853 0.169200 -0.000000
v -0.344854 0.199661 0.044623
v -0.397794 0.324069 0.039623
v -0.453287 0.312910 -0.000000
v -0.411028 0.459947 0.039623
v -0.467236 0.466630 -0.000000
v -0.421931 0.538407 0.039623
v -0.469312 0.507439 -0.000000
v -0.512105 0.661769 0.019861
v -0.536006 0.646479 -0.000000
v -0.607728 0.740566 -0.000000
v -0.818125 0.278807 0.014498
v -0.917231 0.380407 0.014498
v -0.818125 0.278807 -0.014498
v -0.917231 0.380407 -0.014498
v -1.020070 0.671381 -0.016666
v -0.954376 0.545566 -0.016666
v -1.020070 0.671381 0.016666
v -0.954376 0.545566 0.016666
v -0.899266 0.460758 -0.016666
v -0.899266 0.460758 0.016666
v -0.989252 1.065080 -0.020630
v -0.960665 0.922142 0.020630
v -0.989252 1.065080 0.020630
v -0.960665 0.922142 -0.020630
v -0.920430 0.801439 -0.020630
v -0.920430 0.801439 0.020630
v -0.886549 0.730500 -0.020630
v -0.886549 0.730500 0.020630
v -0.780670 0.608739 -0.020631
v -0.780670 0.608739 0.020630
v -0.494846 0.056352 -0.012562
v -0.393041 0.106334 -0.012562
v -0.494846 0.056352 0.012562
v -0.393041 0.106335 0.012562
v -0.332839 0.165763 -0.012562
v -0.332839 0.165763 0.012562
v -0.742275 0.094930 -0.012562
v -0.646865 0.059281 -0.012562
v -0.742275 0.094930 0.012562
v -0.646865 0.059281 0.012562
v -0.576771 0.040447 -0.012562
v -0.576770 0.040447 0.012562
v -0.546704 0.038899 -0.012562
v -0.546704 0.038899 0.012562
v -0.494846 0.056352 -0.012562
v -0.494846 0.056352 0.012562
v -0.818125 0.278807 0.014498
v -0.818125 0.278807 -0.014498
v -0.740947 0.213438 -0.014498
v -0.740947 0.213438 0.014498
v -0.703964 0.193631 -0.014498
v -0.703964 0.193631 0.014498
v -0.628225 0.184837 -0.014498
v -0.628225 0.184837 0.014498
v -0.628225 0.184837 -0.014498
v -0.470205 0.187389 -0.014498
v -0.470205 0.187389 0.014498
v -0.359020 0.226554 -0.014498
v -0.359020 0.226554 0.014498
v -0.899266 0.460758 -0.016666
v -0.899266 0.460758 0.016666
v -0.869544 0.431151 -0.016666
v -0.869544 0.431151 0.016666
v -0.799536 0.400940 -0.016666
v -0.799536 0.400940 0.016666
v -0.647462 0.357926 -0.016666
v -0.647462 0.357926 0.016666
v -0.422940 0.332473 -0.016666
v -0.422940 0.332473 0.016666
v -0.780670 0.608739 -0.020631
v -0.780670 0.608739 0.020630
v -0.658909 0.533565 -0.020631
v -0.658909 0.533565 0.020630
v -0.436562 0.419215 -0.020631
v -0.436562 0.419215 0.020630
v -0.288855 0.230121 -0.000000
v -0.293065 0.140622 -0.044623
v -0.344854 0.199661 -0.044623
v -0.397794 0.324069 -0.039623
v -0.342301 0.335227 -0.000000
v -0.246173 0.183806 -0.000000
v -0.179972 0.063860 -0.044623
v -0.179972 0.127607 -0.000000
v -0.354821 0.453264 -0.000000
v -0.342301 0.335227 -0.000000
v -0.411028 0.459947 -0.039623
v -0.374550 0.569374 -0.000000
v -0.421931 0.538407 -0.039623
v -0.488204 0.677059 -0.000000
v -0.512105 0.661769 -0.019861
v -0.607728 0.740566 -0.000000
v -0.658909 0.533565 -0.020631
v -0.462759 0.612959 -0.020631
v -0.436562 0.419215 -0.020631
v -0.408727 0.515038 -0.020631
v -0.739377 0.832145 -0.020631
v -0.780670 0.608739 -0.020631
v -0.886549 0.730500 -0.020630
v -0.878079 0.956024 -0.020630
v -0.920430 0.801439 -0.020630
v -0.960665 0.922142 -0.020630
v -0.989252 1.065080 -0.020630
v -0.760097 0.567220 -0.016666
v -0.954376 0.545566 -0.016666
v -1.020070 0.671381 -0.016666
v -0.899266 0.460758 -0.016666
v -0.869544 0.431151 -0.016666
v -0.799536 0.400940 -0.016666
v -0.647462 0.357926 -0.016666
v -0.437887 0.423597 -0.016666
v -0.422940 0.332473 -0.016666
v -0.638287 0.355434 -0.014498
v -0.470205 0.187389 -0.014498
v -0.628225 0.184837 -0.014498
v -0.703964 0.193631 -0.014498
v -0.740947 0.213438 -0.014498
v -0.818125 0.278807 -0.014498
v -0.917231 0.380407 -0.014498
v -0.399788 0.334937 -0.014498
v -0.359020 0.226554 -0.014498
v -0.646865 0.059281 -0.012562
v -0.553550 0.164025 -0.012562
v -0.576771 0.040447 -0.012562
v -0.742275 0.094930 -0.012562
v -0.546704 0.038899 -0.012562
v -0.494846 0.056352 -0.012562
v -0.393041 0.106334 -0.012562
v -0.392450 0.223657 -0.012562
v -0.332839 0.165763 -0.012562
v -0.293065 0.140622 -0.044623
v -0.179972 0.000112 0.000000
v -0.339957 0.097438 -0.000000
v -0.179972 0.063860 -0.044623
v -0.400853 0.169200 -0.000000
v -0.344854 0.199661 -0.044623
v -0.397794 0.324069 -0.039623
v -0.453287 0.312910 -0.000000
v -0.411028 0.459947 -0.039623
v -0.467236 0.466630 -0.000000
v -0.421931 0.538407 -0.039623
v -0.469312 0.507439 -0.000000
v -0.512105 0.661769 -0.019861
v -0.536006 0.646479 -0.000000
v -0.607728 0.740566 -0.000000
v 0.462759 0.612959 0.020630
v 0.462759 0.612959 -0.020631
v 0.408727 0.515038 0.020630
v 0.408727 0.515038 -0.020630
v 0.399788 0.334937 0.014498
v 0.399788 0.334937 -0.014498
v 0.359020 0.226554 0.014498
v 0.359020 0.226554 -0.014498
v 0.437887 0.423597 0.016666
v 0.422940 0.332473 -0.016666
v 0.422940 0.332473 0.016666
v 0.437887 0.423597 -0.016666
v 0.408727 0.515038 -0.020630
v 0.436562 0.419215 -0.020630
v 0.408727 0.515038 0.020630
v 0.436562 0.419215 0.020630
v 0.739377 0.832145 0.020630
v 0.878079 0.956024 -0.020631
v 0.739377 0.832145 -0.020631
v 0.878079 0.956024 0.020630
v 0.989252 1.065080 -0.020631
v 0.989252 1.065080 0.020630
v 0.462759 0.612959 0.020630
v 0.462759 0.612959 -0.020631
v 0.760097 0.567220 0.016666
v 1.020070 0.671381 -0.016666
v 0.760097 0.567220 -0.016666
v 1.020070 0.671381 0.016666
v 0.437887 0.423597 0.016666
v 0.437887 0.423597 -0.016666
v 0.332839 0.165763 0.012562
v 0.392450 0.223657 0.012562
v 0.392450 0.223657 -0.012562
v 0.332839 0.165763 -0.012562
v 0.638287 0.355434 0.014498
v 0.917231 0.380407 -0.014498
v 0.638287 0.355434 -0.014498
v 0.917231 0.380407 0.014498
v 0.399788 0.334937 0.014498
v 0.399788 0.334937 -0.014498
v 0.553550 0.164025 0.012562
v 0.742275 0.094930 -0.012562
v 0.553550 0.164025 -0.012562
v 0.742275 0.094930 0.012562
v 0.392450 0.223657 0.012562
v 0.392450 0.223657 -0.012562
v 0.246173 0.183806 -0.000000
v 0.179971 0.063860 -0.044623
v 0.179971 0.127607 -0.000000
v 0.293065 0.140622 -0.044623
v 0.288855 0.230121 -0.000000
v 0.344854 0.199661 -0.044623
v 0.397793 0.324069 -0.039623
v 0.342301 0.335227 -0.000000
v 0.354821 0.453264 -0.000000
v 0.342301 0.335227 -0.000000
v 0.411028 0.459947 -0.039623
v 0.374549 0.569374 -0.000000
v 0.421931 0.538407 -0.039623
v 0.488204 0.677059 -0.000000
v 0.512105 0.661769 -0.019861
v 0.607728 0.740566 -0.000000
v 0.436562 0.419215 -0.020630
v 0.462759 0.612959 -0.020631
v 0.658909 0.533565 -0.020631
v 0.408727 0.515038 -0.020630
v 0.739377 0.832145 -0.020631
v 0.780670 0.608739 -0.020631
v 0.886549 0.730500 -0.020631
v 0.878079 0.956024 -0.020631
v 0.920430 0.801439 -0.020631
v 0.960665 0.922142 -0.020631
v 0.989252 1.065080 -0.020631
v 0.760097 0.567220 -0.016666
v 0.869544 0.431151 -0.016666
v 0.799536 0.400940 -0.016666
v 0.899266 0.460758 -0.016666
v 0.954376 0.545566 -0.016666
v 1.020070 0.671381 -0.016666
v 0.647462 0.357926 -0.016666
v 0.437887 0.423597 -0.016666
v 0.422940 0.332473 -0.016666
v 0.470205 0.187389 -0.014498
v 0.399788 0.334937 -0.014498
v 0.638287 0.355434 -0.014498
v 0.359020 0.226554 -0.014498
v 0.628225 0.184837 -0.014498
v 0.703964 0.193631 -0.014498
v 0.740947 0.213438 -0.014498
v 0.818125 0.278807 -0.014498
v 0.917231 0.380407 -0.014498
v 0.553550 0.164025 -0.012562
v 0.576770 0.040447 -0.012562
v 0.546704 0.038899 -0.012562
v 0.646865 0.059281 -0.012562
v 0.742275 0.094930 -0.012562
v 0.494846 0.056352 -0.012562
v 0.393041 0.106335 -0.012562
v 0.392450 0.223657 -0.012562
v 0.332839 0.165763 -0.012562
v 0.293065 0.140622 -0.044623
v 0.179971 0.000112 -0.000000
v 0.179971 0.063860 -0.044623
v 0.339957 0.097438 -0.000000
v 0.400853 0.169200 -0.000000
v 0.344854 0.199661 -0.044623
v 0.397793 0.324069 -0.039623
v 0.453286 0.312910 -0.000000
v 0.411028 0.459947 -0.039623
v 0.467236 0.466630 -0.000000
v 0.421931 0.538407 -0.039623
v 0.469312 0.507439 -0.000000
v 0.512105 0.661769 -0.019861
v 0.536006 0.646479 -0.000000
v 0.607728 0.740566 -0.000000
v 0.818125 0.278807 -0.014498
v 0.917231 0.380407 -0.014498
v 0.818125 0.278807 0.014498
v 0.917231 0.380407 0.014498
v 1.020070 0.671381 0.016666
v 0.954376 0.545566 0.016666
v 1.020070 0.671381 -0.016666
v 0.954376 0.545566 -0.016666
v 0.899266 0.460758 0.016666
v 0.899266 0.460758 -0.016666
v 0.989252 1.065080 0.020630
v 0.960665 0.922142 -0.020631
v 0.989252 1.065080 -0.020631
v 0.960665 0.922142 0.020630
v 0.920430 0.801439 0.020630
v 0.920430 0.801439 -0.020631
v 0.886549 0.730500 0.020630
v 0.886549 0.730500 -0.020631
v 0.780670 0.608739 0.020630
v 0.780670 0.608739 -0.020631
v 0.494846 0.056352 0.012562
v 0.393041 0.106334 0.012562
v 0.494846 0.056352 -0.012562
v 0.393041 0.106335 -0.012562
v 0.332839 0.165763 0.012562
v 0.332839 0.165763 -0.012562
v 0.742275 0.094930 0.012562
v 0.646865 0.059281 0.012562
v 0.742275 0.094930 -0.012562
v 0.646865 0.059281 -0.012562
v 0.576770 0.040447 0.012562
v 0.576770 0.040447 -0.012562
v 0.546704 0.038899 0.012562
v 0.546704 0.038899 -0.012562
v 0.494846 0.056352 0.012562
v 0.494846 0.056352 -0.012562
v 0.818125 0.278807 -0.014498
v 0.818125 0.278807 0.014498
v 0.740947 0.213438 0.014498
v 0.740947 0.213438 -0.014498
v 0.703964 0.193631 0.014498
v 0.703964 0.193631 -0.014498
v 0.628225 0.184837 0.014498
v 0.628225 0.184837 -0.014498
v 0.628225 0.184837 0.014498
v 0.470205 0.187389 0.014498
v 0.470205 0.187389 -0.014498
v 0.359020 0.226554 0.014498
v 0.359020 0.226554 -0.014498
v 0.899266 0.460758 0.016666
v 0.899266 0.460758 -0.016666
v 0.869544 0.431151 0.016666
v 0.869544 0.431151 -0.016666
v 0.799536 0.400940 0.016666
v 0.799536 0.400940 -0.016666
v 0.647462 0.357926 0.016666
v 0.647462 0.357926 -0.016666
v 0.422940 0.332473 0.016666
v 0.422940 0.332473 -0.016666
v 0.780670 0.608739 0.020630
v 0.780670 0.608739 -0.020631
v 0.658909 0.533565 0.020630
v 0.658909 0.533565 -0.020631
v 0.436562 0.419215 0.020630
v 0.436562 0.419215 -0.020630
v 0.288855 0.230121 -0.000000
v 0.293065 0.140622 0.044623
v 0.344854 0.199661 0.044623
v 0.397793 0.324069 0.039623
v 0.342301 0.335227 -0.000000
v 0.246173 0.183806 -0.000000
v 0.179971 0.063860 0.044623
v 0.179971 0.127607 -0.000000
v 0.354821 0.453264 -0.000000
v 0.342301 0.335227 -0.000000
v 0.411028 0.459947 0.039623
v 0.374549 0.569374 -0.000000
v 0.421931 0.538407 0.039623
v 0.488204 0.677059 -0.000000
v 0.512105 0.661769 0.019861
v 0.607728 0.740566 -0.000000
v 0.658909 0.533565 0.020630
v 0.462759 0.612959 0.020630
v 0.436562 0.419215 0.020630
v 0.408727 0.515038 0.020630
v 0.739377 0.832145 0.020630
v 0.780670 0.608739 0.020630
v 0.886549 0.730500 0.020630
v 0.878079 0.956024 0.020630
v 0.920430 0.801439 0.020630
v 0.960665 0.922142 0.020630
v 0.989252 1.065080 0.020630
v 0.760097 0.567220 0.016666
v 0.954376 0.545566 0.016666
v 1.020070 0.671381 0.016666
v 0.899266 0.460758 0.016666
v 0.869544 0.431151 0.016666
v 0.799536 0.400940 0.016666
v 0.647462 0.357926 0.016666
v 0.437887 0.423597 0.016666
v 0.422940 0.332473 0.016666
v 0.638287 0.355434 0.014498
v 0.470205 0.187389 0.014498
v 0.628225 0.184837 0.014498
v 0.703964 0.193631 0.014498
v 0.740947 0.213438 0.014498
v 0.818125 0.278807 0.014498
v 0.917231 0.380407 0.014498
v 0.399788 0.334937 0.014498
v 0.359020 0.226554 0.014498
v 0.646865 0.059281 0.012562
v 0.553550 0.164025 0.012562
v 0.576770 0.040447 0.012562
v 0.742275 0.094930 0.012562
v 0.546704 0.038899 0.012562
v 0.494846 0.056352 0.012562
v 0.393041 0.106334 0.012562
v 0.392450 0.223657 0.012562
v 0.332839 0.165763 0.012562
v 0.293065 0.140622 0.044623
v 0.179971 0.000112 -0.000000
v 0.339957 0.097438 -0.000000
v 0.179971 0.063860 0.044623
v 0.400853 0.169200 -0.000000
v 0.344854 0.199661 0.044623
v 0.397793 0.324069 0.039623
v 0.453286 0.312910 -0.000000
v 0.411028 0.459947 0.039623
v 0.467236 0.466630 -0.000000
v 0.421931 0.538407 0.039623
v 0.469312 0.507439 -0.000000
v 0.512105 0.661769 0.019861
v 0.536006 0.646479 -0.000000
v 0.607728 0.740566 -0.000000
vn 0.9224 -0.3863 -0.0000
vn 0.5584 -0.6135 -0.5584
vn 0.6526 -0.3852 -0.6525
vn 0.7885 -0.6150 -0.0000
vn 0.5584 -0.6135 0.5584
vn 0.6526 -0.3852 0.6525
vn 0.7816 -0.6238 -0.0000
vn 0.5527 -0.6237 -0.5527
vn 0.7816 -0.6237 -0.0000
vn 0.5527 -0.6238 0.5527
vn 0.5527 -0.6237 0.5527
vn 0.5902 0.5508 -0.5901
vn 0.3950 0.8294 -0.3950
vn 0.8345 0.5511 -0.0000
vn 0.5602 0.8284 -0.0000
vn 0.3950 0.8294 0.3950
vn 0.5902 0.5508 0.5901
vn 0.6613 0.3542 0.6612
vn 0.9317 0.3632 -0.0000
vn 0.9318 0.3629 -0.0000
vn 0.6613 0.3542 -0.6612
vn 0.6613 0.3543 -0.6612
vn 0.9806 -0.1961 -0.0000
vn 0.6944 -0.1894 -0.6943
vn 0.6944 -0.1894 0.6943
vn 0.6943 -0.1894 0.6943
vn 0.4023 0.5681 -0.7179
vn 0.6532 -0.5194 -0.5509
vn 0.5826 -0.4251 -0.6928
vn 0.5345 0.5817 -0.6131
vn 0.6532 -0.5194 0.5509
vn 0.4023 0.5681 0.7179
vn 0.5825 -0.4251 0.6928
vn 0.5345 0.5817 0.6132
vn 0.6855 -0.1260 0.7171
vn 0.9658 -0.2591 -0.0000
vn 0.9439 0.3304 -0.0000
vn 0.9438 0.3304 -0.0000
vn 0.6856 -0.1261 -0.7170
vn -0.0000 -0.7266 0.6871
vn 0.7170 -0.1261 0.6855
vn -0.0001 -0.2592 0.9658
vn -0.0000 -0.7265 -0.6871
vn -0.0000 -0.2591 -0.9658
vn 0.7171 -0.1261 -0.6855
vn 0.8185 -0.5745 -0.0000
vn 0.5774 -0.5773 -0.5773
vn 0.8184 -0.5746 -0.0000
vn 0.5774 -0.5773 0.5773
vn 0.7708 -0.6371 -0.0000
vn 0.6870 0.2369 -0.6870
vn 0.5441 -0.6387 -0.5441
vn 0.9715 0.2370 -0.0000
vn 0.6869 0.2369 0.6870
vn 0.5441 -0.6387 0.5441
vn 0.7071 -0.0000 -0.7071
vn 1.0000 -0.0000 -0.0000
vn 0.7071 -0.0000 0.7071
vn 0.8975 -0.4410 -0.0000
vn 0.6353 -0.4392 -0.6352
vn 0.6353 -0.4392 -0.6353
vn 0.8975 -0.4409 -0.0000
vn 0.6353 -0.4392 0.6352
vn 0.6678 -0.5263 0.5264
vn 0.3930 0.5580 0.7309
vn 0.5594 -0.4019 0.7249
vn 0.5507 0.5980 0.5823
vn 0.3930 0.5580 -0.7309
vn 0.6678 -0.5263 -0.5263
vn 0.5595 -0.4018 -0.7249
vn 0.5508 0.5980 -0.5822
vn 0.7491 0.6624 -0.0000
vn 0.5291 0.6634 -0.5291
vn 0.7492 0.6624 -0.0000
vn 0.5291 0.6634 0.5291
vn 0.9754 0.2203 -0.0000
vn 0.6600 0.2043 0.7229
vn 0.7452 -0.6668 -0.0000
vn 0.7453 -0.6667 -0.0000
vn 0.6600 0.2043 -0.7229
vn 0.9955 -0.0948 -0.0000
vn 0.7039 -0.0949 -0.7039
vn 0.9955 -0.0949 -0.0000
vn 0.7039 -0.0949 0.7039
vn 0.6966 -0.1722 -0.6965
vn 0.9835 -0.1809 -0.0000
vn 0.9835 -0.1810 -0.0000
vn 0.6966 -0.1722 0.6965
vn 0.6966 -0.1721 0.6965
vn 0.6396 0.4264 -0.6396
vn 0.8644 0.5029 -0.0000
vn 0.6096 0.5067 -0.6096
vn 0.9052 0.4251 -0.0000
vn 0.6816 0.2664 -0.6815
vn 0.6943 0.1893 -0.6943
vn 0.9633 0.2684 -0.0000
vn 0.9821 0.1885 -0.0000
vn 0.6943 0.1894 0.6943
vn 0.6816 0.2664 0.6815
vn 0.6396 0.4264 0.6396
vn 0.6097 0.5067 0.6096
vn -0.0000 1.0000 -0.0000
vn -0.0000 0.7149 0.6992
vn -0.4947 0.7145 0.4947
vn -0.6992 0.7149 -0.0000
vn -0.4947 0.7145 -0.4947
vn -0.4947 0.7146 -0.4947
vn -0.0000 0.7149 -0.6992
vn 0.4947 0.7145 -0.4947
vn 0.4947 0.7146 -0.4947
vn 0.6992 0.7149 -0.0000
vn 0.4947 0.7145 0.4947
vn 0.2200 0.9504 0.2200
vn -0.0948 0.9955 -0.0000
vn 0.2200 0.9504 -0.2200
vn 0.2199 0.9504 0.2199
vn -0.0000 0.9955 -0.0948
vn 0.2199 0.9504 -0.2199
vn -0.0000 0.9955 0.0948
vn -0.0000 0.9955 0.0949
vn -0.2200 0.9504 -0.2200
vn -0.2199 0.9504 -0.2199
vn 0.0948 0.9955 -0.0000
vn -0.2199 0.9504 0.2199
vn -0.5602 0.8284 -0.0000
vn -0.0000 0.8284 -0.5602
vn -0.3950 0.8294 -0.3950
vn -0.0000 0.8284 0.5602
vn -0.3950 0.8294 0.3950
vn -0.0000 0.9563 -0.2924
vn -0.4024 0.5680 -0.7179
vn -0.5346 0.5817 -0.6131
vn -0.0000 0.8247 -0.5655
vn 0.4023 0.5680 -0.7180
vn 0.5345 0.5816 -0.6132
vn -0.4023 0.5680 0.7180
vn -0.0000 0.9563 0.2924
vn -0.5345 0.5816 0.6132
vn -0.0000 0.8248 0.5655
vn 0.4024 0.5680 0.7179
vn 0.5345 0.5817 0.6131
vn -0.6952 0.7188 -0.0000
vn -0.6870 0.2369 -0.6870
vn -0.0000 0.7189 -0.6951
vn -0.9715 0.2370 -0.0000
vn -0.6870 0.2369 0.6870
vn -0.0000 0.2369 0.9715
vn -0.0001 0.7189 0.6952
vn -0.0000 0.2369 -0.9715
vn 0.6952 0.7189 -0.0000
vn 0.6870 0.2369 0.6870
vn 0.4947 0.7146 0.4947
vn 0.0001 0.7189 0.6952
vn -0.9754 0.2203 -0.0000
vn -0.6600 0.2042 0.7229
vn -0.3468 0.9379 -0.0000
vn -0.6601 0.2042 -0.7229
vn -0.0000 0.2203 0.9754
vn 0.7229 0.2042 0.6600
vn -0.0000 0.9379 0.3468
vn -0.7229 0.2042 0.6601
vn 0.3468 0.9379 -0.0000
vn 0.6601 0.2042 0.7229
vn 0.6600 0.2042 -0.7229
vn -0.0000 0.2203 -0.9754
vn -0.0000 0.9379 -0.3468
vn 0.7229 0.2042 -0.6601
vn -0.7229 0.2042 -0.6600
vn -0.0000 0.9633 0.2685
vn -0.5508 0.5980 0.5823
vn -0.3929 0.5580 0.7309
vn -0.0000 0.7637 0.6456
vn 0.5508 0.5980 0.5823
vn -0.5508 0.5980 -0.5823
vn -0.0000 0.9633 -0.2685
vn -0.3930 0.5580 -0.7309
vn -0.0000 0.7637 -0.6456
vn 0.3929 0.5580 -0.7309
vn 0.5508 0.5980 -0.5823
vn -0.0000 -0.3863 0.9224
vn 0.6525 -0.3852 0.6526
vn -0.0000 -0.6151 0.7885
vn -0.5584 -0.6135 0.5584
vn -0.6525 -0.3852 0.6526
vn -0.0000 -0.6150 0.7885
vn -0.0000 -0.6237 0.7816
vn -0.5527 -0.6237 0.5527
vn -0.5527 -0.6238 0.5527
vn 0.5901 0.5508 0.5902
vn -0.0000 0.5511 0.8345
vn -0.5901 0.5508 0.5902
vn 0.6612 0.3542 0.6613
vn -0.0000 0.3629 0.9318
vn -0.0000 0.3632 0.9317
vn -0.6612 0.3542 0.6613
vn 0.6612 0.3543 0.6613
vn -0.0000 -0.1961 0.9806
vn 0.6943 -0.1894 0.6944
vn 0.6943 -0.1893 0.6944
vn 0.0001 -0.1961 0.9806
vn -0.6943 -0.1894 0.6943
vn -0.6943 -0.1894 0.6944
vn -0.0001 -0.1961 0.9806
vn 0.2126 0.3465 0.9136
vn 0.4108 -0.2764 0.8688
vn 0.1494 -0.1651 0.9749
vn 0.2128 0.1734 0.9616
vn 0.1418 -0.2364 0.9613
vn -0.0000 -0.4250 0.9052
vn 0.2923 0.2133 0.9322
vn -0.0000 0.2759 0.9612
vn 0.2201 -0.3852 0.8962
vn 0.4247 0.2910 0.8573
vn -0.0000 -0.5923 0.8057
vn -0.0000 -0.6992 0.7149
vn -0.2201 -0.3852 0.8962
vn -0.1418 -0.2364 0.9613
vn -0.1494 -0.1651 0.9749
vn -0.0000 0.3701 0.9290
vn -0.0000 0.5122 0.8589
vn -0.4247 0.2910 0.8573
vn -0.2923 0.2133 0.9322
vn -0.2128 0.1734 0.9616
vn -0.0000 -0.0000 1.0000
vn -0.5825 -0.4251 0.6928
vn -0.2126 0.3465 0.9136
vn -0.4107 -0.2764 0.8688
vn -0.0000 -0.7188 0.6952
vn -0.0000 -0.4877 0.8730
vn 0.4107 -0.2765 0.8688
vn -0.0000 0.8247 0.5656
vn -0.0000 0.6540 0.7565
vn 0.2127 0.3466 0.9136
vn 0.4024 0.5681 0.7179
vn -0.1419 -0.2364 0.9613
vn -0.6871 -0.7266 -0.0000
vn -0.6855 -0.1261 0.7170
vn -0.9659 -0.2591 -0.0000
vn 0.6871 -0.7265 -0.0000
vn 0.6855 -0.1261 0.7171
vn 0.7170 -0.1261 0.6856
vn -0.0000 0.3304 0.9438
vn -0.0000 -0.2591 0.9658
vn -0.0000 0.3304 0.9439
vn -0.7171 -0.1260 0.6855
vn -0.0000 -0.5745 0.8185
vn -0.5773 -0.5773 0.5774
vn 0.5773 -0.5773 0.5774
vn -0.0000 -0.6371 0.7708
vn -0.5441 -0.6387 0.5441
vn -0.6870 0.2369 0.6869
vn -0.0000 0.2370 0.9715
vn -0.7071 -0.0000 0.7071
vn -0.7071 0.0001 0.7071
vn -0.0001 -0.4409 0.8976
vn -0.6352 -0.4392 0.6353
vn -0.6353 -0.4392 0.6353
vn 0.0001 -0.4409 0.8976
vn 0.6352 -0.4392 0.6353
vn 0.6353 -0.4392 0.6353
vn 0.5595 -0.4018 0.7249
vn 0.1261 0.2443 0.9615
vn 0.2750 -0.1885 0.9428
vn -0.0000 0.6624 0.7491
vn -0.5291 0.6634 0.5291
vn -0.5291 0.6634 0.5292
vn -0.0000 0.6624 0.7492
vn -0.0000 -0.6667 0.7453
vn 0.7229 0.2043 0.6600
vn -0.0000 -0.6668 0.7452
vn -0.7229 0.2043 0.6600
vn -0.1261 0.2443 0.9615
vn -0.0000 0.4876 0.8731
vn 0.3929 0.5580 0.7309
vn -0.3930 0.5580 0.7309
vn -0.5595 -0.4018 0.7249
vn -0.2750 -0.1885 0.9428
vn -0.0000 -0.6789 0.7342
vn -0.2749 -0.1886 0.9428
vn -0.5594 -0.4018 0.7249
vn -0.0000 -0.3303 0.9439
vn 0.2750 -0.1886 0.9428
vn -0.0000 -0.0948 0.9955
vn -0.7039 -0.0949 0.7039
vn -0.0000 -0.1810 0.9835
vn -0.6965 -0.1722 0.6966
vn -0.6965 -0.1721 0.6966
vn 0.6965 -0.1722 0.6966
vn -0.0000 -0.1809 0.9835
vn -0.6943 0.1894 0.6943
vn -0.0000 0.2684 0.9633
vn -0.0000 0.1886 0.9821
vn -0.6815 0.2664 0.6816
vn -0.0000 0.4250 0.9052
vn -0.6396 0.4264 0.6396
vn -0.0001 0.5029 0.8644
vn -0.6096 0.5067 0.6097
vn 0.0001 0.5029 0.8644
vn 0.6096 0.5067 0.6096
vn -0.0000 0.4251 0.9052
vn 0.6815 0.2664 0.6816
vn -0.0000 0.2685 0.9633
vn 0.6943 0.1893 0.6943
vn -0.6526 -0.3852 -0.6525
vn -0.5584 -0.6135 -0.5584
vn -0.9224 -0.3863 -0.0000
vn -0.7885 -0.6150 -0.0000
vn -0.6526 -0.3852 0.6525
vn -0.5527 -0.6238 -0.5527
vn -0.7816 -0.6237 -0.0000
vn -0.5527 -0.6237 -0.5527
vn -0.5902 0.5508 0.5901
vn -0.8345 0.5511 -0.0000
vn -0.5902 0.5508 -0.5901
vn -0.9317 0.3632 -0.0000
vn -0.6613 0.3542 0.6612
vn -0.6613 0.3543 0.6612
vn -0.9318 0.3629 -0.0000
vn -0.6613 0.3542 -0.6612
vn -0.9806 -0.1961 -0.0000
vn -0.6944 -0.1894 -0.6943
vn -0.6944 -0.1894 0.6943
vn -0.6944 -0.1893 0.6943
vn -0.6532 -0.5194 -0.5509
vn -0.4023 0.5681 -0.7179
vn -0.5825 -0.4251 -0.6928
vn -0.5345 0.5817 -0.6132
vn -0.4023 0.5681 0.7179
vn -0.6532 -0.5194 0.5509
vn -0.5345 0.5817 0.6131
vn -0.6856 -0.1261 0.7170
vn -0.9438 0.3304 -0.0000
vn -0.9658 -0.2591 -0.0000
vn -0.9439 0.3304 -0.0000
vn -0.6855 -0.1260 -0.7171
vn -0.7171 -0.1261 0.6855
vn -0.0000 -0.7265 0.6871
vn -0.7170 -0.1261 -0.6855
vn -0.0000 -0.2591 -0.9659
vn -0.0000 -0.7266 -0.6871
vn -0.8185 -0.5746 -0.0000
vn -0.5774 -0.5773 0.5773
vn -0.8184 -0.5746 -0.0000
vn -0.5774 -0.5773 -0.5773
vn -0.7708 -0.6371 -0.0000
vn -0.5441 -0.6387 -0.5441
vn -1.0000 -0.0000 -0.0000
vn -0.7071 -0.0000 -0.7071
vn -0.8975 -0.4410 -0.0000
vn -0.6353 -0.4392 0.6352
vn -0.6353 -0.4392 -0.6353
vn -0.6353 -0.4392 -0.6352
vn -0.7491 0.6624 -0.0000
vn -0.5291 0.6634 -0.5291
vn -0.7492 0.6624 -0.0000
vn -0.7453 -0.6667 -0.0000
vn -0.6600 0.2043 0.7229
vn -0.7452 -0.6668 -0.0000
vn -0.6600 0.2043 -0.7229
vn -0.6678 -0.5263 0.5264
vn -0.5508 0.5980 0.5822
vn -0.6678 -0.5263 -0.5264
vn -0.5595 -0.4019 -0.7249
vn -0.5507 0.5980 -0.5823
vn -0.7039 -0.0949 -0.7039
vn -0.9955 -0.0948 -0.0000
vn -0.9955 -0.0949 -0.0000
vn -0.6966 -0.1722 -0.6965
vn -0.9835 -0.1809 -0.0000
vn -0.9835 -0.1810 -0.0000
vn -0.6966 -0.1722 0.6965
vn -0.6966 -0.1721 -0.6965
vn -0.6943 0.1893 0.6943
vn -0.9633 0.2684 -0.0000
vn -0.6816 0.2664 0.6815
vn -0.9821 0.1885 -0.0000
vn -0.6943 0.1894 -0.6943
vn -0.8644 0.5029 -0.0000
vn -0.6096 0.5067 0.6096
vn -0.9052 0.4251 -0.0000
vn -0.6396 0.4264 -0.6396
vn -0.6097 0.5067 -0.6096
vn -0.6816 0.2664 -0.6815
vn -0.0000 -0.6151 -0.7885
vn -0.0000 -1.0000 -0.0000
vn -0.7885 -0.6151 -0.0000
vn 0.7885 -0.6151 -0.0000
vn 0.5825 -0.4251 -0.6928
vn -0.0000 -0.8440 -0.5364
vn -0.0000 -0.7189 -0.6951
vn 0.6532 -0.5195 -0.5509
vn -0.6532 -0.5195 -0.5509
vn -0.0000 -0.8440 0.5364
vn -0.0000 -0.7189 0.6951
vn 0.6532 -0.5195 0.5509
vn -0.6532 -0.5195 0.5509
vn 0.5122 -0.8589 -0.0000
vn 0.3625 -0.8586 0.3625
vn 0.3624 -0.8586 0.3624
vn -0.0000 -0.8589 0.5122
vn 0.3624 -0.8586 -0.3624
vn 0.3625 -0.8586 -0.3625
vn -0.0000 -0.8589 -0.5122
vn -0.3625 -0.8586 -0.3625
vn -0.3624 -0.8586 -0.3624
vn -0.5122 -0.8589 -0.0000
vn -0.3624 -0.8586 0.3624
vn -0.3625 -0.8586 0.3625
vn -0.5594 -0.4019 0.7249
vn -0.6678 -0.5264 0.5263
vn -0.0000 -0.6790 0.7342
vn 0.6678 -0.5264 0.5263
vn -0.5595 -0.4018 -0.7249
vn -0.6678 -0.5264 -0.5263
vn -0.0000 -0.6790 -0.7342
vn 0.6678 -0.5264 -0.5263
vn -0.6063 -0.7952 -0.0000
vn -0.4313 -0.7925 0.4313
vn -0.0000 -0.7952 0.6063
vn -0.4313 -0.7925 -0.4313
vn -0.0000 -0.7952 -0.6063
vn -0.0000 -0.6371 -0.7708
vn 0.4313 -0.7925 -0.4313
vn 0.5441 -0.6388 -0.5440
vn 0.6063 -0.7952 -0.0000
vn 0.4313 -0.7925 0.4313
vn -0.0001 -0.8019 0.5975
vn -0.4238 -0.8005 0.4238
vn -0.5975 -0.8019 -0.0000
vn -0.4238 -0.8005 -0.4238
vn -0.0000 -0.8019 -0.5975
vn 0.4238 -0.8005 -0.4238
vn 0.5975 -0.8019 -0.0000
vn 0.4238 -0.8005 0.4238
vn 0.0001 -0.8019 0.5975
vn -0.0000 -0.3863 -0.9224
vn -0.6525 -0.3852 -0.6526
vn -0.0000 -0.6150 -0.7885
vn 0.6525 -0.3852 -0.6526
vn -0.0000 -0.6237 -0.7816
vn 0.5527 -0.6238 -0.5527
vn -0.0000 0.5511 -0.8345
vn 0.5901 0.5508 -0.5902
vn -0.5901 0.5508 -0.5902
vn 0.6612 0.3542 -0.6613
vn 0.0001 0.3632 -0.9317
vn -0.0001 0.3632 -0.9317
vn -0.6612 0.3542 -0.6613
vn -0.6612 0.3543 -0.6613
vn -0.0000 -0.1961 -0.9806
vn 0.6943 -0.1894 -0.6943
vn -0.6943 -0.1894 -0.6943
vn 0.2126 0.3465 -0.9136
vn 0.4024 0.5681 -0.7179
vn 0.4108 -0.2764 -0.8688
vn 0.2128 0.1734 -0.9616
vn 0.1494 -0.1651 -0.9749
vn 0.1418 -0.2364 -0.9613
vn -0.0000 -0.4250 -0.9052
vn 0.2923 0.2133 -0.9322
vn -0.0000 0.2759 -0.9612
vn 0.2201 -0.3852 -0.8962
vn 0.4247 0.2910 -0.8573
vn -0.0000 -0.5923 -0.8057
vn -0.0000 -0.6992 -0.7149
vn -0.2201 -0.3852 -0.8962
vn -0.1418 -0.2364 -0.9613
vn -0.1494 -0.1652 -0.9749
vn -0.0000 0.3702 -0.9289
vn -0.0000 0.5122 -0.8589
vn -0.4247 0.2910 -0.8573
vn -0.2923 0.2133 -0.9322
vn -0.2128 0.1734 -0.9616
vn -0.0000 -0.0000 -1.0000
vn -0.4024 0.5680 -0.7180
vn -0.2127 0.3466 -0.9136
vn -0.4107 -0.2765 -0.8688
vn -0.0000 -0.7188 -0.6952
vn -0.0000 -0.4877 -0.8730
vn 0.4107 -0.2765 -0.8688
vn -0.0000 0.8247 -0.5656
vn -0.0000 0.6540 -0.7565
vn 0.2127 0.3465 -0.9136
vn 0.4024 0.5680 -0.7180
vn -0.2924 0.2133 -0.9322
vn -0.1419 -0.2364 -0.9613
vn -0.4248 0.2910 -0.8573
vn -0.1494 -0.1650 -0.9749
vn -0.6855 -0.1261 -0.7171
vn -0.6871 -0.7265 -0.0000
vn 0.6855 -0.1261 -0.7170
vn 0.9659 -0.2591 -0.0000
vn 0.6871 -0.7266 -0.0000
vn 0.7171 -0.1260 -0.6855
vn -0.0000 0.3304 -0.9439
vn -0.0000 0.3304 -0.9438
vn -0.7170 -0.1261 -0.6856
vn -0.0000 -0.5745 -0.8185
vn -0.5773 -0.5773 -0.5774
vn -0.0000 -0.5746 -0.8184
vn 0.5773 -0.5773 -0.5774
vn -0.0000 0.2370 -0.9715
vn 0.6870 0.2369 -0.6869
vn -0.0000 -0.4410 -0.8975
vn -0.6352 -0.4392 -0.6353
vn 0.6352 -0.4392 -0.6353
vn 0.1261 0.2443 -0.9615
vn 0.2750 -0.1885 -0.9428
vn -0.0000 0.6624 -0.7492
vn -0.0000 0.6624 -0.7491
vn 0.7229 0.2043 -0.6600
vn -0.0000 -0.6668 -0.7452
vn -0.7229 0.2043 -0.6600
vn -0.0000 0.4876 -0.8731
vn -0.1261 0.2443 -0.9615
vn -0.3929 0.5580 -0.7309
vn -0.2750 -0.1885 -0.9428
vn -0.2749 -0.1886 -0.9428
vn -0.0000 -0.6789 -0.7342
vn -0.5594 -0.4019 -0.7249
vn -0.0000 -0.3303 -0.9439
vn 0.2749 -0.1886 -0.9428
vn 0.5594 -0.4018 -0.7249
vn -0.0000 -0.0949 -0.9955
vn -0.0000 -0.0948 -0.9955
vn -0.6965 -0.1722 -0.6966
vn -0.0000 -0.1809 -0.9835
vn -0.0000 -0.1810 -0.9835
vn 0.6965 -0.1722 -0.6966
vn 0.6965 -0.1721 -0.6966
vn -0.0000 0.5029 -0.8643
vn -0.6096 0.5067 -0.6096
vn -0.6943 0.1893 -0.6943
vn -0.0000 0.2684 -0.9633
vn -0.6815 0.2664 -0.6816
vn -0.0000 0.1885 -0.9821
vn -0.0000 0.4250 -0.9052
vn 0.6943 0.1894 -0.6943
vn 0.6096 0.5067 -0.6097
vn 0.6815 0.2664 -0.6816
vn 0.7817 0.6237 -0.0000
vn 0.8764 0.4817 -0.0000
vn 0.8764 0.4816 -0.0000
vn 0.9353 0.3537 -0.0000
vn 0.9354 0.3537 -0.0000
vn 0.9862 0.1657 -0.0000
vn 0.9612 -0.2758 -0.0000
vn 0.6456 0.7637 -0.0000
vn 0.6834 0.7301 -0.0000
vn 0.7816 0.6238 -0.0000
vn 0.3930 0.9195 -0.0000
vn 0.3701 0.9290 -0.0000
vn 0.4091 0.9125 -0.0000
vn 0.4090 0.9125 -0.0000
vn 0.0863 0.9963 -0.0000
vn 0.0870 0.9962 -0.0000
vn 0.0862 0.9963 -0.0000
vn -0.3471 0.9378 -0.0000
vn 0.3934 0.4485 0.8026
vn 0.3695 0.4953 0.7862
vn 0.4082 0.4239 0.8085
vn 0.4717 0.3302 0.8176
vn 0.4874 0.3066 0.8176
vn 0.5507 0.1653 0.8182
vn 0.5514 0.1576 0.8192
vn 0.5817 0.0786 0.8096
vn 0.5507 0.1652 0.8182
vn 0.5514 0.1575 0.8192
vn 0.5206 0.2367 0.8204
vn 0.5206 0.2366 0.8204
vn 0.3705 0.4651 0.8040
vn 0.3527 0.4860 0.7996
vn 0.2919 0.5522 0.7809
vn -0.3786 -0.4575 0.8046
vn -0.3308 -0.5198 0.7876
vn -0.4016 -0.4252 0.8111
vn -0.5049 -0.2682 0.8204
vn -0.4886 -0.2994 0.8195
vn -0.5593 -0.1260 0.8193
vn -0.5594 -0.1260 0.8193
vn -0.5875 -0.0627 0.8068
vn -0.5826 -0.0551 0.8109
vn -0.5671 -0.1418 0.8113
vn -0.5665 -0.1495 0.8104
vn -0.5038 -0.2755 0.8187
vn -0.4874 -0.3066 0.8176
vn -0.4569 -0.3466 0.8192
vn -0.6832 -0.7303 -0.0000
vn -0.7149 -0.6992 -0.0000
vn -0.8864 -0.4628 -0.0000
vn -0.8644 -0.5029 -0.0000
vn -0.8864 -0.4629 -0.0000
vn -0.8643 -0.5029 -0.0000
vn -0.7817 -0.6237 -0.0000
vn -0.9658 -0.2592 -0.0000
vn -0.9290 -0.3700 -0.0000
vn -0.9290 -0.3701 -0.0000
vn -0.8440 -0.5364 -0.0000
vn -0.6624 -0.7491 -0.0000
vn 0.3796 -0.9252 -0.0000
vn 0.5835 -0.8121 -0.0000
vn 0.7031 -0.7111 -0.0000
vn -0.3468 -0.9379 -0.0000
vn -0.3068 -0.9518 -0.0000
vn -0.3067 -0.9518 -0.0000
vn -0.1579 -0.9875 -0.0000
vn 0.1337 -0.9910 -0.0000
vn -0.5655 -0.8247 -0.0000
vn -0.3138 -0.9495 -0.0000
vn -0.0472 -0.9989 -0.0000
vn 0.1733 -0.9849 -0.0000
vn 0.3303 -0.9439 -0.0000
vn 0.3304 -0.9438 -0.0000
vn -0.5835 -0.8121 -0.0000
vn -0.3373 -0.9414 -0.0000
vn -0.1961 -0.9806 -0.0000
vn -0.1105 -0.9939 -0.0000
vn -0.6624 -0.7492 -0.0000
vn -0.4877 -0.8730 -0.0000
vn -0.4876 -0.8731 -0.0000
vn -0.4568 -0.8896 -0.0000
vn -0.4567 -0.8896 -0.0000
vn 0.4717 0.3302 -0.8176
vn 0.4082 0.4239 -0.8085
vn 0.4874 0.3066 -0.8176
vn 0.5507 0.1652 -0.8182
vn 0.5514 0.1576 -0.8192
vn 0.3934 0.4485 -0.8026
vn 0.3695 0.4953 -0.7862
vn 0.5817 0.0786 -0.8096
vn 0.5514 0.1575 -0.8192
vn 0.5206 0.2367 -0.8204
vn 0.5206 0.2366 -0.8204
vn 0.3705 0.4651 -0.8040
vn 0.3527 0.4860 -0.7996
vn 0.2919 0.5522 -0.7809
vn -0.3786 -0.4575 -0.8046
vn -0.3308 -0.5198 -0.7876
vn -0.4016 -0.4252 -0.8111
vn -0.5049 -0.2682 -0.8205
vn -0.4886 -0.2994 -0.8195
vn -0.5593 -0.1260 -0.8193
vn -0.5875 -0.0627 -0.8068
vn -0.5826 -0.0551 -0.8109
vn -0.5671 -0.1418 -0.8113
vn -0.5665 -0.1495 -0.8104
vn -0.5038 -0.2755 -0.8187
vn -0.4874 -0.3066 -0.8176
vn -0.4569 -0.3466 -0.8192
vn -0.7817 0.6237 -0.0000
vn -0.8764 0.4817 -0.0000
vn -0.8764 0.4816 -0.0000
vn -0.9353 0.3537 -0.0000
vn -0.9354 0.3537 -0.0000
vn -0.9862 0.1657 -0.0000
vn -0.9612 -0.2758 -0.0000
vn -0.6456 0.7637 -0.0000
vn -0.6834 0.7301 -0.0000
vn -0.7816 0.6238 -0.0000
vn -0.3930 0.9195 -0.0000
vn -0.3701 0.9290 -0.0000
vn -0.4091 0.9125 -0.0000
vn -0.4090 0.9125 -0.0000
vn -0.0863 0.9963 -0.0000
vn -0.0870 0.9962 -0.0000
vn -0.0862 0.9963 -0.0000
vn 0.3471 0.9378 -0.0000
vn -0.3934 0.4485 -0.8026
vn -0.3695 0.4953 -0.7862
vn -0.4082 0.4239 -0.8085
vn -0.4717 0.3302 -0.8176
vn -0.4874 0.3066 -0.8176
vn -0.5507 0.1653 -0.8182
vn -0.5514 0.1576 -0.8192
vn -0.5817 0.0786 -0.8096
vn -0.5507 0.1652 -0.8182
vn -0.5514 0.1575 -0.8192
vn -0.5206 0.2367 -0.8203
vn -0.5206 0.2366 -0.8204
vn -0.3705 0.4651 -0.8040
vn -0.3527 0.4860 -0.7996
vn -0.2919 0.5522 -0.7809
vn 0.3786 -0.4575 -0.8046
vn 0.3308 -0.5198 -0.7876
vn 0.4016 -0.4252 -0.8111
vn 0.5049 -0.2682 -0.8205
vn 0.4886 -0.2994 -0.8195
vn 0.5593 -0.1260 -0.8193
vn 0.5875 -0.0627 -0.8068
vn 0.5826 -0.0551 -0.8109
vn 0.5671 -0.1418 -0.8113
vn 0.5665 -0.1495 -0.8104
vn 0.5038 -0.2755 -0.8187
vn 0.4874 -0.3066 -0.8176
vn 0.4569 -0.3466 -0.8192
vn 0.6832 -0.7303 -0.0000
vn 0.7149 -0.6992 -0.0000
vn 0.8864 -0.4628 -0.0000
vn 0.8644 -0.5029 -0.0000
vn 0.8864 -0.4629 -0.0000
vn 0.8643 -0.5029 -0.0000
vn 0.7817 -0.6237 -0.0000
vn 0.9658 -0.2592 -0.0000
vn 0.9290 -0.3700 -0.0000
vn 0.9290 -0.3701 -0.0000
vn 0.8440 -0.5364 -0.0000
vn 0.6624 -0.7491 -0.0000
vn -0.3796 -0.9252 -0.0000
vn -0.7031 -0.7111 -0.0000
vn 0.3468 -0.9379 -0.0000
vn 0.3068 -0.9518 -0.0000
vn 0.1580 -0.9874 -0.0000
vn -0.1337 -0.9910 -0.0000
vn 0.5655 -0.8247 -0.0000
vn 0.3138 -0.9495 -0.0000
vn 0.0472 -0.9989 -0.0000
vn -0.1733 -0.9849 -0.0000
vn -0.3303 -0.9439 -0.0000
vn -0.3304 -0.9438 -0.0000
vn 0.3373 -0.9414 -0.0000
vn 0.1961 -0.9806 -0.0000
vn 0.1105 -0.9939 -0.0000
vn 0.6624 -0.7492 -0.0000
vn 0.4877 -0.8730 -0.0000
vn 0.4876 -0.8731 -0.0000
vn 0.4568 -0.8896 -0.0000
vn 0.4567 -0.8896 -0.0000
vn -0.4717 0.3302 0.8176
vn -0.4082 0.4239 0.8085
vn -0.4874 0.3066 0.8176
vn -0.5507 0.1652 0.8182
vn -0.5514 0.1576 0.8192
vn -0.3934 0.4485 0.8026
vn -0.3695 0.4953 0.7862
vn -0.3696 0.4953 0.7862
vn -0.5817 0.0786 0.8096
vn -0.5514 0.1575 0.8192
vn -0.5206 0.2367 0.8204
vn -0.5206 0.2367 0.8203
vn -0.3705 0.4651 0.8040
vn -0.3527 0.4860 0.7996
vn -0.2919 0.5522 0.7809
vn 0.3786 -0.4575 0.8046
vn 0.3308 -0.5198 0.7876
vn 0.4016 -0.4252 0.8111
vn 0.5049 -0.2682 0.8205
vn 0.4886 -0.2994 0.8195
vn 0.5593 -0.1260 0.8193
vn 0.5875 -0.0627 0.8068
vn 0.5826 -0.0551 0.8109
vn 0.5671 -0.1418 0.8113
vn 0.5665 -0.1495 0.8104
vn 0.5038 -0.2755 0.8187
vn 0.4874 -0.3066 0.8176
vn 0.4569 -0.3466 0.8192
vt 34.000000 -13.101800
vt 34.013802 -13.112300
vt 34.016899 -13.101800
vt 34.000000 -13.112300
vt 33.986198 -13.112300
vt 33.983101 -13.101800
vt 34.000000 -13.095400
vt 34.025299 -13.101800
vt 34.028900 -13.095400
vt 33.974701 -13.101800
vt 33.971100 -13.095400
vt 33.984100 -12.878800
vt 33.991600 -12.894800
vt 34.000000 -12.878800
vt 34.000000 -12.894800
vt 34.008400 -12.894800
vt 34.015900 -12.878800
vt 34.019402 -12.911000
vt 34.024700 -12.891600
vt 34.000000 -12.898800
vt 34.000000 -12.876200
vt 33.975300 -12.891600
vt 33.980598 -12.911000
vt 34.000000 -13.016400
vt 34.014599 -13.031400
vt 34.016701 -13.016400
vt 34.000000 -13.031400
vt 33.985401 -13.031400
vt 33.983299 -13.016400
vt 34.048401 -12.937000
vt 34.042099 -12.987900
vt 34.048302 -12.985100
vt 34.042099 -12.933300
vt 33.957901 -12.987900
vt 33.951599 -12.937000
vt 33.951698 -12.985100
vt 33.957901 -12.933300
vt 33.986900 -12.899100
vt 34.000000 -12.903900
vt 34.000000 -12.888900
vt 34.013100 -12.899100
vt 33.957699 -12.914200
vt 33.959702 -12.899100
vt 33.946800 -12.903900
vt 34.042301 -12.914200
vt 34.053200 -12.903900
vt 34.040298 -12.899100
vt 34.000000 -12.997800
vt 34.026798 -13.003000
vt 34.029499 -12.997800
vt 34.000000 -13.003000
vt 33.973202 -13.003000
vt 33.970501 -12.997800
vt 34.000000 -12.932400
vt 34.015800 -12.939200
vt 34.017799 -12.932400
vt 34.000000 -12.939200
vt 33.984200 -12.939200
vt 33.982201 -12.932400
vt 34.019100 -13.003000
vt 34.000000 -13.014400
vt 34.019100 -13.014400
vt 33.980900 -13.003000
vt 33.980900 -13.014400
vt 34.000000 -12.957200
vt 34.020100 -12.982800
vt 34.028999 -12.957200
vt 34.000000 -12.982800
vt 33.979900 -12.982800
vt 33.971001 -12.957200
vt 34.035900 -12.936800
vt 34.035999 -12.985300
vt 33.964100 -12.936800
vt 33.964001 -12.985300
vt 34.000000 -12.896800
vt 34.000000 -12.914200
vt 34.000000 -12.885200
vt 34.022900 -12.926800
vt 34.025799 -12.885200
vt 34.000000 -12.926800
vt 33.977100 -12.926800
vt 33.974201 -12.885200
vt 34.030102 -12.894200
vt 34.000000 -12.916400
vt 34.028999 -12.916400
vt 34.000000 -12.875300
vt 33.969898 -12.894200
vt 33.971001 -12.916400
vt 34.017399 -13.067400
vt 34.000000 -13.067400
vt 34.012501 -13.047600
vt 34.010300 -13.031400
vt 34.000000 -13.047600
vt 33.989700 -13.031400
vt 33.987499 -13.047600
vt 33.982601 -13.067400
vt 33.970001 -13.000000
vt 33.984100 -12.984100
vt 33.978802 -12.978800
vt 34.000000 -12.970000
vt 34.000000 -12.977600
vt 33.977600 -13.000000
vt 33.984100 -13.015900
vt 33.978802 -13.021200
vt 34.000000 -13.030000
vt 34.000000 -13.022400
vt 34.015900 -13.015900
vt 34.021198 -13.021200
vt 34.029999 -13.000000
vt 34.022400 -13.000000
vt 34.015900 -12.984100
vt 34.021198 -12.978800
vt 34.025799 -12.974200
vt 34.000000 -12.963600
vt 34.036400 -13.000000
vt 34.025799 -13.025800
vt 34.000000 -13.036400
vt 33.974201 -13.025800
vt 33.963600 -13.000000
vt 33.974201 -12.974200
vt 33.969898 -12.969900
vt 33.949200 -13.000000
vt 33.958500 -13.000000
vt 33.969898 -13.030100
vt 33.975300 -12.975300
vt 34.000000 -12.958500
vt 34.000000 -12.949200
vt 33.975300 -13.024700
vt 34.000000 -13.041500
vt 34.000000 -13.050800
vt 34.030102 -13.030100
vt 34.024700 -13.024700
vt 34.041500 -13.000000
vt 34.050800 -13.000000
vt 34.030102 -12.969900
vt 34.024700 -12.975300
vt 33.988098 -13.000000
vt 34.000000 -12.988100
vt 33.991600 -12.991600
vt 34.011902 -13.000000
vt 34.008400 -12.991600
vt 34.000000 -13.011900
vt 34.008400 -13.008400
vt 33.991600 -13.008400
vt 34.000000 -13.042100
vt 34.028400 -13.048400
vt 34.032700 -13.042100
vt 34.000000 -13.048000
vt 33.971600 -13.048400
vt 33.967300 -13.042100
vt 34.028400 -12.951600
vt 34.000000 -12.957900
vt 34.032700 -12.957900
vt 34.000000 -12.952000
vt 33.971600 -12.951600
vt 33.967300 -12.957900
vt 34.041000 -13.000000
vt 34.015800 -13.015800
vt 34.028999 -13.029000
vt 34.000000 -13.041000
vt 34.015800 -12.984200
vt 34.028999 -12.971000
vt 34.000000 -12.959000
vt 33.971001 -13.029000
vt 33.984200 -13.015800
vt 33.959000 -13.000000
vt 33.984200 -12.984200
vt 33.971001 -12.971000
vt 33.973301 -13.000000
vt 33.959702 -12.986900
vt 33.952000 -13.000000
vt 33.959702 -13.013100
vt 34.000000 -13.026700
vt 33.986900 -13.040300
vt 34.013100 -13.040300
vt 34.026699 -13.000000
vt 34.048000 -13.000000
vt 34.040298 -12.986900
vt 34.040298 -13.013100
vt 34.000000 -12.973300
vt 33.986900 -12.959700
vt 34.013100 -12.959700
vt 34.028599 -13.035900
vt 34.000000 -13.036300
vt 33.971401 -13.035900
vt 34.028599 -12.964100
vt 34.000000 -12.963700
vt 33.971401 -12.964100
vt 34.022400 -12.942900
vt 34.022900 -12.985100
vt 34.028400 -12.937000
vt 34.017700 -12.980500
vt 33.977600 -12.942900
vt 33.982300 -12.980500
vt 33.982700 -12.947700
vt 34.000000 -12.949400
vt 33.986301 -12.976700
vt 33.987701 -12.952400
vt 33.990299 -12.973100
vt 34.000000 -12.952700
vt 34.000000 -12.956000
vt 34.012299 -12.952400
vt 34.017300 -12.947700
vt 34.000000 -12.982600
vt 34.000000 -12.977200
vt 34.009701 -12.973100
vt 34.013699 -12.976700
vt 33.971600 -12.937000
vt 33.977100 -12.985100
vt 34.000000 -12.995000
vt 34.000000 -12.944500
vt 34.023102 -12.985300
vt 34.028599 -12.936800
vt 34.022800 -12.942500
vt 34.018101 -12.980800
vt 33.977200 -12.942500
vt 34.000000 -12.949100
vt 34.000000 -12.944300
vt 33.971401 -12.936800
vt 33.976898 -12.985300
vt 33.981899 -12.980800
vt 34.000000 -12.995200
vt 34.000000 -12.988500
vt 33.986198 -13.013800
vt 34.000000 -13.019500
vt 34.000000 -13.000000
vt 34.013802 -13.013800
vt 33.980499 -13.000000
vt 34.019501 -13.000000
vt 34.013802 -12.986200
vt 34.000000 -12.980500
vt 33.986198 -12.986200
vt 34.035801 -13.000000
vt 34.025299 -12.974700
vt 34.016899 -12.983100
vt 34.000000 -12.964200
vt 34.000000 -12.976000
vt 34.023998 -13.000000
vt 34.016899 -13.016900
vt 34.025299 -13.025300
vt 34.000000 -13.035800
vt 34.000000 -13.024000
vt 33.983101 -13.016900
vt 33.974701 -13.025300
vt 33.964199 -13.000000
vt 33.976002 -13.000000
vt 33.983101 -12.983100
vt 33.974701 -12.974700
vt 34.014599 -12.985400
vt 34.014500 -13.000000
vt 34.020699 -13.000000
vt 34.014599 -13.014600
vt 34.010300 -12.989700
vt 34.000000 -12.985500
vt 34.000000 -12.979300
vt 34.010300 -13.010300
vt 34.000000 -13.020700
vt 34.000000 -13.014500
vt 33.989700 -13.010300
vt 33.985401 -13.014600
vt 33.985500 -13.000000
vt 33.979301 -13.000000
vt 33.985401 -12.985400
vt 33.989700 -12.989700
vt 34.022900 -13.048300
vt 34.000000 -13.048300
vt 33.977100 -13.048300
vt 34.025700 -13.042100
vt 33.974300 -13.042100
vt 34.022900 -12.951700
vt 34.000000 -12.951700
vt 33.977100 -12.951700
vt 34.025700 -12.957900
vt 33.974300 -12.957900
vt 34.027100 -13.000000
vt 34.019100 -12.980900
vt 34.016701 -12.983300
vt 34.000000 -12.976400
vt 34.000000 -12.972900
vt 34.023602 -13.000000
vt 34.016701 -13.016700
vt 34.019100 -13.019100
vt 34.000000 -13.023600
vt 34.000000 -13.027100
vt 33.980900 -13.019100
vt 33.983299 -13.016700
vt 33.972900 -13.000000
vt 33.976398 -13.000000
vt 33.983299 -12.983300
vt 33.980900 -12.980900
vt 34.000000 -12.962000
vt 34.026798 -12.973200
vt 34.037998 -13.000000
vt 34.026798 -13.026800
vt 34.000000 -13.038000
vt 33.973202 -13.026800
vt 33.962002 -13.000000
vt 33.973202 -12.973200
vt 33.976898 -13.036000
vt 34.000000 -13.036000
vt 34.023102 -13.036000
vt 33.976898 -12.964000
vt 34.000000 -12.964000
vt 34.023102 -12.964000
vt 33.967602 -13.000000
vt 33.982201 -12.982200
vt 33.977100 -12.977100
vt 34.000000 -12.967600
vt 34.000000 -12.974900
vt 33.974899 -13.000000
vt 33.982201 -13.017800
vt 33.977100 -13.022900
vt 34.000000 -13.032400
vt 34.000000 -13.025100
vt 34.022900 -13.022900
vt 34.017799 -13.017800
vt 34.032398 -13.000000
vt 34.025101 -13.000000
vt 34.017799 -12.982200
vt 34.022900 -12.977100
vt 33.977501 -13.022500
vt 33.977501 -12.977500
vt 33.968201 -13.000000
vt 34.022499 -13.022500
vt 34.000000 -13.031800
vt 34.022499 -12.977500
vt 34.000000 -12.968200
vt 34.031799 -13.000000
vt 1.997420 -38.990002
vt 2.002580 -39.002201
vt 2.002580 -38.990002
vt 1.997420 -39.002201
vt 2.001810 -39.024700
vt 1.998190 -39.024700
vt 2.001810 -39.038300
vt 1.998190 -39.038300
vt 2.002080 -39.013599
vt 1.997920 -39.025002
vt 2.002080 -39.025002
vt 1.997920 -39.013599
vt 1.997420 -39.014198
vt 2.002580 -39.014198
vt 2.017420 -39.002602
vt 2.034760 -38.997398
vt 2.017420 -38.997398
vt 2.034760 -39.002602
vt 2.048650 -38.997398
vt 2.048650 -39.002602
vt 1.982840 -39.002602
vt 1.982840 -38.997398
vt 2.020010 -39.002102
vt 2.052510 -38.997898
vt 2.020010 -38.997898
vt 2.052510 -39.002102
vt 1.979730 -39.002102
vt 1.979730 -38.997898
vt 1.966600 -39.001598
vt 1.974050 -39.001598
vt 1.974050 -38.998402
vt 1.966600 -38.998402
vt 2.004780 -39.001801
vt 2.039650 -38.998199
vt 2.004780 -38.998199
vt 2.039650 -39.001801
vt 1.974970 -39.001801
vt 1.974970 -38.998199
vt 1.994190 -39.001598
vt 2.017780 -38.998402
vt 1.994190 -38.998402
vt 2.017780 -39.001598
vt 2.044230 -39.043598
vt 2.052510 -39.058601
vt 2.052510 -39.050598
vt 2.038370 -39.049000
vt 2.038900 -39.037800
vt 2.031900 -39.041599
vt 2.025280 -39.026100
vt 2.032210 -39.024700
vt 2.030650 -39.009899
vt 2.023620 -39.009102
vt 2.028180 -38.995399
vt 2.022260 -38.999298
vt 2.013980 -38.981899
vt 2.010990 -38.983898
vt 1.999040 -38.973999
vt 2.020430 -39.014198
vt 2.017160 -38.990002
vt 1.992640 -38.999901
vt 2.023910 -39.002201
vt 1.982580 -38.962601
vt 1.977420 -38.990501
vt 1.964180 -38.975300
vt 1.965240 -38.947102
vt 1.959950 -38.966400
vt 1.954920 -38.951302
vt 1.951350 -38.933399
vt 1.979990 -38.995701
vt 1.966310 -39.012699
vt 1.975060 -39.016499
vt 1.962590 -39.008999
vt 1.955710 -38.998402
vt 1.947490 -38.982700
vt 1.994070 -39.021801
vt 2.020270 -39.013599
vt 2.022130 -39.025002
vt 2.016230 -39.043201
vt 2.025030 -39.024700
vt 1.995220 -39.022099
vt 2.030120 -39.038300
vt 1.996470 -39.043499
vt 1.987010 -39.042400
vt 1.982380 -39.039902
vt 1.972740 -39.031700
vt 1.960350 -39.019001
vt 2.005810 -39.046101
vt 2.002910 -39.061501
vt 2.006660 -39.061699
vt 1.994140 -39.059200
vt 1.982220 -39.054699
vt 2.013150 -39.059502
vt 2.025870 -39.053299
vt 2.025950 -39.038601
vt 2.033400 -39.045898
vt 2.052510 -39.066601
vt 2.032510 -39.054401
vt 2.024900 -39.045399
vt 2.018340 -39.027500
vt 2.016600 -39.008202
vt 2.016340 -39.003101
vt 2.008000 -38.985802
vt 2.001810 -39.031700
vt 2.001810 -39.019001
vt 1.998190 -39.031700
vt 1.998190 -39.019001
vt 1.997920 -38.982700
vt 1.997920 -38.998402
vt 2.002080 -38.982700
vt 2.002080 -38.998402
vt 1.997920 -39.008999
vt 2.002080 -39.008999
vt 1.997420 -38.933399
vt 2.002580 -38.951302
vt 2.002580 -38.933399
vt 1.997420 -38.951302
vt 1.997420 -38.966400
vt 2.002580 -38.966400
vt 1.997420 -38.975300
vt 2.002580 -38.975300
vt 1.997420 -38.990501
vt 2.002580 -38.990501
vt 2.013150 -39.001598
vt 2.025870 -39.001598
vt 2.013150 -38.998402
vt 2.025870 -38.998402
vt 2.033400 -39.001598
vt 2.033400 -38.998402
vt 1.982220 -39.001598
vt 1.994140 -39.001598
vt 1.982220 -38.998402
vt 1.994140 -38.998402
vt 2.002910 -39.001598
vt 2.002910 -38.998402
vt 2.006660 -39.001598
vt 2.006660 -38.998402
vt 1.972740 -38.998199
vt 1.972740 -39.001801
vt 1.982380 -39.001801
vt 1.982380 -38.998199
vt 1.987010 -39.001801
vt 1.987010 -38.998199
vt 1.996470 -39.001801
vt 1.996470 -38.998199
vt 2.016230 -39.001801
vt 2.016230 -38.998199
vt 2.030120 -39.001801
vt 2.030120 -38.998199
vt 1.962590 -38.997898
vt 1.962590 -39.002102
vt 1.966310 -39.002102
vt 1.966310 -38.997898
vt 1.975060 -39.002102
vt 1.975060 -38.997898
vt 1.994070 -39.002102
vt 1.994070 -38.997898
vt 2.022130 -39.002102
vt 2.022130 -38.997898
vt 1.977420 -38.997398
vt 1.977420 -39.002602
vt 1.992640 -39.002602
vt 1.992640 -38.997398
vt 2.020430 -39.002602
vt 2.020430 -38.997398
vt 1.961100 -39.037800
vt 1.961630 -39.049000
vt 1.968100 -39.041599
vt 1.974720 -39.026100
vt 1.967790 -39.024700
vt 1.955770 -39.043598
vt 1.947490 -39.058601
vt 1.947490 -39.050598
vt 1.969350 -39.009899
vt 1.976380 -39.009102
vt 1.971820 -38.995399
vt 1.977740 -38.999298
vt 1.986020 -38.981899
vt 1.989010 -38.983898
vt 2.000960 -38.973999
vt 2.007360 -38.999901
vt 1.982840 -38.990002
vt 1.979570 -39.014198
vt 1.976090 -39.002201
vt 2.017420 -38.962601
vt 2.022580 -38.990501
vt 2.035820 -38.975300
vt 2.034760 -38.947102
vt 2.040050 -38.966400
vt 2.045080 -38.951302
vt 2.048650 -38.933399
vt 2.020010 -38.995701
vt 2.044290 -38.998402
vt 2.052510 -38.982700
vt 2.037410 -39.008999
vt 2.033690 -39.012699
vt 2.024940 -39.016499
vt 2.005930 -39.021801
vt 1.979730 -39.013599
vt 1.977870 -39.025002
vt 2.004780 -39.022099
vt 1.983770 -39.043201
vt 2.003530 -39.043499
vt 2.012990 -39.042400
vt 2.017620 -39.039902
vt 2.027260 -39.031700
vt 2.039650 -39.019001
vt 1.974970 -39.024700
vt 1.969880 -39.038300
vt 2.005860 -39.059200
vt 1.994190 -39.046101
vt 1.997090 -39.061501
vt 2.017780 -39.054699
vt 1.993340 -39.061699
vt 1.986850 -39.059502
vt 1.974130 -39.053299
vt 1.974050 -39.038601
vt 1.966600 -39.045898
vt 1.947490 -39.066601
vt 1.967490 -39.054401
vt 1.975100 -39.045399
vt 1.981660 -39.027500
vt 1.983400 -39.008202
vt 1.983660 -39.003101
vt 1.992000 -38.985802
vt 55.997398 -40.990002
vt 56.002602 -41.002201
vt 56.002602 -40.990002
vt 55.997398 -41.002201
vt 56.001801 -41.024700
vt 55.998199 -41.024700
vt 56.001801 -41.038300
vt 55.998199 -41.038300
vt 56.002102 -41.013599
vt 55.997898 -41.025002
vt 56.002102 -41.025002
vt 55.997898 -41.013599
vt 55.997398 -41.014198
vt 56.002602 -41.014198
vt 56.017399 -41.002602
vt 56.034801 -40.997398
vt 56.017399 -40.997398
vt 56.034801 -41.002602
vt 56.048698 -40.997398
vt 56.048698 -41.002602
vt 55.982800 -41.002602
vt 55.982800 -40.997398
vt 56.020000 -41.002102
vt 56.052502 -40.997898
vt 56.020000 -40.997898
vt 56.052502 -41.002102
vt 55.979698 -41.002102
vt 55.979698 -40.997898
vt 55.966599 -41.001598
vt 55.974098 -41.001598
vt 55.974098 -40.998402
vt 55.966599 -40.998402
vt 56.004799 -41.001801
vt 56.039600 -40.998199
vt 56.004799 -40.998199
vt 56.039600 -41.001801
vt 55.974998 -41.001801
vt 55.974998 -40.998199
vt 55.994202 -41.001598
vt 56.017799 -40.998402
vt 55.994202 -40.998402
vt 56.017799 -41.001598
vt 56.044201 -41.043598
vt 56.052502 -41.058601
vt 56.052502 -41.050598
vt 56.038399 -41.049000
vt 56.038898 -41.037800
vt 56.031898 -41.041599
vt 56.025299 -41.026100
vt 56.032200 -41.024700
vt 56.030701 -41.009899
vt 56.023602 -41.009102
vt 56.028198 -40.995399
vt 56.022301 -40.999298
vt 56.014000 -40.981899
vt 56.011002 -40.983898
vt 55.999001 -40.973999
vt 56.020401 -41.014198
vt 56.017200 -40.990002
vt 55.992599 -40.999901
vt 56.023899 -41.002201
vt 55.982601 -40.962601
vt 55.977402 -40.990501
vt 55.964199 -40.975300
vt 55.965199 -40.947102
vt 55.959900 -40.966400
vt 55.954899 -40.951302
vt 55.951302 -40.933399
vt 55.980000 -40.995701
vt 55.966301 -41.012699
vt 55.975101 -41.016499
vt 55.962601 -41.008999
vt 55.955700 -40.998402
vt 55.947498 -40.982700
vt 55.994099 -41.021801
vt 56.020302 -41.013599
vt 56.022099 -41.025002
vt 56.016201 -41.043201
vt 56.025002 -41.024700
vt 55.995201 -41.022099
vt 56.030102 -41.038300
vt 55.996498 -41.043499
vt 55.987000 -41.042400
vt 55.982399 -41.039902
vt 55.972698 -41.031700
vt 55.960400 -41.019001
vt 56.005798 -41.046101
vt 56.002899 -41.061501
vt 56.006699 -41.061699
vt 55.994099 -41.059200
vt 55.982201 -41.054699
vt 56.013100 -41.059502
vt 56.025902 -41.053299
vt 56.025902 -41.038601
vt 56.033401 -41.045898
vt 56.052502 -41.066601
vt 56.032501 -41.054401
vt 56.024899 -41.045399
vt 56.018299 -41.027500
vt 56.016602 -41.008202
vt 56.016300 -41.003101
vt 56.007999 -40.985802
vt 56.001801 -41.031700
vt 56.001801 -41.019001
vt 55.998199 -41.031700
vt 55.998199 -41.019001
vt 55.997898 -40.982700
vt 55.997898 -40.998402
vt 56.002102 -40.982700
vt 56.002102 -40.998402
vt 55.997898 -41.008999
vt 56.002102 -41.008999
vt 55.997398 -40.933399
vt 56.002602 -40.951302
vt 56.002602 -40.933399
vt 55.997398 -40.951302
vt 55.997398 -40.966400
vt 56.002602 -40.966400
vt 55.997398 -40.975300
vt 56.002602 -40.975300
vt 55.997398 -40.990501
vt 56.002602 -40.990501
vt 56.013100 -41.001598
vt 56.025902 -41.001598
vt 56.013100 -40.998402
vt 56.025902 -40.998402
vt 56.033401 -41.001598
vt 56.033401 -40.998402
vt 55.982201 -41.001598
vt 55.994099 -41.001598
vt 55.982201 -40.998402
vt 55.994099 -40.998402
vt 56.002899 -41.001598
vt 56.002899 -40.998402
vt 56.006699 -41.001598
vt 56.006699 -40.998402
vt 55.972698 -40.998199
vt 55.972698 -41.001801
vt 55.982399 -41.001801
vt 55.982399 -40.998199
vt 55.987000 -41.001801
vt 55.987000 -40.998199
vt 55.996498 -41.001801
vt 55.996498 -40.998199
vt 56.016201 -41.001801
vt 56.016201 -40.998199
vt 56.030102 -41.001801
vt 56.030102 -40.998199
vt 55.962601 -40.997898
vt 55.962601 -41.002102
vt 55.966301 -41.002102
vt 55.966301 -40.997898
vt 55.975101 -41.002102
vt 55.975101 -40.997898
vt 55.994099 -41.002102
vt 55.994099 -40.997898
vt 56.022099 -41.002102
vt 56.022099 -40.997898
vt 55.977402 -40.997398
vt 55.977402 -41.002602
vt 55.992599 -41.002602
vt 55.992599 -40.997398
vt 56.020401 -41.002602
vt 56.020401 -40.997398
vt 55.961102 -41.037800
vt 55.961601 -41.049000
vt 55.968102 -41.041599
vt 55.974701 -41.026100
vt 55.967800 -41.024700
vt 55.955799 -41.043598
vt 55.947498 -41.058601
vt 55.947498 -41.050598
vt 55.969299 -41.009899
vt 55.976398 -41.009102
vt 55.971802 -40.995399
vt 55.977699 -40.999298
vt 55.986000 -40.981899
vt 55.988998 -40.983898
vt 56.000999 -40.973999
vt 56.007401 -40.999901
vt 55.982800 -40.990002
vt 55.979599 -41.014198
vt 55.976101 -41.002201
vt 56.017399 -40.962601
vt 56.022598 -40.990501
vt 56.035801 -40.975300
vt 56.034801 -40.947102
vt 56.040100 -40.966400
vt 56.045101 -40.951302
vt 56.048698 -40.933399
vt 56.020000 -40.995701
vt 56.044300 -40.998402
vt 56.052502 -40.982700
vt 56.037399 -41.008999
vt 56.033699 -41.012699
vt 56.024899 -41.016499
vt 56.005901 -41.021801
vt 55.979698 -41.013599
vt 55.977901 -41.025002
vt 56.004799 -41.022099
vt 55.983799 -41.043201
vt 56.003502 -41.043499
vt 56.013000 -41.042400
vt 56.017601 -41.039902
vt 56.027302 -41.031700
vt 56.039600 -41.019001
vt 55.974998 -41.024700
vt 55.969898 -41.038300
vt 56.005901 -41.059200
vt 55.994202 -41.046101
vt 55.997101 -41.061501
vt 56.017799 -41.054699
vt 55.993301 -41.061699
vt 55.986900 -41.059502
vt 55.974098 -41.053299
vt 55.974098 -41.038601
vt 55.966599 -41.045898
vt 55.947498 -41.066601
vt 55.967499 -41.054401
vt 55.975101 -41.045399
vt 55.981701 -41.027500
vt 55.983398 -41.008202
vt 55.983700 -41.003101
vt 55.992001 -40.985802
s 1
usemtl Body1Mtl.001
f 3/1/1 1/2/2 2/3/3
f 1/2/2 3/1/1 4/4/4
f 3/1/1 5/5/5 4/4/4
f 6/6/6 5/5/5 3/1/1
f 9/7/7 7/8/8 8/9/8
f 7/8/8 9/7/7 10/1/9
f 9/7/7 11/10/10 10/1/9
f 9/7/7 12/11/11 11/10/10
f 13/12/12 14/13/13 15/14/14
f 15/14/14 14/13/13 16/15/15
f 17/16/16 15/14/14 16/15/15
f 15/14/14 17/16/16 18/17/17
f 20/18/18 19/19/18 21/20/19
f 19/19/18 22/21/20 21/20/19
f 23/22/21 21/20/19 22/21/20
f 21/20/19 23/22/21 24/23/22
f 25/24/23 26/25/24 27/26/24
f 26/25/24 25/24/23 28/27/23
f 25/24/23 29/28/25 28/27/23
f 25/24/23 30/29/26 29/28/25
f 32/30/27 33/31/28 31/32/29
f 33/31/28 32/30/27 34/33/30
f 37/34/31 36/35/32 35/36/33
f 36/35/32 37/34/31 38/37/34
f 39/38/35 40/39/36 41/40/37
f 41/40/38 42/39/36 43/41/39
f 45/42/40 44/43/41 46/44/42
f 48/45/43 49/46/44 47/47/45
f 52/48/46 50/49/47 51/50/47
f 50/49/47 52/48/46 53/51/48
f 52/48/46 54/52/49 53/51/48
f 52/48/46 55/53/49 54/52/49
f 58/54/50 56/55/51 57/56/52
f 56/55/51 58/54/50 59/57/53
f 58/54/50 60/58/54 59/57/53
f 58/54/50 61/59/55 60/58/54
f 63/60/56 64/61/57 62/62/56
f 63/60/56 65/51/57 64/61/57
f 66/63/58 64/61/57 65/51/57
f 64/61/57 66/63/58 67/64/58
f 70/65/59 68/66/60 69/67/61
f 68/66/60 70/65/59 71/68/62
f 70/65/59 72/69/63 71/68/62
f 70/65/59 73/70/63 72/69/63
f 76/31/64 75/71/65 74/72/66
f 75/71/65 76/31/64 77/33/67
f 78/73/68 80/34/69 79/74/70
f 81/37/71 80/34/69 78/73/68
f 84/48/72 83/50/73 82/66/73
f 82/66/73 85/68/74 84/48/72
f 86/69/75 84/48/72 85/68/74
f 84/48/72 86/69/75 87/53/75
f 90/75/76 88/38/77 91/76/78
f 91/76/79 89/41/80 92/75/76
f 93/77/81 94/78/82 95/79/82
f 94/78/82 93/77/81 96/80/83
f 93/77/81 97/81/84 96/80/83
f 98/82/84 97/81/84 93/77/81
f 99/83/85 101/84/86 100/85/85
f 99/83/85 102/86/87 101/84/86
f 103/87/88 101/84/86 102/86/87
f 101/84/86 103/87/88 104/88/89
f 106/89/90 108/7/91 107/9/92
f 110/90/93 108/7/91 106/89/90
f 109/91/94 110/90/93 106/89/90
f 105/92/95 111/93/96 109/91/94
f 111/93/96 110/90/93 109/91/94
f 111/93/96 105/92/95 112/27/97
f 113/94/98 111/93/96 112/27/97
f 114/95/99 110/90/93 111/93/96
f 111/93/96 113/94/98 114/95/99
f 115/96/100 108/7/91 110/90/93
f 110/90/93 114/95/99 115/96/100
f 108/7/91 115/96/100 116/11/101
f 117/97/102 118/98/102 119/99/102
f 118/98/102 120/100/102 119/99/102
f 120/100/102 118/98/102 121/101/102
f 118/98/102 117/97/102 122/102/102
f 117/97/102 123/103/102 122/102/102
f 117/97/102 124/104/102 123/103/102
f 125/105/102 123/103/102 124/104/102
f 123/103/102 125/105/102 126/106/102
f 127/107/102 126/106/102 125/105/102
f 125/105/102 128/108/102 127/107/102
f 129/109/102 127/107/102 128/108/102
f 127/107/102 129/109/102 130/110/102
f 129/109/102 131/111/102 130/110/102
f 129/109/102 132/112/102 131/111/102
f 133/100/102 131/111/102 132/112/102
f 131/111/102 133/100/102 134/101/102
f 135/100/103 136/112/104 137/113/104
f 137/113/104 138/114/103 135/100/103
f 139/115/105 137/113/104 136/112/104
f 139/115/105 136/112/104 140/109/105
f 140/109/105 141/116/106 139/115/105
f 141/116/106 140/109/105 142/108/107
f 143/105/108 141/116/106 142/108/107
f 141/116/106 143/105/108 144/117/108
f 143/105/108 145/118/109 144/117/108
f 145/118/109 143/105/108 146/104/110
f 147/97/111 145/118/109 146/104/110
f 145/118/109 147/97/111 148/119/111
f 149/120/112 148/119/111 147/97/111
f 149/120/112 147/97/111 150/99/112
f 150/99/112 151/114/103 149/120/112
f 151/114/103 150/99/112 152/100/103
f 153/121/113 154/122/114 155/123/114
f 156/124/115 155/123/114 154/122/114
f 153/121/113 155/123/114 157/125/116
f 158/126/117 153/121/113 157/125/116
f 153/121/113 158/126/117 159/127/117
f 155/123/114 156/124/115 160/128/118
f 156/124/115 161/129/119 160/128/118
f 161/129/119 156/124/115 162/130/120
f 163/131/121 161/129/119 162/130/120
f 161/129/119 163/131/121 164/132/122
f 163/131/121 165/133/123 164/132/122
f 163/131/121 166/134/123 165/133/123
f 167/135/124 165/133/123 166/134/123
f 165/133/123 167/135/124 168/136/124
f 169/126/117 168/136/124 167/135/124
f 167/135/124 170/127/117 169/126/117
f 171/137/125 172/138/126 173/139/127
f 171/137/125 174/140/15 172/138/126
f 172/138/126 174/140/15 175/141/13
f 176/142/128 174/140/15 171/137/125
f 174/140/15 176/142/128 177/143/16
f 176/142/128 171/137/125 178/144/129
f 181/145/130 179/146/131 180/147/132
f 179/146/131 181/145/130 182/148/133
f 181/145/130 183/149/134 182/148/133
f 183/149/134 181/145/130 184/150/135
f 185/151/136 187/152/137 186/153/138
f 187/152/137 185/151/136 188/154/139
f 189/155/140 187/152/137 188/154/139
f 187/152/137 189/155/140 190/156/141
f 191/157/142 192/158/143 193/159/107
f 194/160/144 193/159/107 192/158/143
f 192/158/143 191/157/142 195/110/145
f 191/157/142 196/161/146 195/110/145
f 191/157/142 197/162/104 196/161/146
f 196/161/146 197/162/104 198/101/147
f 197/162/104 199/163/148 198/101/147
f 200/106/149 194/160/144 192/158/143
f 200/106/149 201/164/109 194/160/144
f 201/164/109 200/106/149 202/165/51
f 201/164/109 202/165/51 203/166/150
f 203/166/150 202/165/51 204/102/53
f 205/167/151 203/166/150 204/102/53
f 203/166/150 205/167/151 206/168/152
f 207/101/147 206/168/152 205/167/151
f 206/168/152 207/101/147 208/163/153
f 209/169/154 210/170/155 211/171/156
f 211/171/156 212/172/157 213/169/154
f 214/173/158 215/174/159 216/148/160
f 216/148/160 217/175/161 218/173/158
f 219/176/76 220/177/162 221/178/163
f 220/177/162 222/176/76 223/179/164
f 224/180/165 225/154/166 226/181/167
f 225/154/166 227/180/165 228/182/168
f 231/145/169 230/147/170 232/183/171
f 232/183/171 229/184/172 231/145/169
f 233/185/65 231/145/169 229/184/172
f 231/145/169 233/185/65 234/150/173
f 236/153/174 237/152/175 238/186/176
f 235/187/177 238/186/176 237/152/175
f 237/152/175 239/188/178 235/187/177
f 239/188/178 237/152/175 240/156/179
f 243/1/180 241/2/5 242/3/181
f 241/2/5 243/1/180 244/4/182
f 245/5/183 247/1/180 246/6/184
f 247/1/180 245/5/183 248/4/185
f 251/7/186 250/11/187 249/10/188
f 251/7/186 249/10/188 252/1/186
f 255/7/186 253/8/11 254/9/11
f 253/8/11 255/7/186 256/1/186
f 258/12/189 257/13/16 259/14/190
f 259/14/190 257/13/16 260/15/128
f 261/16/129 259/14/190 260/15/128
f 259/14/190 261/16/129 262/17/191
f 263/22/192 264/20/193 265/21/194
f 266/19/195 265/21/194 264/20/193
f 264/20/193 263/22/192 267/23/196
f 268/18/195 266/19/195 264/20/193
f 271/24/197 269/25/198 270/26/199
f 269/25/198 271/24/197 272/27/200
f 275/24/197 274/29/201 273/28/202
f 275/24/197 273/28/202 276/27/203
f 277/189/204 278/190/33 279/191/32
f 278/190/33 277/189/204 280/192/205
f 281/193/206 282/194/207 283/195/208
f 283/195/208 284/196/209 281/193/206
f 282/194/207 285/197/210 283/195/208
f 286/138/211 285/197/210 282/194/207
f 283/195/208 285/197/210 287/198/212
f 285/197/210 288/199/213 287/198/212
f 287/198/212 289/200/214 283/195/208
f 284/196/209 283/195/208 289/200/214
f 289/200/214 287/198/212 290/201/215
f 290/201/215 291/202/216 289/200/214
f 292/203/217 289/200/214 291/202/216
f 289/200/214 292/203/217 284/196/209
f 293/189/218 284/196/209 292/203/217
f 294/204/219 288/199/213 285/197/210
f 285/197/210 286/138/211 294/204/219
f 288/199/213 294/204/219 295/205/220
f 294/204/219 296/206/221 295/205/220
f 296/206/221 294/204/219 297/207/222
f 286/138/211 297/207/222 294/204/219
f 297/207/222 286/138/211 298/192/223
f 299/201/224 300/206/224 301/202/224
f 300/206/224 299/201/224 302/205/224
f 299/201/224 303/199/224 302/205/224
f 299/201/224 304/198/224 303/199/224
f 305/208/136 306/209/225 307/193/226
f 306/209/225 308/194/227 307/193/226
f 309/210/228 308/194/227 306/209/225
f 308/194/227 309/210/228 310/138/229
f 309/210/228 311/192/230 310/138/229
f 311/192/230 309/210/228 312/190/33
f 307/193/226 313/211/231 305/208/136
f 313/211/231 307/193/226 314/196/232
f 314/196/232 315/189/233 313/211/231
f 316/191/234 313/211/231 315/189/233
f 317/202/216 318/207/222 319/203/235
f 318/207/222 317/202/216 320/206/221
f 321/192/223 319/203/235 318/207/222
f 319/203/235 321/192/223 322/189/218
f 324/42/236 323/43/237 325/44/238
f 327/45/239 328/46/36 326/47/240
f 329/41/241 330/40/242 331/39/243
f 330/40/244 332/38/245 333/39/243
f 334/48/246 335/53/247 336/52/247
f 334/48/246 336/52/247 337/51/246
f 340/48/246 338/49/248 339/50/248
f 338/49/248 340/48/246 341/51/246
f 344/54/249 343/59/250 342/58/251
f 344/54/249 342/58/251 345/57/252
f 348/54/249 346/55/151 347/56/55
f 346/55/151 348/54/249 349/57/252
f 352/51/224 350/63/253 351/64/254
f 352/51/224 351/64/254 353/61/224
f 354/60/58 356/61/224 355/62/58
f 354/60/58 357/51/224 356/61/224
f 360/65/255 359/70/256 358/69/257
f 360/65/255 358/69/257 361/68/255
f 364/65/258 362/66/259 363/67/260
f 362/66/259 364/65/258 365/68/258
f 366/212/261 367/213/65 368/214/262
f 366/212/261 368/214/262 369/215/263
f 373/48/264 370/69/265 372/53/266
f 370/69/265 373/48/264 374/68/267
f 376/48/267 375/50/75 371/66/75
f 371/66/75 377/68/267 376/48/267
f 379/75/158 380/76/268 378/41/269
f 380/76/270 382/75/158 381/38/271
f 383/216/272 384/217/273 385/218/172
f 386/214/262 385/218/172 384/217/273
f 385/218/172 386/214/262 387/213/274
f 385/218/172 388/219/275 383/216/272
f 389/220/276 383/216/272 388/219/275
f 383/216/272 389/220/276 390/221/277
f 392/222/278 390/221/279 391/220/280
f 390/221/279 392/222/278 393/223/281
f 394/215/282 393/223/281 392/222/278
f 392/222/278 395/212/66 394/215/282
f 396/217/224 397/221/224 398/223/224
f 397/221/224 396/217/224 399/216/224
f 396/217/224 398/223/224 400/215/224
f 396/217/224 400/215/224 401/214/224
f 404/77/283 402/78/84 403/79/84
f 402/78/84 404/77/283 405/80/283
f 407/82/284 406/81/284 408/77/283
f 408/77/283 406/81/284 409/80/283
f 412/84/285 410/87/286 411/88/287
f 410/87/286 412/84/285 413/86/285
f 414/83/288 416/84/289 415/85/288
f 414/83/288 417/86/285 416/84/289
f 418/94/290 419/93/291 420/27/292
f 419/93/291 418/94/290 421/95/293
f 421/95/293 422/90/294 419/93/291
f 422/90/294 421/95/293 423/96/295
f 423/96/295 424/7/296 422/90/294
f 424/7/296 423/96/295 425/11/297
f 428/89/100 430/7/298 429/9/299
f 431/90/300 430/7/298 428/89/100
f 427/91/301 431/90/300 428/89/100
f 432/93/302 431/90/300 427/91/301
f 426/92/303 432/93/302 427/91/301
f 432/93/302 426/92/303 433/27/292
f 435/6/304 434/5/305 436/1/306
f 436/1/306 434/5/305 437/4/307
f 438/2/183 436/1/306 437/4/307
f 436/1/306 438/2/183 439/3/308
f 440/10/309 441/7/310 442/11/311
f 441/7/310 440/10/309 443/1/310
f 444/8/187 441/7/310 443/1/310
f 441/7/310 444/8/187 445/9/187
f 447/12/312 446/13/129 448/14/313
f 448/14/313 446/13/129 449/15/125
f 450/16/127 448/14/313 449/15/125
f 448/14/313 450/16/127 451/17/314
f 454/20/315 452/22/316 453/23/317
f 452/22/316 454/20/315 455/21/318
f 456/19/319 455/21/318 454/20/315
f 457/18/319 456/19/319 454/20/315
f 460/24/320 459/29/321 458/28/321
f 460/24/320 458/28/321 461/27/320
f 462/25/322 460/24/320 461/27/320
f 460/24/320 462/25/322 463/26/323
f 466/34/324 465/35/325 464/36/326
f 465/35/325 466/34/324 467/37/327
f 468/30/328 470/31/329 469/32/225
f 471/33/330 470/31/329 468/30/328
f 472/41/331 473/40/332 474/39/333
f 473/40/334 475/38/335 476/39/333
f 477/47/336 478/45/337 479/46/243
f 480/43/338 482/44/339 481/42/340
f 485/48/341 484/49/342 483/50/342
f 484/49/342 485/48/341 486/51/343
f 485/48/341 487/52/344 486/51/343
f 485/48/341 488/53/344 487/52/344
f 492/54/345 489/58/143 490/57/145
f 491/55/146 492/54/345 490/57/145
f 492/54/345 493/59/346 489/58/143
f 492/54/345 491/55/146 494/56/250
f 495/60/253 496/51/347 497/61/347
f 498/63/348 497/61/347 496/51/347
f 495/60/253 497/61/347 499/62/253
f 497/61/347 498/63/348 500/64/348
f 501/65/349 502/66/350 503/67/257
f 502/66/350 501/65/349 504/68/349
f 501/65/349 505/69/351 504/68/349
f 501/65/349 506/70/352 505/69/351
f 509/48/353 507/69/354 508/53/354
f 507/69/354 509/48/353 510/68/355
f 511/66/265 510/68/355 509/48/353
f 509/48/353 512/50/265 511/66/265
f 514/75/154 515/76/356 513/41/357
f 515/76/358 517/75/154 516/38/359
f 518/73/275 520/34/360 519/74/280
f 520/34/360 518/73/275 521/37/361
f 524/31/362 522/71/176 523/72/363
f 522/71/176 524/31/362 525/33/364
f 527/82/365 526/81/365 528/77/366
f 528/77/366 526/81/365 529/80/367
f 530/78/284 528/77/366 529/80/367
f 528/77/366 530/78/284 531/79/284
f 532/87/368 533/84/369 534/86/370
f 535/83/371 534/86/370 533/84/369
f 533/84/369 532/87/368 536/88/372
f 535/83/371 533/84/369 537/85/371
f 538/92/373 540/93/374 539/91/375
f 540/93/374 538/92/373 541/27/376
f 542/94/377 540/93/374 541/27/376
f 543/89/295 545/7/378 544/9/379
f 539/91/375 546/90/380 543/89/295
f 546/90/380 545/7/378 543/89/295
f 540/93/374 546/90/380 539/91/375
f 547/96/381 545/7/378 546/90/380
f 545/7/378 547/96/381 548/11/382
f 549/95/383 546/90/380 540/93/374
f 546/90/380 549/95/383 547/96/381
f 540/93/374 542/94/377 549/95/383
f 550/224/305 551/225/384 552/226/385
f 551/225/384 553/227/2 554/226/385
f 555/228/386 550/224/305 556/226/385
f 553/227/2 557/229/387 558/226/385
f 557/229/387 559/230/5 560/226/385
f 559/230/5 561/231/182 562/226/385
f 563/232/183 555/228/386 564/226/385
f 565/231/182 563/232/183 566/226/385
f 567/233/385 568/234/385 569/235/385
f 570/236/385 569/235/385 568/234/385
f 569/235/385 570/236/385 571/237/385
f 567/233/385 569/235/385 572/238/385
f 573/239/385 567/233/385 572/238/385
f 567/233/385 573/239/385 574/240/385
f 573/239/385 575/241/385 574/240/385
f 575/241/385 573/239/385 576/242/385
f 577/243/385 575/241/385 576/242/385
f 575/241/385 577/243/385 578/244/385
f 579/245/385 578/244/385 577/243/385
f 579/245/385 577/243/385 580/246/385
f 581/247/385 579/245/385 580/246/385
f 579/245/385 581/247/385 582/248/385
f 583/236/385 582/248/385 581/247/385
f 581/247/385 584/237/385 583/236/385
f 585/249/385 586/250/385 587/251/385
f 586/250/385 588/252/385 587/251/385
f 586/250/385 585/249/385 589/253/385
f 590/254/385 589/253/385 585/249/385
f 590/254/385 585/249/385 591/255/385
f 588/252/385 586/250/385 592/256/385
f 593/257/385 588/252/385 592/256/385
f 593/257/385 592/256/385 594/258/385
f 595/259/385 593/257/385 594/258/385
f 593/257/385 595/259/385 596/260/385
f 597/261/385 596/260/385 595/259/385
f 596/260/385 597/261/385 598/262/385
f 599/263/385 598/262/385 597/261/385
f 599/263/385 597/261/385 600/264/385
f 601/254/385 599/263/385 600/264/385
f 599/263/385 601/254/385 602/255/385
f 605/265/388 606/145/389 604/266/390
f 603/267/326 604/266/390 606/145/389
f 606/145/389 605/265/388 607/268/391
f 606/145/389 608/269/392 603/267/326
f 612/152/393 611/270/33 610/271/394
f 610/271/394 609/272/225 612/152/393
f 611/270/33 612/152/393 613/273/395
f 614/274/396 612/152/393 609/272/225
f 615/275/397 616/276/398 617/277/399
f 618/278/400 617/277/399 616/276/398
f 616/276/398 619/279/400 618/278/400
f 615/275/397 617/277/399 620/280/397
f 621/281/401 615/275/397 620/280/397
f 615/275/397 621/281/401 622/282/402
f 623/283/403 622/282/402 621/281/401
f 622/282/402 623/283/403 624/284/403
f 625/285/404 624/284/403 623/283/403
f 625/285/404 623/283/403 626/286/405
f 626/286/405 627/287/406 625/285/404
f 626/286/405 628/288/406 627/287/406
f 629/289/407 627/287/406 628/288/406
f 627/287/406 629/289/407 630/290/408
f 631/278/400 630/290/408 629/289/407
f 630/290/408 631/278/400 632/279/400
f 633/291/385 634/276/385 635/292/385
f 634/276/385 633/291/385 636/279/385
f 637/293/385 635/292/385 634/276/385
f 637/293/385 634/276/385 638/275/385
f 639/282/385 637/293/385 638/275/385
f 637/293/385 639/282/385 640/294/385
f 641/295/385 640/294/385 639/282/385
f 641/295/385 639/282/385 642/284/385
f 643/285/385 641/295/385 642/284/385
f 641/295/385 643/285/385 644/296/385
f 643/285/385 645/297/385 644/296/385
f 643/285/385 646/287/385 645/297/385
f 647/290/385 645/297/385 646/287/385
f 645/297/385 647/290/385 648/298/385
f 647/290/385 649/291/385 648/298/385
f 649/291/385 647/290/385 650/279/385
f 652/145/400 653/299/409 651/269/410
f 653/299/409 652/145/400 654/300/411
f 652/145/400 655/301/66 654/300/411
f 652/145/400 656/268/412 655/301/66
f 658/302/413 659/152/403 657/274/414
f 659/152/403 658/302/413 660/303/415
f 661/304/70 659/152/403 660/303/415
f 659/152/403 661/304/70 662/273/416
f 663/305/417 664/306/250 665/307/418
f 664/306/250 666/308/419 665/307/418
f 666/308/419 664/306/250 667/309/249
f 664/306/250 663/305/417 668/310/345
f 669/311/346 668/310/345 663/305/417
f 669/311/346 663/305/417 670/312/420
f 671/313/421 669/311/346 670/312/420
f 669/311/346 671/313/421 672/314/422
f 673/315/423 672/314/422 671/313/421
f 672/314/422 673/315/423 674/316/424
f 675/317/425 674/316/424 673/315/423
f 674/316/424 675/317/425 676/318/50
f 675/317/425 677/319/55 676/318/50
f 675/317/425 678/320/426 677/319/55
f 679/308/419 677/319/55 678/320/426
f 677/319/55 679/308/419 680/309/249
f 681/321/385 682/322/385 683/323/385
f 682/322/385 681/321/385 684/324/385
f 684/324/385 681/321/385 685/325/385
f 686/326/385 682/322/385 684/324/385
f 682/322/385 686/326/385 687/327/385
f 686/326/385 684/324/385 688/328/385
f 689/163/427 690/168/428 691/327/427
f 691/327/427 690/168/428 692/322/428
f 690/168/428 693/323/429 692/322/428
f 693/323/429 690/168/428 694/166/429
f 694/166/429 695/164/430 693/323/429
f 693/323/429 695/164/430 696/321/430
f 695/164/430 697/325/431 696/321/430
f 697/325/431 695/164/430 698/160/431
f 699/159/432 697/325/431 698/160/431
f 700/324/432 697/325/431 699/159/432
f 699/159/432 701/328/433 700/324/432
f 701/328/433 699/159/432 702/157/433
f 702/157/433 703/162/434 701/328/433
f 701/328/433 703/162/434 704/326/434
f 703/162/434 705/327/435 704/326/434
f 705/327/435 703/162/434 706/163/435
f 707/1/436 708/2/305 709/3/437
f 708/2/305 707/1/436 710/4/438
f 707/1/436 711/5/2 710/4/438
f 712/6/439 711/5/2 707/1/436
f 715/7/440 713/8/311 714/9/311
f 713/8/311 715/7/440 716/1/440
f 715/7/440 717/10/441 716/1/440
f 715/7/440 718/11/8 717/10/441
f 721/14/442 720/16/13 719/17/443
f 720/16/13 721/14/442 722/15/126
f 724/12/444 723/13/127 725/14/442
f 725/14/442 723/13/127 726/15/126
f 729/18/445 727/19/445 730/20/446
f 727/19/445 731/21/446 730/20/446
f 733/20/447 728/22/448 732/23/449
f 728/22/448 733/20/447 734/21/447
f 737/24/450 736/29/451 735/28/451
f 737/24/450 735/28/451 738/27/450
f 739/25/452 737/24/450 738/27/450
f 737/24/450 739/25/452 740/26/452
f 741/209/388 742/193/453 743/208/454
f 742/193/453 741/209/388 744/194/455
f 745/192/456 746/189/457 747/203/458
f 748/196/459 747/203/458 746/189/457
f 745/192/456 747/203/458 749/207/460
f 750/138/461 745/192/456 749/207/460
f 749/207/460 747/203/458 751/202/462
f 749/207/460 751/202/462 752/206/463
f 753/200/464 751/202/462 747/203/458
f 747/203/458 748/196/459 753/200/464
f 751/202/462 753/200/464 754/201/465
f 753/200/464 755/198/466 754/201/465
f 753/200/464 756/195/467 755/198/466
f 756/195/467 753/200/464 748/196/459
f 748/196/459 757/193/468 756/195/467
f 758/204/469 749/207/460 752/206/463
f 749/207/460 758/204/469 750/138/461
f 752/206/463 759/205/470 758/204/469
f 760/199/471 758/204/469 759/205/470
f 758/204/469 760/199/471 761/197/472
f 761/197/472 750/138/461 758/204/469
f 750/138/461 761/197/472 762/194/473
f 763/201/474 764/199/474 765/205/474
f 764/199/474 763/201/474 766/198/474
f 763/201/474 765/205/474 767/206/474
f 763/201/474 767/206/474 768/202/474
f 769/190/326 770/191/475 771/189/476
f 769/190/326 771/189/476 772/192/477
f 773/210/478 769/190/326 772/192/477
f 772/192/477 774/138/479 773/210/478
f 775/194/480 773/210/478 774/138/479
f 773/210/478 775/194/480 776/209/388
f 777/211/481 771/189/476 770/191/475
f 771/189/476 777/211/481 778/196/482
f 779/193/483 778/196/482 777/211/481
f 777/211/481 780/208/484 779/193/483
f 781/197/485 782/198/466 783/195/486
f 782/198/466 781/197/485 784/199/487
f 783/195/486 785/194/473 781/197/485
f 785/194/473 783/195/486 786/193/488
f 787/47/489 788/45/490 789/46/333
f 790/43/491 792/44/492 791/42/493
f 793/38/494 794/39/44 795/40/495
f 795/40/496 796/39/44 797/41/497
f 800/48/498 798/49/499 799/50/499
f 798/49/499 800/48/498 801/51/500
f 800/48/498 802/52/501 801/51/500
f 800/48/498 803/53/501 802/52/501
f 806/54/422 804/55/143 805/56/346
f 804/55/143 806/54/422 807/57/502
f 806/54/422 808/58/503 807/57/502
f 806/54/422 809/59/52 808/58/503
f 810/60/348 812/61/474 811/62/348
f 810/60/348 813/51/474 812/61/474
f 813/51/474 814/64/56 812/61/474
f 813/51/474 815/63/56 814/64/56
f 818/65/504 816/66/505 817/67/351
f 816/66/505 818/65/504 819/68/504
f 818/65/504 820/69/61 819/68/504
f 818/65/504 821/70/506 820/69/61
f 822/219/68 823/220/70 824/216/507
f 823/220/70 825/221/508 824/216/507
f 826/66/354 827/68/509 828/48/510
f 829/69/73 828/48/510 827/68/509
f 828/48/510 830/50/354 826/66/354
f 828/48/510 829/69/73 831/53/73
f 834/75/165 832/38/511 835/76/512
f 835/76/512 833/41/513 836/75/165
f 837/217/514 838/214/515 839/218/177
f 839/218/177 840/216/507 837/217/514
f 840/216/507 839/218/177 841/219/68
f 842/213/516 839/218/177 838/214/515
f 838/214/515 843/212/413 842/213/516
f 843/212/413 838/214/515 844/215/517
f 844/215/518 846/222/519 845/212/520
f 846/222/519 844/215/518 847/223/521
f 848/221/522 846/222/519 847/223/521
f 846/222/519 848/221/522 849/220/523
f 850/217/474 851/215/474 852/214/474
f 851/215/474 850/217/474 853/223/474
f 850/217/474 854/221/474 853/223/474
f 850/217/474 855/216/474 854/221/474
f 857/82/82 856/81/82 858/77/524
f 858/77/524 856/81/82 859/80/525
f 860/78/365 858/77/524 859/80/525
f 858/77/524 860/78/365 861/79/365
f 862/83/526 864/84/527 863/85/526
f 862/83/526 865/86/528 864/84/527
f 866/87/529 864/84/527 865/86/528
f 864/84/527 866/87/529 867/88/530
f 869/89/381 872/7/531 870/9/532
f 868/92/533 873/93/534 871/91/535
f 873/93/534 868/92/533 874/27/536
f 871/91/535 875/90/537 869/89/381
f 873/93/534 875/90/537 871/91/535
f 875/90/537 872/7/531 869/89/381
f 876/94/538 873/93/534 874/27/536
f 877/96/90 872/7/531 875/90/537
f 872/7/531 877/96/90 878/11/539
f 879/95/540 875/90/537 873/93/534
f 875/90/537 879/95/540 877/96/90
f 873/93/534 876/94/538 879/95/540
usemtl Wing1Mtl.001
f 881/329/541 882/330/542 880/331/541
f 882/330/542 881/329/541 883/332/543
f 884/333/544 885/334/544 886/335/544
f 885/334/544 887/336/545 886/335/544
f 888/337/546 889/338/546 890/339/546
f 889/338/546 888/337/546 891/340/546
f 892/332/547 893/341/547 894/330/547
f 893/341/547 895/342/547 894/330/547
f 896/343/548 897/344/549 898/345/548
f 897/344/549 896/343/548 899/346/549
f 899/346/549 900/347/111 897/344/549
f 900/347/111 899/346/549 901/348/111
f 902/349/550 896/343/548 898/345/548
f 902/349/550 898/345/548 903/350/550
f 904/351/551 905/352/552 906/353/551
f 905/352/552 904/351/551 907/354/552
f 906/353/551 908/355/553 904/351/551
f 908/355/553 906/353/551 909/356/554
f 910/357/111 911/358/111 912/359/111
f 910/357/111 912/359/111 913/360/111
f 914/361/555 915/362/556 916/363/555
f 915/362/556 914/361/555 917/364/556
f 916/363/555 918/365/557 914/361/555
f 918/365/557 916/363/555 919/366/557
f 920/367/156 921/368/156 922/369/156
f 921/368/156 920/367/156 923/370/156
f 922/369/156 924/358/156 920/367/156
f 924/358/156 922/369/156 925/359/558
f 926/371/559 927/372/560 928/373/560
f 927/372/560 926/371/559 929/374/561
f 929/374/561 926/371/559 930/375/562
f 929/374/561 930/375/562 931/376/563
f 930/375/562 932/377/564 931/376/563
f 932/377/564 930/375/562 933/378/565
f 934/379/566 932/377/567 935/378/568
f 934/379/566 936/380/566 932/377/567
f 937/381/569 936/380/566 934/379/566
f 937/381/569 938/382/570 936/380/566
f 937/381/569 939/383/571 938/382/570
f 938/382/570 939/383/571 940/384/572
f 940/384/572 939/383/571 941/385/573
f 942/386/224 943/387/224 944/388/224
f 943/387/224 942/386/224 945/389/224
f 944/388/224 943/387/224 946/390/224
f 944/388/224 946/390/224 947/391/224
f 946/390/224 948/392/224 947/391/224
f 948/392/224 946/390/224 949/393/224
f 948/392/224 949/393/224 950/394/224
f 950/394/224 949/393/224 951/395/224
f 951/395/224 949/393/224 952/396/224
f 953/397/224 954/398/224 955/399/224
f 954/398/224 953/397/224 956/400/224
f 956/400/224 953/397/224 957/401/224
f 957/401/224 953/397/224 958/402/224
f 953/397/224 955/399/224 959/403/224
f 959/403/224 960/404/224 953/397/224
f 960/404/224 959/403/224 961/405/224
f 962/406/224 963/407/224 964/408/224
f 963/407/224 962/406/224 965/409/224
f 964/408/224 966/410/224 962/406/224
f 964/408/224 967/411/224 966/410/224
f 967/411/224 964/408/224 968/412/224
f 968/412/224 964/408/224 969/413/224
f 969/413/224 964/408/224 970/414/224
f 971/415/224 972/416/224 973/417/224
f 972/416/224 971/415/224 974/418/224
f 974/418/224 971/415/224 975/419/224
f 976/420/224 971/415/224 973/417/224
f 977/421/224 971/415/224 976/420/224
f 971/415/224 977/421/224 978/422/224
f 978/422/224 977/421/224 979/423/224
f 980/374/574 981/424/575 982/372/575
f 981/424/575 980/374/574 983/425/576
f 980/374/574 984/426/577 983/425/576
f 984/426/577 980/374/574 985/376/578
f 986/377/579 984/426/577 985/376/578
f 986/377/579 987/427/580 984/426/577
f 988/380/581 987/427/580 986/377/579
f 988/380/581 989/428/582 987/427/580
f 990/382/583 989/428/582 988/380/581
f 990/382/583 991/429/584 989/428/582
f 991/429/584 990/382/583 992/384/585
f 993/430/586 991/429/584 992/384/585
f 993/430/586 992/384/585 994/385/587
f 995/431/588 996/432/589 997/433/588
f 996/432/589 998/434/589 997/433/588
f 999/435/590 1000/436/591 1001/437/592
f 1001/437/592 1000/436/591 1002/438/593
f 1000/436/591 1003/439/594 1002/438/593
f 1002/438/593 1003/439/594 1004/440/594
f 1005/441/320 1006/442/595 1007/443/320
f 1006/442/595 1005/441/320 1008/444/333
f 1008/444/333 1009/445/596 1006/442/595
f 1006/442/595 1009/445/596 1010/446/597
f 1010/446/597 1009/445/596 1011/447/598
f 1010/446/597 1011/447/598 1012/448/598
f 1011/447/598 1013/449/599 1012/448/598
f 1012/448/598 1013/449/599 1014/450/599
f 1015/451/600 1016/452/601 1017/453/600
f 1018/454/601 1017/453/600 1016/452/601
f 1018/454/601 1016/452/601 1019/455/602
f 1020/456/602 1018/454/601 1019/455/602
f 1021/457/603 1022/458/604 1023/459/603
f 1024/460/605 1023/459/603 1022/458/604
f 1024/460/605 1022/458/604 1025/461/606
f 1026/462/606 1024/460/605 1025/461/606
f 1026/462/606 1025/461/606 1027/463/607
f 1028/464/607 1026/462/606 1027/463/607
f 1028/464/607 1027/463/607 1029/451/600
f 1030/453/600 1028/464/607 1029/451/600
f 1031/465/588 1032/466/588 1033/467/608
f 1034/468/608 1031/465/588 1033/467/608
f 1034/468/608 1033/467/608 1035/469/609
f 1036/470/609 1034/468/608 1035/469/609
f 1036/470/609 1035/469/609 1037/471/610
f 1038/472/610 1036/470/609 1037/471/610
f 1039/471/610 1040/473/611 1038/472/610
f 1041/474/611 1038/472/610 1040/473/611
f 1040/473/611 1042/475/612 1041/474/611
f 1043/476/613 1041/474/611 1042/475/612
f 1045/477/310 1044/478/310 1046/479/614
f 1046/479/614 1047/480/614 1045/477/310
f 1047/480/614 1046/479/614 1048/481/615
f 1049/482/615 1047/480/614 1048/481/615
f 1048/481/615 1050/483/616 1049/482/615
f 1051/484/616 1049/482/615 1050/483/616
f 1050/483/616 1052/485/617 1051/484/616
f 1053/486/617 1051/484/616 1052/485/617
f 1055/487/618 1054/488/618 1056/489/619
f 1057/490/620 1055/487/618 1056/489/619
f 1056/489/619 1058/491/621 1057/490/620
f 1059/492/622 1057/490/620 1058/491/621
f 1060/493/623 1061/494/624 1062/495/625
f 1063/496/626 1060/493/623 1062/495/625
f 1063/496/626 1064/497/627 1060/493/623
f 1061/494/624 1060/493/623 1065/498/628
f 1061/494/624 1065/498/628 1066/499/629
f 1065/498/628 1067/500/629 1066/499/629
f 1063/496/626 1068/501/630 1069/497/631
f 1068/501/630 1063/496/626 1070/502/630
f 1070/502/630 1071/503/632 1068/501/630
f 1071/503/632 1070/502/630 1072/504/633
f 1072/504/633 1073/505/634 1071/503/632
f 1073/505/634 1072/504/633 1074/506/635
f 1073/505/634 1074/506/635 1075/507/636
f 1076/508/474 1077/509/474 1078/510/474
f 1078/510/474 1077/509/474 1079/511/474
f 1077/509/474 1076/508/474 1080/512/474
f 1081/513/474 1080/512/474 1076/508/474
f 1080/512/474 1081/513/474 1082/514/474
f 1082/514/474 1083/515/474 1080/512/474
f 1083/515/474 1082/514/474 1084/516/474
f 1083/515/474 1084/516/474 1085/517/474
f 1085/517/474 1086/518/474 1083/515/474
f 1087/519/474 1088/520/474 1089/521/474
f 1087/519/474 1090/522/474 1088/520/474
f 1087/519/474 1091/523/474 1090/522/474
f 1091/523/474 1087/519/474 1092/524/474
f 1092/524/474 1087/519/474 1093/525/474
f 1093/525/474 1087/519/474 1094/526/474
f 1093/525/474 1094/526/474 1095/527/474
f 1096/528/474 1097/529/474 1098/530/474
f 1099/531/474 1096/528/474 1098/530/474
f 1096/528/474 1099/531/474 1100/532/474
f 1096/528/474 1100/532/474 1101/533/474
f 1101/533/474 1102/534/474 1096/528/474
f 1097/529/474 1096/528/474 1103/535/474
f 1097/529/474 1103/535/474 1104/536/474
f 1105/537/474 1106/538/474 1107/539/474
f 1108/540/474 1106/538/474 1105/537/474
f 1106/538/474 1109/541/474 1107/539/474
f 1106/538/474 1110/542/474 1109/541/474
f 1110/542/474 1106/538/474 1111/543/474
f 1111/543/474 1106/538/474 1112/544/474
f 1111/543/474 1112/544/474 1113/545/474
f 1114/494/637 1115/546/638 1116/547/639
f 1115/546/638 1114/494/637 1117/499/638
f 1118/548/640 1114/494/637 1116/547/639
f 1118/548/640 1119/495/641 1114/494/637
f 1118/548/640 1120/496/642 1119/495/641
f 1120/496/642 1118/548/640 1121/549/642
f 1121/549/642 1122/502/643 1120/496/642
f 1122/502/643 1121/549/642 1123/550/644
f 1123/550/644 1124/504/645 1122/502/643
f 1124/504/645 1123/550/644 1125/551/646
f 1125/551/646 1126/506/647 1124/504/645
f 1126/506/647 1125/551/646 1127/552/648
f 1126/506/647 1127/552/648 1128/507/649
f 1130/553/650 1131/554/651 1129/555/650
f 1131/554/651 1130/553/650 1132/556/652
f 1133/557/653 1134/558/653 1135/559/653
f 1134/558/653 1136/560/654 1135/559/653
f 1137/561/655 1138/562/655 1139/563/655
f 1138/562/655 1137/561/655 1140/564/655
f 1141/556/656 1142/565/656 1143/554/656
f 1142/565/656 1144/566/656 1143/554/656
f 1145/567/657 1146/568/658 1147/569/657
f 1146/568/658 1145/567/657 1148/570/658
f 1148/570/658 1149/571/105 1146/568/658
f 1149/571/105 1148/570/658 1150/572/105
f 1151/573/659 1145/567/657 1147/569/657
f 1151/573/659 1147/569/657 1152/574/659
f 1153/575/660 1154/576/661 1155/577/660
f 1154/576/661 1153/575/660 1156/578/661
f 1155/577/660 1157/579/662 1153/575/660
f 1157/579/662 1155/577/660 1158/580/663
f 1159/581/105 1160/582/105 1161/583/105
f 1159/581/105 1161/583/105 1162/584/105
f 1163/585/664 1164/586/665 1165/587/664
f 1164/586/665 1163/585/664 1166/588/665
f 1165/587/664 1167/589/666 1163/585/664
f 1167/589/666 1165/587/664 1168/590/666
f 1169/591/162 1170/592/162 1171/593/162
f 1170/592/162 1169/591/162 1172/594/162
f 1171/593/162 1173/582/162 1169/591/162
f 1173/582/162 1171/593/162 1174/583/667
f 1175/595/668 1176/596/669 1177/597/669
f 1176/596/669 1175/595/668 1178/598/670
f 1178/598/670 1175/595/668 1179/599/671
f 1178/598/670 1179/599/671 1180/600/672
f 1179/599/671 1181/601/673 1180/600/672
f 1181/601/673 1179/599/671 1182/602/674
f 1183/603/675 1181/601/676 1184/602/677
f 1183/603/675 1185/604/675 1181/601/676
f 1186/605/678 1185/604/675 1183/603/675
f 1186/605/678 1187/606/679 1185/604/675
f 1186/605/678 1188/607/680 1187/606/679
f 1187/606/679 1188/607/680 1189/608/681
f 1189/608/681 1188/607/680 1190/609/682
f 1191/610/474 1192/611/474 1193/612/474
f 1192/611/474 1191/610/474 1194/613/474
f 1193/612/474 1192/611/474 1195/614/474
f 1193/612/474 1195/614/474 1196/615/474
f 1195/614/474 1197/616/474 1196/615/474
f 1197/616/474 1195/614/474 1198/617/474
f 1197/616/474 1198/617/474 1199/618/474
f 1199/618/474 1198/617/474 1200/619/474
f 1200/619/474 1198/617/474 1201/620/474
f 1202/621/474 1203/622/474 1204/623/474
f 1203/622/474 1202/621/474 1205/624/474
f 1205/624/474 1202/621/474 1206/625/474
f 1206/625/474 1202/621/474 1207/626/474
f 1202/621/474 1204/623/474 1208/627/474
f 1208/627/474 1209/628/474 1202/621/474
f 1209/628/474 1208/627/474 1210/629/474
f 1211/630/474 1212/631/474 1213/632/474
f 1212/631/474 1211/630/474 1214/633/474
f 1213/632/474 1215/634/474 1211/630/474
f 1213/632/474 1216/635/474 1215/634/474
f 1216/635/474 1213/632/474 1217/636/474
f 1217/636/474 1213/632/474 1218/637/474
f 1218/637/474 1213/632/474 1219/638/474
f 1220/639/474 1221/640/474 1222/641/474
f 1221/640/474 1220/639/474 1223/642/474
f 1223/642/474 1220/639/474 1224/643/474
f 1225/644/474 1220/639/474 1222/641/474
f 1226/645/474 1220/639/474 1225/644/474
f 1220/639/474 1226/645/474 1227/646/474
f 1227/646/474 1226/645/474 1228/647/474
f 1229/598/683 1230/648/684 1231/596/684
f 1230/648/684 1229/598/683 1232/649/685
f 1229/598/683 1233/650/686 1232/649/685
f 1233/650/686 1229/598/683 1234/600/687
f 1235/601/688 1233/650/686 1234/600/687
f 1235/601/688 1236/651/688 1233/650/686
f 1237/604/689 1236/651/688 1235/601/688
f 1237/604/689 1238/652/690 1236/651/688
f 1239/606/691 1238/652/690 1237/604/689
f 1239/606/691 1240/653/692 1238/652/690
f 1240/653/692 1239/606/691 1241/608/693
f 1242/654/694 1240/653/692 1241/608/693
f 1242/654/694 1241/608/693 1243/609/695
f 1244/655/696 1245/656/697 1246/657/696
f 1245/656/697 1247/658/697 1246/657/696
f 1248/659/698 1249/660/699 1250/661/700
f 1250/661/700 1249/660/699 1251/662/701
f 1249/660/699 1252/663/702 1251/662/701
f 1251/662/701 1252/663/702 1253/664/702
f 1254/665/23 1255/666/703 1256/667/23
f 1255/666/703 1254/665/23 1257/668/36
f 1257/668/36 1258/669/704 1255/666/703
f 1255/666/703 1258/669/704 1259/670/705
f 1259/670/705 1258/669/704 1260/671/706
f 1259/670/705 1260/671/706 1261/672/706
f 1260/671/706 1262/673/707 1261/672/706
f 1261/672/706 1262/673/707 1263/674/707
f 1264/675/708 1265/676/614 1266/677/708
f 1267/678/614 1266/677/708 1265/676/614
f 1267/678/614 1265/676/614 1268/679/709
f 1269/680/709 1267/678/614 1268/679/709
f 1270/681/710 1271/682/711 1272/683/710
f 1273/684/711 1272/683/710 1271/682/711
f 1273/684/711 1271/682/711 1274/685/712
f 1275/686/712 1273/684/711 1274/685/712
f 1275/686/712 1274/685/712 1276/687/713
f 1277/688/713 1275/686/712 1276/687/713
f 1277/688/713 1276/687/713 1278/675/708
f 1279/677/708 1277/688/713 1278/675/708
f 1280/689/696 1281/690/696 1282/691/714
f 1283/692/714 1280/689/696 1282/691/714
f 1283/692/714 1282/691/714 1284/693/715
f 1285/694/715 1283/692/714 1284/693/715
f 1285/694/715 1284/693/715 1286/695/716
f 1287/696/716 1285/694/715 1286/695/716
f 1288/695/716 1289/697/717 1287/696/716
f 1290/698/717 1287/696/716 1289/697/717
f 1289/697/717 1291/699/718 1290/698/717
f 1292/700/719 1290/698/717 1291/699/718
f 1294/701/9 1293/702/9 1295/703/601
f 1295/703/601 1296/704/601 1294/701/9
f 1296/704/601 1295/703/601 1297/705/720
f 1298/706/720 1296/704/601 1297/705/720
f 1297/705/720 1299/707/721 1298/706/720
f 1300/708/721 1298/706/720 1299/707/721
f 1299/707/721 1301/709/722 1300/708/721
f 1302/710/722 1300/708/721 1301/709/722
f 1304/711/723 1303/712/723 1305/713/724
f 1306/714/725 1304/711/723 1305/713/724
f 1305/713/724 1307/715/726 1306/714/725
f 1308/716/727 1306/714/725 1307/715/726
f 1309/717/728 1310/718/729 1311/719/730
f 1312/720/731 1309/717/728 1311/719/730
f 1312/720/731 1313/721/732 1309/717/728
f 1310/718/729 1309/717/728 1314/722/733
f 1310/718/729 1314/722/733 1315/723/734
f 1314/722/733 1316/724/735 1315/723/734
f 1312/720/731 1317/725/736 1318/721/737
f 1317/725/736 1312/720/731 1319/726/736
f 1319/726/736 1320/727/738 1317/725/736
f 1320/727/738 1319/726/736 1321/728/739
f 1321/728/739 1322/729/740 1320/727/738
f 1322/729/740 1321/728/739 1323/730/741
f 1322/729/740 1323/730/741 1324/731/742
f 1325/732/224 1326/733/224 1327/734/224
f 1327/734/224 1326/733/224 1328/735/224
f 1326/733/224 1325/732/224 1329/736/224
f 1330/737/224 1329/736/224 1325/732/224
f 1329/736/224 1330/737/224 1331/738/224
f 1331/738/224 1332/739/224 1329/736/224
f 1332/739/224 1331/738/224 1333/740/224
f 1332/739/224 1333/740/224 1334/741/224
f 1334/741/224 1335/742/224 1332/739/224
f 1336/743/224 1337/744/224 1338/745/224
f 1336/743/224 1339/746/224 1337/744/224
f 1336/743/224 1340/747/224 1339/746/224
f 1340/747/224 1336/743/224 1341/748/224
f 1341/748/224 1336/743/224 1342/749/224
f 1342/749/224 1336/743/224 1343/750/224
f 1342/749/224 1343/750/224 1344/751/224
f 1345/752/224 1346/753/224 1347/754/224
f 1348/755/224 1345/752/224 1347/754/224
f 1345/752/224 1348/755/224 1349/756/224
f 1345/752/224 1349/756/224 1350/757/224
f 1350/757/224 1351/758/224 1345/752/224
f 1346/753/224 1345/752/224 1352/759/224
f 1346/753/224 1352/759/224 1353/760/224
f 1354/761/224 1355/762/224 1356/763/224
f 1357/764/224 1355/762/224 1354/761/224
f 1355/762/224 1358/765/224 1356/763/224
f 1355/762/224 1359/766/224 1358/765/224
f 1359/766/224 1355/762/224 1360/767/224
f 1360/767/224 1355/762/224 1361/768/224
f 1360/767/224 1361/768/224 1362/769/224
f 1363/718/743 1364/770/744 1365/771/745
f 1364/770/744 1363/718/743 1366/723/744
f 1367/772/746 1363/718/743 1365/771/745
f 1367/772/746 1368/719/747 1363/718/743
f 1367/772/746 1369/720/748 1368/719/747
f 1369/720/748 1367/772/746 1370/773/748
f 1370/773/748 1371/726/749 1369/720/748
f 1371/726/749 1370/773/748 1372/774/750
f 1372/774/750 1373/728/751 1371/726/749
f 1373/728/751 1372/774/750 1374/775/752
f 1374/775/752 1375/730/753 1373/728/751
f 1375/730/753 1374/775/752 1376/776/754
f 1375/730/753 1376/776/754 1377/731/755
