# This file is brought to you by Roblox Corporation
# Generated by Roblox Studio

mtllib slingshot.mtl

g Default31

v -0.023789 -0.69954 -0.090008 
v 0.124655 -0.69954 -0.090008 
v 0.14044 -0.69954 0.074221 
v 0.14044 -0.69954 -0.074222 
v 0.124655 -0.69954 0.090007 
v -0.023789 -0.69954 0.090007 
v -0.039574 -0.69954 0.074221 
v -0.039574 -0.69954 -0.074222 
v 0.355562 -0.67797 -0.023942 
v 0.144556 -0.67797 0.0239411 
v 0.144556 -0.67797 -0.023942 
v 0.355562 -0.67797 0.023943 
v 0.303652 -0.55388 -0.023942 
v 0.231062 -0.55388 0.0239411 
v 0.231062 -0.55388 -0.023942 
v 0.303652 -0.55388 0.023943 
v -0.031167 -0.68445 0.102 
v -0.051567 -0.68445 0.0816 
v -0.039574 -0.69954 0.074221 
v -0.023789 -0.69954 0.090007 
v -0.051567 -0.68445 -0.081601 
v -0.023789 -0.69954 -0.090008 
v -0.039574 -0.69954 -0.074222 
v -0.031167 -0.68445 -0.102 
v 0.14044 -0.69954 -0.074222 
v 0.124655 -0.69954 -0.090008 
v 0.132033 -0.68445 -0.102 
v 0.152433 -0.68445 -0.081601 
v 0.152433 -0.68445 0.0816 
v 0.132033 -0.68445 0.102 
v 0.124655 -0.69954 0.090007 
v 0.14044 -0.69954 0.074221 
v -0.276486 0.69954 -0.07816 
v -0.392648 0.69954 0.078158 
v -0.276486 0.69954 0.078158 
v -0.392648 0.69954 -0.07816 
v -0.439567 0.65262 -0.07816 
v -0.439567 0.65262 0.078158 
v -0.039574 -0.69954 -0.074222 
v -0.051567 -0.68445 0.0816 
v -0.051567 -0.68445 -0.081601 
v -0.039574 -0.69954 0.074221 
v 0.493512 0.69954 0.078158 
v 0.377352 0.69954 -0.07816 
v 0.377352 0.69954 0.078158 
v 0.493512 0.69954 -0.07816 
v 0.540432 0.65262 -0.07816 
v 0.540432 0.65262 0.078158 
v -0.031167 -0.68445 -0.102 
v 0.132033 -0.68445 -0.102 
v 0.124655 -0.69954 -0.090008 
v -0.023789 -0.69954 -0.090008 
v 0.132033 -0.68445 0.102 
v -0.031167 -0.68445 0.102 
v -0.023789 -0.69954 0.090007 
v 0.124655 -0.69954 0.090007 
v 0.14044 -0.69954 0.074221 
v 0.14044 -0.69954 -0.074222 
v 0.152433 -0.68445 -0.081601 
v 0.152433 -0.68445 0.0816 
v 0.316782 -0.4298 -0.023942 
v 0.231062 -0.4298 0.0239411 
v 0.231062 -0.4298 -0.023942 
v 0.316782 -0.4298 0.023943 
v -0.392648 0.69954 -0.07816 
v -0.417725 0.64357 -0.1 
v -0.439567 0.65262 -0.07816 
v -0.383601 0.6777 -0.1 
v -0.392648 0.69954 0.078158 
v -0.417725 0.64357 0.1 
v -0.383601 0.6777 0.1 
v -0.439567 0.65262 0.078158 
v 0.518592 0.64357 -0.1 
v 0.493512 0.69954 -0.07816 
v 0.540432 0.65262 -0.07816 
v 0.484472 0.6777 -0.1 
v 0.518592 0.64357 0.1 
v 0.493512 0.69954 0.078158 
v 0.484472 0.6777 0.1 
v 0.540432 0.65262 0.078158 
v -0.439567 0.65262 -0.07816 
v -0.439567 0.53646 -0.07816 
v -0.439567 0.53646 0.078158 
v -0.439567 0.65262 0.078158 
v -0.18576 0.65754 -0.042821 
v -0.247567 0.65754 -0.042875 
v -0.247567 0.65754 0.0428741 
v -0.18576 0.65754 0.042819 
v 0.286622 0.65754 -0.042821 
v 0.348432 0.65754 0.0428741 
v 0.348432 0.65754 -0.042875 
v 0.286622 0.65754 0.042819 
v -0.401678 0.20116 -0.055001 
v -0.401678 0.51116 0.055 
v -0.401678 0.51116 -0.055001 
v -0.401678 0.20116 0.055 
v 0.540432 0.65262 -0.07816 
v 0.540432 0.53646 0.078158 
v 0.540432 0.53646 -0.07816 
v 0.540432 0.65262 0.078158 
v -0.383601 0.6777 -0.1 
v -0.276486 0.69954 -0.07816 
v -0.285533 0.6777 -0.1 
v -0.392648 0.69954 -0.07816 
v 0.377352 0.69954 -0.07816 
v 0.484472 0.6777 -0.1 
v 0.386402 0.6777 -0.1 
v 0.493512 0.69954 -0.07816 
v -0.383601 0.6777 0.1 
v -0.285533 0.6777 0.1 
v -0.276486 0.69954 0.078158 
v -0.392648 0.69954 0.078158 
v 0.484472 0.6777 0.1 
v 0.377352 0.69954 0.078158 
v 0.386402 0.6777 0.1 
v 0.493512 0.69954 0.078158 
v 0.502542 0.20116 -0.055001 
v 0.502542 0.51116 0.055 
v 0.502542 0.20116 0.055 
v 0.502542 0.51116 -0.055001 
v -0.439567 0.53646 -0.07816 
v -0.417725 0.64357 -0.1 
v -0.417725 0.5455 -0.1 
v -0.439567 0.65262 -0.07816 
v -0.417725 0.5455 0.1 
v -0.439567 0.65262 0.078158 
v -0.439567 0.53646 0.078158 
v -0.417725 0.64357 0.1 
v 0.518592 0.64357 -0.1 
v 0.540432 0.53646 -0.07816 
v 0.518592 0.5455 -0.1 
v 0.540432 0.65262 -0.07816 
v 0.540432 0.53646 0.078158 
v 0.540432 0.65262 0.078158 
v 0.518592 0.5455 0.1 
v 0.518592 0.64357 0.1 
v -0.18576 0.64036 -0.06 
v -0.247567 0.64041 -0.06 
v -0.247567 0.65754 -0.042875 
v -0.18576 0.65754 -0.042821 
v 0.286622 0.64036 -0.06 
v 0.348432 0.65754 -0.042875 
v 0.348432 0.64041 -0.06 
v 0.286622 0.65754 -0.042821 
v -0.247567 0.65754 0.0428741 
v -0.18576 0.64036 0.06 
v -0.18576 0.65754 0.042819 
v -0.247567 0.64041 0.06 
v 0.348432 0.65754 0.0428741 
v 0.286622 0.64036 0.06 
v 0.348432 0.64041 0.06 
v 0.286622 0.65754 0.042819 
v -0.386678 0.20756 -0.07 
v -0.401678 0.51116 -0.055001 
v -0.386678 0.51116 -0.07 
v -0.401678 0.20116 -0.055001 
v -0.401678 0.51116 0.055 
v -0.401678 0.20116 0.055 
v -0.386678 0.20756 0.0699991 
v -0.386678 0.51116 0.0699991 
v 0.502542 0.51116 -0.055001 
v 0.502542 0.20116 -0.055001 
v 0.487542 0.20756 -0.07 
v 0.487542 0.51116 -0.07 
v 0.502542 0.51116 0.055 
v 0.487542 0.20756 0.0699991 
v 0.502542 0.20116 0.055 
v 0.487542 0.51116 0.0699991 
v -0.247567 0.64041 -0.06 
v -0.247567 0.54866 0.06 
v -0.247567 0.64041 0.06 
v -0.247567 0.65754 -0.042875 
v -0.247567 0.65754 0.0428741 
v -0.247567 0.54866 -0.06 
v -0.247567 0.53154 -0.042875 
v -0.247567 0.53154 0.0428741 
v 0.355562 -0.67797 -0.023942 
v 0.355562 -0.61593 -0.023942 
v 0.355562 -0.61593 0.023943 
v 0.355562 -0.67797 0.023943 
v 0.348432 0.53154 -0.042875 
v 0.348432 0.54866 0.06 
v 0.348432 0.53154 0.0428741 
v 0.348432 0.54866 -0.06 
v 0.348432 0.64041 0.06 
v 0.348432 0.64041 -0.06 
v 0.348432 0.65754 -0.042875 
v 0.348432 0.65754 0.0428741 
v -0.023762 -0.10394 -0.074195 
v 0.124628 -0.10394 -0.074195 
v 0.124628 -0.10394 1.49012e-08 
v -0.023762 -0.10394 1.49012e-08 
v -0.023762 -0.10394 0.074195 
v 0.124628 -0.10394 0.074195 
v -0.161678 -0.0288401 -0.055001 
v -0.401678 0.20116 -0.055001 
v -0.386678 0.20756 -0.07 
v -0.386678 0.20756 -0.07 
v -0.155651 -0.0138401 -0.07 
v -0.161678 -0.0288401 0.055 
v -0.386678 0.20756 0.0699991 
v -0.401678 0.20116 0.055 
v -0.386678 0.20756 0.0699991 
v -0.155651 -0.0138401 0.0699991 
v 0.316782 -0.4298 -0.023942 
v 0.316782 -0.36776 -0.023942 
v 0.316782 -0.36776 0.023943 
v 0.316782 -0.4298 0.023943 
v -0.036855 -0.08692 1.49012e-08 
v -0.036855 -0.08692 -0.074195 
v -0.023762 -0.10394 -0.074195 
v -0.023762 -0.10394 1.49012e-08 
v -0.023762 -0.10394 0.074195 
v -0.036855 -0.08692 0.074195 
v 0.303652 -0.55388 -0.023942 
v 0.303652 -0.49184 -0.023942 
v 0.303652 -0.49184 0.023943 
v 0.303652 -0.55388 0.023943 
v -0.023762 -0.10394 -0.074195 
v -0.036855 -0.08692 -0.074195 
v -0.023762 -0.08692 -0.087288 
v -0.023762 -0.10394 0.074195 
v -0.023762 -0.08692 0.087288 
v -0.036855 -0.08692 0.074195 
v 0.487542 0.20756 -0.07 
v 0.262542 -0.0288401 -0.055001 
v 0.256522 -0.0138401 -0.07 
v 0.487542 0.20756 -0.07 
v 0.502542 0.20116 -0.055001 
v 0.262542 -0.0288401 0.055 
v 0.487542 0.20756 0.0699991 
v 0.256522 -0.0138401 0.0699991 
v 0.487542 0.20756 0.0699991 
v 0.502542 0.20116 0.055 
v -0.023762 -0.08692 -0.087288 
v 0.124628 -0.08692 -0.087288 
v 0.124628 -0.10394 -0.074195 
v -0.023762 -0.10394 -0.074195 
v 0.124628 -0.08692 0.087288 
v -0.023762 -0.08692 0.087288 
v 0.124628 -0.10394 0.074195 
v -0.023762 -0.10394 0.074195 
v 0.124628 -0.10394 -0.074195 
v 0.124628 -0.08692 -0.087288 
v 0.137721 -0.08692 -0.074195 
v 0.124628 -0.10394 0.074195 
v 0.137721 -0.08692 0.074195 
v 0.124628 -0.08692 0.087288 
v 0.137721 -0.08692 -0.074195 
v 0.124628 -0.10394 1.49012e-08 
v 0.124628 -0.10394 -0.074195 
v 0.137721 -0.08692 1.49012e-08 
v 0.137721 -0.08692 0.074195 
v 0.124628 -0.10394 0.074195 
v 0.272432 0.64335 0.028545 
v 0.286622 0.65754 -0.042821 
v 0.272432 0.64335 -0.028546 
v 0.286622 0.65754 0.042819 
v -0.155651 -0.0138401 -0.07 
v 0.050433 -0.0288401 -0.055001 
v -0.161678 -0.0288401 -0.055001 
v 0.050433 -0.0138401 -0.07 
v 0.256522 -0.0138401 -0.07 
v 0.262542 -0.0288401 -0.055001 
v 0.050433 -0.0288401 0.055 
v -0.155651 -0.0138401 0.0699991 
v -0.161678 -0.0288401 0.055 
v 0.050433 -0.0138401 0.0699991 
v 0.256522 -0.0138401 0.0699991 
v 0.262542 -0.0288401 0.055 
v 0.330432 0.65262 -0.07816 
v 0.386402 0.6777 -0.1 
v 0.352272 0.64357 -0.1 
v 0.377352 0.69954 -0.07816 
v 0.386402 0.6777 0.1 
v 0.330432 0.65262 0.078158 
v 0.352272 0.64357 0.1 
v 0.377352 0.69954 0.078158 
v -0.18576 0.65754 -0.042821 
v -0.18576 0.65754 0.042819 
v -0.171567 0.64335 0.028545 
v -0.171567 0.64335 -0.028546 
v 0.231062 -0.49184 -0.023942 
v 0.215482 -0.46082 -0.023942 
v 0.215482 -0.46082 0.0239411 
v 0.231062 -0.49184 0.0239411 
v 0.231062 -0.4298 0.0239411 
v 0.231062 -0.4298 -0.023942 
v 0.231062 -0.61593 -0.023942 
v 0.215482 -0.58491 0.0239411 
v 0.231062 -0.61593 0.023943 
v 0.215482 -0.58491 -0.023942 
v 0.231062 -0.55388 0.0239411 
v 0.231062 -0.55388 -0.023942 
v -0.285533 0.6777 -0.1 
v -0.229567 0.65262 -0.07816 
v -0.251408 0.64357 -0.1 
v -0.276486 0.69954 -0.07816 
v -0.229567 0.65262 0.078158 
v -0.285533 0.6777 0.1 
v -0.251408 0.64357 0.1 
v -0.276486 0.69954 0.078158 
v -0.031167 -0.33447 -0.102 
v -0.031167 -0.68445 -0.102 
v -0.051567 -0.68445 -0.081601 
v -0.051567 -0.33447 -0.081601 
v -0.051567 -0.33447 0.0816 
v -0.051567 -0.68445 0.0816 
v -0.031167 -0.68445 0.102 
v -0.031167 -0.33447 0.102 
v -0.036855 -0.08692 -0.074195 
v -0.036855 0.14784 -0.074195 
v -0.023762 0.14784 -0.087288 
v -0.023762 -0.08692 -0.087288 
v -0.023762 -0.08692 0.087288 
v -0.023762 0.14784 0.087288 
v -0.036855 -0.08692 0.074195 
v -0.036855 0.14784 0.074195 
v -0.392648 0.48954 -0.07816 
v -0.417725 0.5455 -0.1 
v -0.383601 0.51138 -0.1 
v -0.439567 0.53646 -0.07816 
v -0.417725 0.5455 0.1 
v -0.392648 0.48954 0.078158 
v -0.383601 0.51138 0.1 
v -0.439567 0.53646 0.078158 
v -0.051567 -0.33447 -0.081601 
v -0.051567 -0.68445 -0.081601 
v -0.051567 -0.68445 0.0816 
v -0.051567 -0.33447 0.0816 
v -0.161678 -0.0288401 -0.055001 
v -0.401678 0.20116 0.055 
v -0.401678 0.20116 -0.055001 
v -0.161678 -0.0288401 0.055 
v 0.050433 -0.0288401 -0.055001 
v 0.050433 -0.0288401 0.055 
v 0.262542 -0.0288401 0.055 
v 0.262542 -0.0288401 -0.055001 
v 0.502542 0.20116 0.055 
v 0.502542 0.20116 -0.055001 
v 0.152433 -0.33447 -0.081601 
v 0.132033 -0.68445 -0.102 
v 0.132033 -0.33447 -0.102 
v 0.152433 -0.68445 -0.081601 
v 0.152433 -0.68445 0.0816 
v 0.152433 -0.33447 0.0816 
v 0.132033 -0.33447 0.102 
v 0.132033 -0.68445 0.102 
v -0.036855 0.14784 -0.074195 
v -0.036855 -0.08692 -0.074195 
v -0.036855 -0.08692 1.49012e-08 
v -0.036855 0.14784 1.49012e-08 
v -0.036855 0.14784 0.074195 
v -0.036855 -0.08692 0.074195 
v -0.023762 0.16486 -0.074195 
v -0.023762 0.14784 -0.087288 
v -0.036855 0.14784 -0.074195 
v -0.023762 0.16486 0.074195 
v -0.036855 0.14784 0.074195 
v -0.023762 0.14784 0.087288 
v 0.518592 0.5455 -0.1 
v 0.493512 0.48954 -0.07816 
v 0.484472 0.51138 -0.1 
v 0.540432 0.53646 -0.07816 
v 0.493512 0.48954 0.078158 
v 0.518592 0.5455 0.1 
v 0.484472 0.51138 0.1 
v 0.540432 0.53646 0.078158 
v 0.132033 -0.33447 -0.102 
v -0.031167 -0.68445 -0.102 
v -0.031167 -0.33447 -0.102 
v 0.132033 -0.68445 -0.102 
v -0.031167 -0.33447 0.102 
v -0.031167 -0.68445 0.102 
v 0.132033 -0.68445 0.102 
v 0.132033 -0.33447 0.102 
v 0.137721 0.14784 -0.074195 
v 0.124628 -0.08692 -0.087288 
v 0.124628 0.14784 -0.087288 
v 0.137721 -0.08692 -0.074195 
v 0.137721 -0.08692 0.074195 
v 0.137721 0.14784 0.074195 
v 0.124628 -0.08692 0.087288 
v 0.124628 0.14784 0.087288 
v -0.383601 0.6777 -0.1 
v -0.383601 0.51138 -0.1 
v -0.417725 0.64357 -0.1 
v -0.417725 0.5455 -0.1 
v -0.285533 0.6777 -0.1 
v -0.285533 0.51138 -0.1 
v -0.251408 0.5455 -0.1 
v -0.251408 0.64357 -0.1 
v 0.386402 0.6777 -0.1 
v 0.386402 0.51138 -0.1 
v 0.352272 0.64357 -0.1 
v 0.352272 0.5455 -0.1 
v 0.484472 0.6777 -0.1 
v 0.484472 0.51138 -0.1 
v 0.518592 0.64357 -0.1 
v 0.518592 0.5455 -0.1 
v -0.417725 0.5455 0.1 
v -0.383601 0.6777 0.1 
v -0.417725 0.64357 0.1 
v -0.383601 0.51138 0.1 
v -0.285533 0.51138 0.1 
v -0.285533 0.6777 0.1 
v -0.251408 0.64357 0.1 
v -0.251408 0.5455 0.1 
v 0.484472 0.51138 0.1 
v 0.484472 0.6777 0.1 
v 0.386402 0.6777 0.1 
v 0.518592 0.64357 0.1 
v 0.518592 0.5455 0.1 
v 0.386402 0.51138 0.1 
v 0.352272 0.64357 0.1 
v 0.352272 0.5455 0.1 
v -0.00956702 -0.33396 -0.048001 
v -0.00956702 -0.07675 -0.048001 
v 0.002433 -0.07675 -0.06 
v 0.002433 -0.33396 -0.06 
v 0.002433 -0.33396 0.06 
v -0.00956702 -0.07675 0.047999 
v -0.00956702 -0.33396 0.047999 
v 0.002433 -0.07675 0.06 
v 0.00971198 0.0737499 -0.087288 
v -0.023762 -0.08692 -0.087288 
v -0.023762 0.14784 -0.087288 
v 0.021639 0.10254 -0.087288 
v 0.050433 0.11447 -0.087288 
v 0.021639 0.0449599 -0.087288 
v 0.124628 0.14784 -0.087288 
v 0.079227 0.10254 -0.087288 
v 0.091154 0.0737499 -0.087288 
v 0.124628 -0.08692 -0.087288 
v 0.079227 0.0449599 -0.087288 
v 0.014782 -0.04715 -0.087288 
v 0.027901 0.0383999 -0.087288 
v 0.050433 -0.0590801 -0.087288 
v 0.0860839 -0.04715 -0.087288 
v 0.072965 0.0383999 -0.087288 
v 0.124628 -0.08692 0.087288 
v 0.050433 -0.0590801 0.087288 
v -0.023762 -0.08692 0.087288 
v 0.014782 -0.04715 0.087288 
v 0.0860839 -0.04715 0.087288 
v 0.021639 0.0449599 0.087288 
v 0.027901 0.0383999 0.087288 
v 0.00971198 0.0737499 0.087288 
v -0.023762 0.14784 0.087288 
v 0.021639 0.10254 0.087288 
v 0.050433 0.11447 0.087288 
v 0.124628 0.14784 0.087288 
v 0.079227 0.10254 0.087288 
v 0.091154 0.0737499 0.087288 
v 0.079227 0.0449599 0.087288 
v 0.072965 0.0383999 0.087288 
v 0.152433 -0.68445 -0.081601 
v 0.152433 -0.33447 -0.081601 
v 0.152433 -0.33447 0.0816 
v 0.152433 -0.68445 0.0816 
v 0.124628 0.14784 -0.087288 
v 0.124628 0.16486 -0.074195 
v 0.137721 0.14784 -0.074195 
v 0.124628 0.14784 0.087288 
v 0.137721 0.14784 0.074195 
v 0.124628 0.16486 0.074195 
v -0.00956702 -0.07675 -0.048001 
v -0.00956702 -0.33396 -0.048001 
v -0.00956702 -0.33396 0.047999 
v -0.00956702 -0.07675 0.047999 
v -0.036855 0.14784 -0.074195 
v -0.023762 0.16486 1.49012e-08 
v -0.023762 0.16486 -0.074195 
v -0.036855 0.14784 1.49012e-08 
v -0.036855 0.14784 0.074195 
v -0.023762 0.16486 0.074195 
v 0.050433 0.0961599 -0.07 
v 0.050433 -0.0138401 -0.07 
v -0.147891 0.0961599 -0.07 
v 0.248762 0.0961599 -0.07 
v -0.155651 -0.0138401 -0.07 
v 0.256522 -0.0138401 -0.07 
v -0.386678 0.20756 -0.07 
v 0.487542 0.20756 -0.07 
v -0.296678 0.24495 -0.07 
v -0.386678 0.51116 -0.07 
v -0.296678 0.51116 -0.07 
v 0.397542 0.24495 -0.07 
v 0.487542 0.51116 -0.07 
v 0.397542 0.51116 -0.07 
v -0.386678 0.20756 0.0699991 
v -0.147891 0.0961599 0.0699991 
v -0.296678 0.24495 0.0699991 
v -0.386678 0.51116 0.0699991 
v -0.296678 0.51116 0.0699991 
v -0.155651 -0.0138401 0.0699991 
v 0.050433 -0.0138401 0.0699991 
v 0.050433 0.0961599 0.0699991 
v 0.248762 0.0961599 0.0699991 
v 0.256522 -0.0138401 0.0699991 
v 0.487542 0.20756 0.0699991 
v 0.397542 0.24495 0.0699991 
v 0.487542 0.51116 0.0699991 
v 0.397542 0.51116 0.0699991 
v 0.137721 -0.08692 -0.074195 
v 0.137721 0.14784 -0.074195 
v 0.137721 0.14784 1.49012e-08 
v 0.137721 -0.08692 1.49012e-08 
v 0.137721 -0.08692 0.074195 
v 0.137721 0.14784 0.074195 
v 0.110433 -0.07675 -0.048001 
v 0.098433 -0.33396 -0.06 
v 0.098433 -0.07675 -0.06 
v 0.110433 -0.33396 -0.048001 
v 0.110433 -0.33396 0.047999 
v 0.098433 -0.07675 0.06 
v 0.098433 -0.33396 0.06 
v 0.110433 -0.07675 0.047999 
v -0.023762 0.16486 -0.074195 
v 0.124628 0.16486 -0.074195 
v 0.124628 0.14784 -0.087288 
v -0.023762 0.14784 -0.087288 
v 0.124628 0.14784 0.087288 
v -0.023762 0.16486 0.074195 
v -0.023762 0.14784 0.087288 
v 0.124628 0.16486 0.074195 
v -0.18576 0.64036 -0.06 
v -0.247567 0.54866 -0.06 
v -0.247567 0.64041 -0.06 
v -0.18576 0.54872 -0.06 
v 0.286622 0.64036 -0.06 
v 0.348432 0.64041 -0.06 
v 0.348432 0.54866 -0.06 
v 0.286622 0.54872 -0.06 
v 0.098433 -0.07675 -0.06 
v 0.002433 -0.33396 -0.06 
v 0.002433 -0.07675 -0.06 
v 0.098433 -0.33396 -0.06 
v -0.247567 0.54866 0.06 
v -0.18576 0.54872 0.06 
v -0.247567 0.64041 0.06 
v -0.18576 0.64036 0.06 
v 0.348432 0.54866 0.06 
v 0.348432 0.64041 0.06 
v 0.286622 0.54872 0.06 
v 0.286622 0.64036 0.06 
v 0.002433 -0.07675 0.06 
v 0.002433 -0.33396 0.06 
v 0.098433 -0.33396 0.06 
v 0.098433 -0.07675 0.06 
v 0.137721 0.14784 1.49012e-08 
v 0.137721 0.14784 -0.074195 
v 0.124628 0.16486 -0.074195 
v 0.124628 0.16486 1.49012e-08 
v 0.124628 0.16486 0.074195 
v 0.137721 0.14784 0.074195 
v 0.272432 0.62608 -0.045808 
v 0.272432 0.64335 -0.028546 
v 0.286622 0.65754 -0.042821 
v 0.286622 0.64036 -0.06 
v 0.286622 0.65754 0.042819 
v 0.272432 0.62608 0.045807 
v 0.286622 0.64036 0.06 
v 0.272432 0.64335 0.028545 
v 0.110433 -0.07675 0.047999 
v 0.110433 -0.33396 -0.048001 
v 0.110433 -0.07675 -0.048001 
v 0.110433 -0.33396 0.047999 
v 0.215482 -0.58491 -0.023942 
v 0.231062 -0.49184 -0.023942 
v 0.231062 -0.55388 -0.023942 
v 0.231062 -0.49184 -0.023942 
v 0.303652 -0.55388 -0.023942 
v 0.231062 -0.55388 -0.023942 
v 0.303652 -0.49184 -0.023942 
v 0.215482 -0.58491 -0.023942 
v 0.215482 -0.46082 -0.023942 
v 0.144556 -0.36776 -0.023942 
v 0.231062 -0.4298 -0.023942 
v 0.316782 -0.36776 -0.023942 
v 0.316782 -0.4298 -0.023942 
v 0.144556 -0.67797 -0.023942 
v 0.231062 -0.61593 -0.023942 
v 0.355562 -0.67797 -0.023942 
v 0.355562 -0.61593 -0.023942 
v 0.144556 -0.36776 0.0239411 
v 0.144556 -0.67797 0.0239411 
v 0.215482 -0.58491 0.0239411 
v 0.231062 -0.61593 0.023943 
v 0.355562 -0.67797 0.023943 
v 0.355562 -0.61593 0.023943 
v 0.215482 -0.46082 0.0239411 
v 0.231062 -0.4298 0.0239411 
v 0.316782 -0.36776 0.023943 
v 0.316782 -0.4298 0.023943 
v 0.231062 -0.55388 0.0239411 
v 0.231062 -0.49184 0.0239411 
v 0.303652 -0.49184 0.023943 
v 0.303652 -0.55388 0.023943 
v 0.215482 -0.46082 0.0239411 
v 0.215482 -0.58491 0.0239411 
v 0.231062 -0.55388 0.0239411 
v -0.171567 0.62608 -0.045808 
v -0.18576 0.65754 -0.042821 
v -0.171567 0.64335 -0.028546 
v -0.18576 0.64036 -0.06 
v -0.171567 0.62608 0.045807 
v -0.18576 0.65754 0.042819 
v -0.18576 0.64036 0.06 
v -0.171567 0.64335 0.028545 
v 0.050433 0.0961599 0.0699991 
v -0.141678 0.11116 0.055 
v -0.147891 0.0961599 0.0699991 
v 0.050433 0.11116 0.055 
v 0.242542 0.11116 0.055 
v 0.248762 0.0961599 0.0699991 
v 0.050433 0.0961599 -0.07 
v -0.147891 0.0961599 -0.07 
v -0.141678 0.11116 -0.055001 
v 0.050433 0.11116 -0.055001 
v 0.242542 0.11116 -0.055001 
v 0.248762 0.0961599 -0.07 
v 0.124628 0.16486 -0.074195 
v -0.023762 0.16486 -0.074195 
v -0.023762 0.16486 1.49012e-08 
v 0.124628 0.16486 1.49012e-08 
v 0.124628 0.16486 0.074195 
v -0.023762 0.16486 0.074195 
v -0.281678 0.25116 -0.055001 
v -0.141678 0.11116 0.055 
v -0.141678 0.11116 -0.055001 
v -0.281678 0.25116 0.055 
v 0.050433 0.11116 -0.055001 
v 0.050433 0.11116 0.055 
v 0.242542 0.11116 0.055 
v 0.242542 0.11116 -0.055001 
v 0.382542 0.25116 -0.055001 
v 0.382542 0.25116 0.055 
v 0.382542 0.25116 -0.055001 
v 0.248762 0.0961599 -0.07 
v 0.242542 0.11116 -0.055001 
v 0.397542 0.24495 -0.07 
v 0.382542 0.25116 0.055 
v 0.242542 0.11116 0.055 
v 0.248762 0.0961599 0.0699991 
v 0.397542 0.24495 0.0699991 
v -0.281678 0.25116 -0.055001 
v -0.141678 0.11116 -0.055001 
v -0.147891 0.0961599 -0.07 
v -0.296678 0.24495 -0.07 
v -0.281678 0.25116 0.055 
v -0.147891 0.0961599 0.0699991 
v -0.141678 0.11116 0.055 
v -0.296678 0.24495 0.0699991 
v 0.272432 0.62608 -0.045808 
v 0.286622 0.54872 -0.06 
v 0.272432 0.56299 -0.045808 
v 0.286622 0.64036 -0.06 
v 0.286622 0.64036 0.06 
v 0.272432 0.56299 0.045807 
v 0.286622 0.54872 0.06 
v 0.272432 0.62608 0.045807 
v 0.352272 0.5455 0.1 
v 0.352272 0.64357 0.1 
v 0.330432 0.53646 0.078158 
v 0.330432 0.65262 0.078158 
v 0.330432 0.65262 -0.07816 
v 0.352272 0.5455 -0.1 
v 0.330432 0.53646 -0.07816 
v 0.352272 0.64357 -0.1 
v -0.171567 0.62608 -0.045808 
v -0.18576 0.54872 -0.06 
v -0.18576 0.64036 -0.06 
v -0.171567 0.56299 -0.045808 
v -0.18576 0.64036 0.06 
v -0.18576 0.54872 0.06 
v -0.171567 0.56299 0.045807 
v -0.171567 0.62608 0.045807 
v -0.229567 0.53646 0.078158 
v -0.251408 0.64357 0.1 
v -0.251408 0.5455 0.1 
v -0.229567 0.65262 0.078158 
v -0.229567 0.65262 -0.07816 
v -0.229567 0.53646 -0.07816 
v -0.251408 0.5455 -0.1 
v -0.251408 0.64357 -0.1 
v -0.383601 0.51138 -0.1 
v -0.285533 0.51138 -0.1 
v -0.276486 0.48954 -0.07816 
v -0.392648 0.48954 -0.07816 
v 0.484472 0.51138 -0.1 
v 0.377352 0.48954 -0.07816 
v 0.386402 0.51138 -0.1 
v 0.493512 0.48954 -0.07816 
v -0.383601 0.51138 0.1 
v -0.276486 0.48954 0.078158 
v -0.285533 0.51138 0.1 
v -0.392648 0.48954 0.078158 
v 0.377352 0.48954 0.078158 
v 0.484472 0.51138 0.1 
v 0.386402 0.51138 0.1 
v 0.493512 0.48954 0.078158 
v 0.397542 0.51116 0.0699991 
v 0.382542 0.25116 0.055 
v 0.397542 0.24495 0.0699991 
v 0.382542 0.51116 0.055 
v 0.397542 0.51116 -0.07 
v 0.397542 0.24495 -0.07 
v 0.382542 0.25116 -0.055001 
v 0.382542 0.51116 -0.055001 
v 0.272432 0.56299 0.045807 
v 0.272432 0.56299 -0.045808 
v 0.272432 0.54573 -0.028546 
v 0.272432 0.54573 0.028545 
v 0.272432 0.62608 -0.045808 
v 0.272432 0.62608 0.045807 
v 0.272432 0.64335 -0.028546 
v 0.272432 0.64335 0.028545 
v -0.392648 0.48954 -0.07816 
v -0.276486 0.48954 -0.07816 
v -0.276486 0.48954 0.078158 
v -0.392648 0.48954 0.078158 
v -0.439567 0.53646 0.078158 
v -0.439567 0.53646 -0.07816 
v -0.281678 0.25116 0.055 
v -0.296678 0.51116 0.0699991 
v -0.296678 0.24495 0.0699991 
v -0.281678 0.51116 0.055 
v -0.296678 0.51116 -0.07 
v -0.281678 0.25116 -0.055001 
v -0.296678 0.24495 -0.07 
v -0.281678 0.51116 -0.055001 
v -0.039574 -0.31939 0.074221 
v -0.039574 -0.31939 -0.074222 
v -0.051567 -0.33447 -0.081601 
v -0.051567 -0.33447 0.0816 
v 0.493512 0.48954 -0.07816 
v 0.377352 0.48954 0.078158 
v 0.377352 0.48954 -0.07816 
v 0.493512 0.48954 0.078158 
v 0.540432 0.53646 0.078158 
v 0.540432 0.53646 -0.07816 
v -0.051567 -0.33447 0.0816 
v -0.031167 -0.33447 0.102 
v -0.023789 -0.31939 0.090007 
v -0.039574 -0.31939 0.074221 
v -0.039574 -0.31939 -0.074222 
v -0.023789 -0.31939 -0.090008 
v -0.031167 -0.33447 -0.102 
v -0.051567 -0.33447 -0.081601 
v -0.023789 -0.31939 -0.090008 
v 0.124655 -0.31939 -0.090008 
v 0.132033 -0.33447 -0.102 
v -0.031167 -0.33447 -0.102 
v -0.031167 -0.33447 0.102 
v 0.132033 -0.33447 0.102 
v 0.124655 -0.31939 0.090007 
v -0.023789 -0.31939 0.090007 
v -0.18576 0.54872 -0.06 
v -0.247567 0.53154 -0.042875 
v -0.247567 0.54866 -0.06 
v -0.18576 0.53154 -0.042821 
v 0.348432 0.53154 0.0428741 
v 0.286622 0.54872 0.06 
v 0.286622 0.53154 0.042819 
v 0.348432 0.54866 0.06 
v 0.348432 0.53154 -0.042875 
v 0.286622 0.54872 -0.06 
v 0.348432 0.54866 -0.06 
v 0.286622 0.53154 -0.042821 
v -0.247567 0.53154 0.0428741 
v -0.18576 0.53154 0.042819 
v -0.18576 0.54872 0.06 
v -0.247567 0.54866 0.06 
v -0.171567 0.56299 -0.045808 
v -0.171567 0.62608 -0.045808 
v -0.171567 0.62608 0.045807 
v -0.171567 0.64335 -0.028546 
v -0.171567 0.64335 0.028545 
v -0.171567 0.56299 0.045807 
v -0.171567 0.54573 -0.028546 
v -0.171567 0.54573 0.028545 
v 0.152433 -0.33447 0.0816 
v 0.152433 -0.33447 -0.081601 
v 0.14044 -0.31939 -0.074222 
v 0.14044 -0.31939 0.074221 
v 0.152433 -0.33447 -0.081601 
v 0.124655 -0.31939 -0.090008 
v 0.14044 -0.31939 -0.074222 
v 0.132033 -0.33447 -0.102 
v 0.132033 -0.33447 0.102 
v 0.152433 -0.33447 0.0816 
v 0.14044 -0.31939 0.074221 
v 0.124655 -0.31939 0.090007 
v 0.377352 0.48954 -0.07816 
v 0.330432 0.53646 -0.07816 
v 0.386402 0.51138 -0.1 
v 0.352272 0.5455 -0.1 
v 0.330432 0.53646 0.078158 
v 0.386402 0.51138 0.1 
v 0.352272 0.5455 0.1 
v 0.377352 0.48954 0.078158 
v 0.377352 0.48954 -0.07816 
v 0.377352 0.48954 0.078158 
v 0.330432 0.53646 -0.07816 
v 0.330432 0.53646 0.078158 
v 0.330432 0.65262 0.078158 
v 0.330432 0.65262 -0.07816 
v 0.377352 0.69954 -0.07816 
v 0.377352 0.69954 0.078158 
v -0.229567 0.53646 -0.07816 
v -0.276486 0.48954 -0.07816 
v -0.285533 0.51138 -0.1 
v -0.251408 0.5455 -0.1 
v -0.285533 0.51138 0.1 
v -0.229567 0.53646 0.078158 
v -0.251408 0.5455 0.1 
v -0.276486 0.48954 0.078158 
v 0.286622 0.53154 0.042819 
v 0.286622 0.54872 0.06 
v 0.272432 0.56299 0.045807 
v 0.272432 0.54573 0.028545 
v 0.272432 0.56299 -0.045808 
v 0.286622 0.53154 -0.042821 
v 0.272432 0.54573 -0.028546 
v 0.286622 0.54872 -0.06 
v -0.229567 0.53646 -0.07816 
v -0.276486 0.48954 0.078158 
v -0.276486 0.48954 -0.07816 
v -0.229567 0.53646 0.078158 
v -0.229567 0.65262 0.078158 
v -0.229567 0.65262 -0.07816 
v -0.276486 0.69954 -0.07816 
v -0.276486 0.69954 0.078158 
v 0.382542 0.51116 -0.055001 
v 0.382542 0.25116 -0.055001 
v 0.382542 0.25116 0.055 
v 0.382542 0.51116 0.055 
v -0.18576 0.53154 0.042819 
v -0.171567 0.56299 0.045807 
v -0.18576 0.54872 0.06 
v -0.171567 0.54573 0.028545 
v -0.18576 0.53154 -0.042821 
v -0.171567 0.56299 -0.045808 
v -0.171567 0.54573 -0.028546 
v -0.18576 0.54872 -0.06 
v -0.281678 0.51116 -0.055001 
v -0.281678 0.25116 0.055 
v -0.281678 0.25116 -0.055001 
v -0.281678 0.51116 0.055 
v -0.247567 0.53154 -0.042875 
v -0.18576 0.53154 -0.042821 
v -0.18576 0.53154 0.042819 
v -0.247567 0.53154 0.0428741 
v 0.348432 0.53154 -0.042875 
v 0.286622 0.53154 0.042819 
v 0.286622 0.53154 -0.042821 
v 0.348432 0.53154 0.0428741 
v 0.286622 0.53154 -0.042821 
v 0.286622 0.53154 0.042819 
v 0.272432 0.54573 -0.028546 
v 0.272432 0.54573 0.028545 
v -0.18576 0.53154 0.042819 
v -0.18576 0.53154 -0.042821 
v -0.171567 0.54573 -0.028546 
v -0.171567 0.54573 0.028545 
v 0.124655 -0.31939 -0.090008 
v -0.023789 -0.31939 -0.090008 
v -0.039574 -0.31939 0.074221 
v -0.039574 -0.31939 -0.074222 
v -0.023789 -0.31939 0.090007 
v 0.124655 -0.31939 0.090007 
v 0.14044 -0.31939 0.074221 
v 0.14044 -0.31939 -0.074222 
v 0.316782 -0.36776 -0.023942 
v 0.144556 -0.36776 -0.023942 
v 0.144556 -0.36776 0.0239411 
v 0.316782 -0.36776 0.023943 
v 0.231062 -0.49184 0.0239411 
v 0.303652 -0.49184 -0.023942 
v 0.231062 -0.49184 -0.023942 
v 0.303652 -0.49184 0.023943 
v 0.231062 -0.61593 0.023943 
v 0.355562 -0.61593 0.023943 
v 0.231062 -0.61593 -0.023942 
v 0.355562 -0.61593 -0.023942 

vn 0 -1 0 
vn 0 -1 0 
vn 0 -1 0 
vn 0 -1 0 
vn 0 -1 0 
vn 0 -1 0 
vn 0 -1 0 
vn 0 -1 0 
vn 0 -1 0 
vn 0 -1 0 
vn 0 -1 0 
vn 0 -1 0 
vn 0 -1 0 
vn 0.527559 -0.850394 0 
vn 0.527559 -0.850394 0 
vn 0 -1 0 
vn -0.519685 -0.669291 0.519685 
vn -0.519685 -0.669291 0.519685 
vn -0.519685 -0.669291 0.519685 
vn -0.519685 -0.669291 0.519685 
vn -0.519685 -0.669291 -0.519685 
vn -0.519685 -0.669291 -0.519685 
vn -0.519685 -0.669291 -0.519685 
vn -0.519685 -0.669291 -0.519685 
vn 0.519685 -0.669291 -0.519685 
vn 0.519685 -0.669291 -0.519685 
vn 0.519685 -0.669291 -0.519685 
vn 0.519685 -0.669291 -0.519685 
vn 0.519685 -0.669291 0.519685 
vn 0.519685 -0.669291 0.519685 
vn 0.519685 -0.669291 0.519685 
vn 0.519685 -0.669291 0.519685 
vn 0.385827 0.92126 0 
vn -0.385827 0.92126 0 
vn 0.385827 0.92126 0 
vn -0.385827 0.92126 0 
vn -0.92126 0.385827 0 
vn -0.92126 0.385827 0 
vn -0.779528 -0.622047 0 
vn -0.779528 -0.622047 0 
vn -0.779528 -0.622047 0 
vn -0.779528 -0.622047 0 
vn 0.385827 0.92126 0 
vn -0.385827 0.92126 0 
vn -0.385827 0.92126 0 
vn 0.385827 0.92126 0 
vn 0.92126 0.385827 0 
vn 0.92126 0.385827 0 
vn 0 -0.622047 -0.779528 
vn 0 -0.622047 -0.779528 
vn 0 -0.622047 -0.779528 
vn 0 -0.622047 -0.779528 
vn 0 -0.622047 0.779528 
vn 0 -0.622047 0.779528 
vn 0 -0.622047 0.779528 
vn 0 -0.622047 0.779528 
vn 0.779528 -0.622047 0 
vn 0.779528 -0.622047 0 
vn 0.779528 -0.622047 0 
vn 0.779528 -0.622047 0 
vn 0 -1 0 
vn 0.527559 -0.850394 0 
vn 0.527559 -0.850394 0 
vn 0 -1 0 
vn -0.259843 0.629921 -0.732283 
vn -0.629921 0.259843 -0.732283 
vn -0.629921 0.259843 -0.732283 
vn -0.259843 0.629921 -0.732283 
vn -0.259843 0.629921 0.732283 
vn -0.629921 0.259843 0.732283 
vn -0.259843 0.629921 0.732283 
vn -0.629921 0.259843 0.732283 
vn 0.629921 0.259843 -0.732283 
vn 0.259843 0.629921 -0.732283 
vn 0.629921 0.259843 -0.732283 
vn 0.259843 0.629921 -0.732283 
vn 0.629921 0.259843 0.732283 
vn 0.259843 0.629921 0.732283 
vn 0.259843 0.629921 0.732283 
vn 0.629921 0.259843 0.732283 
vn -0.92126 0.385827 0 
vn -0.92126 -0.385827 0 
vn -0.92126 -0.385827 0 
vn -0.92126 0.385827 0 
vn 0 1 0 
vn 0 1 0 
vn 0 1 0 
vn 0 1 0 
vn 0 1 0 
vn 0 1 0 
vn 0 1 0 
vn 0 1 0 
vn -0.92126 -0.393701 0 
vn -1 0 0 
vn -1 0 0 
vn -0.92126 -0.393701 0 
vn 0.92126 0.385827 0 
vn 0.92126 -0.385827 0 
vn 0.92126 -0.385827 0 
vn 0.92126 0.385827 0 
vn -0.259843 0.629921 -0.732283 
vn 0.259843 0.629921 -0.732283 
vn 0.259843 0.629921 -0.732283 
vn -0.259843 0.629921 -0.732283 
vn -0.259843 0.629921 -0.732283 
vn 0.259843 0.629921 -0.732283 
vn -0.259843 0.629921 -0.732283 
vn 0.259843 0.629921 -0.732283 
vn -0.259843 0.629921 0.732283 
vn 0.259843 0.629921 0.732283 
vn 0.259843 0.629921 0.732283 
vn -0.259843 0.629921 0.732283 
vn 0.259843 0.629921 0.732283 
vn -0.259843 0.629921 0.732283 
vn -0.259843 0.629921 0.732283 
vn 0.259843 0.629921 0.732283 
vn 0.92126 -0.393701 0 
vn 1 0 0 
vn 0.92126 -0.393701 0 
vn 1 0 0 
vn -0.629921 -0.259843 -0.732283 
vn -0.629921 0.259843 -0.732283 
vn -0.629921 -0.259843 -0.732283 
vn -0.629921 0.259843 -0.732283 
vn -0.629921 -0.259843 0.732283 
vn -0.629921 0.259843 0.732283 
vn -0.629921 -0.259843 0.732283 
vn -0.629921 0.259843 0.732283 
vn 0.629921 0.259843 -0.732283 
vn 0.629921 -0.259843 -0.732283 
vn 0.629921 -0.259843 -0.732283 
vn 0.629921 0.259843 -0.732283 
vn 0.629921 -0.259843 0.732283 
vn 0.629921 0.259843 0.732283 
vn 0.629921 -0.259843 0.732283 
vn 0.629921 0.259843 0.732283 
vn 0 0.708661 -0.708661 
vn 0 0.708661 -0.708661 
vn 0 0.708661 -0.708661 
vn 0 0.708661 -0.708661 
vn 0 0.708661 -0.708661 
vn 0 0.708661 -0.708661 
vn 0 0.708661 -0.708661 
vn 0 0.708661 -0.708661 
vn 0 0.708661 0.708661 
vn 0 0.708661 0.708661 
vn 0 0.708661 0.708661 
vn 0 0.708661 0.708661 
vn 0 0.708661 0.708661 
vn 0 0.708661 0.708661 
vn 0 0.708661 0.708661 
vn 0 0.708661 0.708661 
vn -0.622047 -0.267717 -0.732283 
vn -0.708661 0 -0.708661 
vn -0.708661 0 -0.708661 
vn -0.622047 -0.267717 -0.732283 
vn -0.708661 0 0.708661 
vn -0.622047 -0.267717 0.732283 
vn -0.622047 -0.267717 0.732283 
vn -0.708661 0 0.708661 
vn 0.708661 0 -0.708661 
vn 0.622047 -0.267717 -0.732283 
vn 0.622047 -0.267717 -0.732283 
vn 0.708661 0 -0.708661 
vn 0.708661 0 0.708661 
vn 0.622047 -0.267717 0.732283 
vn 0.622047 -0.267717 0.732283 
vn 0.708661 0 0.708661 
vn -1 0 0 
vn -1 0 0 
vn -1 0 0 
vn -1 0 0 
vn -1 0 0 
vn -1 0 0 
vn -1 0 0 
vn -1 0 0 
vn 1 0 0 
vn 1 0 0 
vn 1 0 0 
vn 1 0 0 
vn 1 0 0 
vn 1 0 0 
vn 1 0 0 
vn 1 0 0 
vn 1 0 0 
vn 1 0 0 
vn 1 0 0 
vn 1 0 0 
vn 0 -1 0 
vn 0 -1 0 
vn 0 -1 0 
vn 0 -1 0 
vn 0 -1 0 
vn 0 -1 0 
vn -0.251969 -0.629921 -0.732283 
vn -0.622047 -0.267717 -0.732283 
vn -0.622047 -0.267717 -0.732283 
vn -0.622047 -0.267717 -0.732283 
vn -0.251969 -0.629921 -0.732283 
vn -0.251969 -0.629921 0.732283 
vn -0.622047 -0.267717 0.732283 
vn -0.622047 -0.267717 0.732283 
vn -0.622047 -0.267717 0.732283 
vn -0.251969 -0.629921 0.732283 
vn 1 0 0 
vn 1 0 0 
vn 1 0 0 
vn 1 0 0 
vn -0.795276 -0.606299 0 
vn -0.795276 -0.606299 0 
vn -0.795276 -0.606299 0 
vn -0.795276 -0.606299 0 
vn -0.795276 -0.606299 0 
vn -0.795276 -0.606299 0 
vn 1 0 0 
vn 1 0 0 
vn 1 0 0 
vn 1 0 0 
vn -0.622047 -0.480315 -0.622047 
vn -0.622047 -0.480315 -0.622047 
vn -0.622047 -0.480315 -0.622047 
vn -0.622047 -0.480315 0.622047 
vn -0.622047 -0.480315 0.622047 
vn -0.622047 -0.480315 0.622047 
vn 0.622047 -0.267717 -0.732283 
vn 0.251969 -0.629921 -0.732283 
vn 0.251969 -0.629921 -0.732283 
vn 0.622047 -0.267717 -0.732283 
vn 0.622047 -0.267717 -0.732283 
vn 0.251969 -0.629921 0.732283 
vn 0.622047 -0.267717 0.732283 
vn 0.251969 -0.629921 0.732283 
vn 0.622047 -0.267717 0.732283 
vn 0.622047 -0.267717 0.732283 
vn 0 -0.606299 -0.795276 
vn 0 -0.606299 -0.795276 
vn 0 -0.606299 -0.795276 
vn 0 -0.606299 -0.795276 
vn 0 -0.606299 0.795276 
vn 0 -0.606299 0.795276 
vn 0 -0.606299 0.795276 
vn 0 -0.606299 0.795276 
vn 0.622047 -0.480315 -0.622047 
vn 0.622047 -0.480315 -0.622047 
vn 0.622047 -0.480315 -0.622047 
vn 0.622047 -0.480315 0.622047 
vn 0.622047 -0.480315 0.622047 
vn 0.622047 -0.480315 0.622047 
vn 0.795276 -0.606299 0 
vn 0.795276 -0.606299 0 
vn 0.795276 -0.606299 0 
vn 0.795276 -0.606299 0 
vn 0.795276 -0.606299 0 
vn 0.795276 -0.606299 0 
vn -0.708661 0.708661 0 
vn -0.708661 0.708661 0 
vn -0.708661 0.708661 0 
vn -0.708661 0.708661 0 
vn -0.251969 -0.629921 -0.732283 
vn 0 -0.708661 -0.708661 
vn -0.251969 -0.629921 -0.732283 
vn 0 -0.708661 -0.708661 
vn 0.251969 -0.629921 -0.732283 
vn 0.251969 -0.629921 -0.732283 
vn 0 -0.708661 0.708661 
vn -0.251969 -0.629921 0.732283 
vn -0.251969 -0.629921 0.732283 
vn 0 -0.708661 0.708661 
vn 0.251969 -0.629921 0.732283 
vn 0.251969 -0.629921 0.732283 
vn -0.629921 0.259843 -0.732283 
vn -0.259843 0.629921 -0.732283 
vn -0.629921 0.259843 -0.732283 
vn -0.259843 0.629921 -0.732283 
vn -0.259843 0.629921 0.732283 
vn -0.629921 0.259843 0.732283 
vn -0.629921 0.259843 0.732283 
vn -0.259843 0.629921 0.732283 
vn 0.708661 0.708661 0 
vn 0.708661 0.708661 0 
vn 0.708661 0.708661 0 
vn 0.708661 0.708661 0 
vn 0.527559 0.850394 0 
vn 1 0 0 
vn 1 0 0 
vn 0.527559 0.850394 0 
vn 0.527559 -0.850394 0 
vn 0.527559 -0.850394 0 
vn 0.527559 0.850394 0 
vn 1 0 0 
vn 0.527559 0.850394 0 
vn 1 0 0 
vn 0.527559 -0.850394 0 
vn 0.527559 -0.850394 0 
vn 0.259843 0.629921 -0.732283 
vn 0.629921 0.259843 -0.732283 
vn 0.629921 0.259843 -0.732283 
vn 0.259843 0.629921 -0.732283 
vn 0.629921 0.259843 0.732283 
vn 0.259843 0.629921 0.732283 
vn 0.629921 0.259843 0.732283 
vn 0.259843 0.629921 0.732283 
vn -0.708661 0 -0.708661 
vn -0.708661 0 -0.708661 
vn -0.708661 0 -0.708661 
vn -0.708661 0 -0.708661 
vn -0.708661 0 0.708661 
vn -0.708661 0 0.708661 
vn -0.708661 0 0.708661 
vn -0.708661 0 0.708661 
vn -0.708661 0 -0.708661 
vn -0.708661 0 -0.708661 
vn -0.708661 0 -0.708661 
vn -0.708661 0 -0.708661 
vn -0.708661 0 0.708661 
vn -0.708661 0 0.708661 
vn -0.708661 0 0.708661 
vn -0.708661 0 0.708661 
vn -0.259843 -0.629921 -0.732283 
vn -0.629921 -0.259843 -0.732283 
vn -0.259843 -0.629921 -0.732283 
vn -0.629921 -0.259843 -0.732283 
vn -0.629921 -0.259843 0.732283 
vn -0.259843 -0.629921 0.732283 
vn -0.259843 -0.629921 0.732283 
vn -0.629921 -0.259843 0.732283 
vn -1 0 0 
vn -1 0 0 
vn -1 0 0 
vn -1 0 0 
vn -0.370079 -0.929134 0 
vn -0.92126 -0.393701 0 
vn -0.92126 -0.393701 0 
vn -0.370079 -0.929134 0 
vn 0 -1 0 
vn 0 -1 0 
vn 0.370079 -0.929134 0 
vn 0.370079 -0.929134 0 
vn 0.92126 -0.393701 0 
vn 0.92126 -0.393701 0 
vn 0.708661 0 -0.708661 
vn 0.708661 0 -0.708661 
vn 0.708661 0 -0.708661 
vn 0.708661 0 -0.708661 
vn 0.708661 0 0.708661 
vn 0.708661 0 0.708661 
vn 0.708661 0 0.708661 
vn 0.708661 0 0.708661 
vn -1 0 0 
vn -1 0 0 
vn -1 0 0 
vn -1 0 0 
vn -1 0 0 
vn -1 0 0 
vn -0.622047 0.480315 -0.622047 
vn -0.622047 0.480315 -0.622047 
vn -0.622047 0.480315 -0.622047 
vn -0.622047 0.480315 0.622047 
vn -0.622047 0.480315 0.622047 
vn -0.622047 0.480315 0.622047 
vn 0.629921 -0.259843 -0.732283 
vn 0.259843 -0.629921 -0.732283 
vn 0.259843 -0.629921 -0.732283 
vn 0.629921 -0.259843 -0.732283 
vn 0.259843 -0.629921 0.732283 
vn 0.629921 -0.259843 0.732283 
vn 0.259843 -0.629921 0.732283 
vn 0.629921 -0.259843 0.732283 
vn 0 0 -1 
vn 0 0 -1 
vn 0 0 -1 
vn 0 0 -1 
vn 0 0 1 
vn 0 0 1 
vn 0 0 1 
vn 0 0 1 
vn 0.708661 0 -0.708661 
vn 0.708661 0 -0.708661 
vn 0.708661 0 -0.708661 
vn 0.708661 0 -0.708661 
vn 0.708661 0 0.708661 
vn 0.708661 0 0.708661 
vn 0.708661 0 0.708661 
vn 0.708661 0 0.708661 
vn 0 0 -1 
vn 0 0 -1 
vn 0 0 -1 
vn 0 0 -1 
vn 0 0 -1 
vn 0 0 -1 
vn 0 0 -1 
vn 0 0 -1 
vn 0 0 -1 
vn 0 0 -1 
vn 0 0 -1 
vn 0 0 -1 
vn 0 0 -1 
vn 0 0 -1 
vn 0 0 -1 
vn 0 0 -1 
vn 0 0 1 
vn 0 0 1 
vn 0 0 1 
vn 0 0 1 
vn 0 0 1 
vn 0 0 1 
vn 0 0 1 
vn 0 0 1 
vn 0 0 1 
vn 0 0 1 
vn 0 0 1 
vn 0 0 1 
vn 0 0 1 
vn 0 0 1 
vn 0 0 1 
vn 0 0 1 
vn -0.708661 0 -0.708661 
vn -0.708661 0 -0.708661 
vn -0.708661 0 -0.708661 
vn -0.708661 0 -0.708661 
vn -0.708661 0 0.708661 
vn -0.708661 0 0.708661 
vn -0.708661 0 0.708661 
vn -0.708661 0 0.708661 
vn 0 0 -1 
vn 0 0 -1 
vn 0 0 -1 
vn 0 0 -1 
vn 0 0 -1 
vn 0 0 -1 
vn 0 0 -1 
vn 0 0 -1 
vn 0 0 -1 
vn 0 0 -1 
vn 0 0 -1 
vn 0 0 -1 
vn 0 0 -1 
vn 0 0 -1 
vn 0 0 -1 
vn 0 0 -1 
vn 0 0 1 
vn 0 0 1 
vn 0 0 1 
vn 0 0 1 
vn 0 0 1 
vn 0 0 1 
vn 0 0 1 
vn 0 0 1 
vn 0 0 1 
vn 0 0 1 
vn 0 0 1 
vn 0 0 1 
vn 0 0 1 
vn 0 0 1 
vn 0 0 1 
vn 0 0 1 
vn 1 0 0 
vn 1 0 0 
vn 1 0 0 
vn 1 0 0 
vn 0.622047 0.480315 -0.622047 
vn 0.622047 0.480315 -0.622047 
vn 0.622047 0.480315 -0.622047 
vn 0.622047 0.480315 0.622047 
vn 0.622047 0.480315 0.622047 
vn 0.622047 0.480315 0.622047 
vn -1 0 0 
vn -1 0 0 
vn -1 0 0 
vn -1 0 0 
vn -0.795276 0.606299 0 
vn -0.795276 0.606299 0 
vn -0.795276 0.606299 0 
vn -0.795276 0.606299 0 
vn -0.795276 0.606299 0 
vn -0.795276 0.606299 0 
vn 0 0 -1 
vn 0 0 -1 
vn 0 0 -1 
vn 0 0 -1 
vn 0 0 -1 
vn 0 0 -1 
vn 0 0 -1 
vn 0 0 -1 
vn 0 0 -1 
vn 0 0 -1 
vn 0 0 -1 
vn 0 0 -1 
vn 0 0 -1 
vn 0 0 -1 
vn 0 0 1 
vn 0 0 1 
vn 0 0 1 
vn 0 0 1 
vn 0 0 1 
vn 0 0 1 
vn 0 0 1 
vn 0 0 1 
vn 0 0 1 
vn 0 0 1 
vn 0 0 1 
vn 0 0 1 
vn 0 0 1 
vn 0 0 1 
vn 1 0 0 
vn 1 0 0 
vn 1 0 0 
vn 1 0 0 
vn 1 0 0 
vn 1 0 0 
vn 0.708661 0 -0.708661 
vn 0.708661 0 -0.708661 
vn 0.708661 0 -0.708661 
vn 0.708661 0 -0.708661 
vn 0.708661 0 0.708661 
vn 0.708661 0 0.708661 
vn 0.708661 0 0.708661 
vn 0.708661 0 0.708661 
vn 0 0.606299 -0.795276 
vn 0 0.606299 -0.795276 
vn 0 0.606299 -0.795276 
vn 0 0.606299 -0.795276 
vn 0 0.606299 0.795276 
vn 0 0.606299 0.795276 
vn 0 0.606299 0.795276 
vn 0 0.606299 0.795276 
vn 0 0 -1 
vn 0 0 -1 
vn 0 0 -1 
vn 0 0 -1 
vn 0 0 -1 
vn 0 0 -1 
vn 0 0 -1 
vn 0 0 -1 
vn 0 0 -1 
vn 0 0 -1 
vn 0 0 -1 
vn 0 0 -1 
vn 0 0 1 
vn 0 0 1 
vn 0 0 1 
vn 0 0 1 
vn 0 0 1 
vn 0 0 1 
vn 0 0 1 
vn 0 0 1 
vn 0 0 1 
vn 0 0 1 
vn 0 0 1 
vn 0 0 1 
vn 0.795276 0.606299 0 
vn 0.795276 0.606299 0 
vn 0.795276 0.606299 0 
vn 0.795276 0.606299 0 
vn 0.795276 0.606299 0 
vn 0.795276 0.606299 0 
vn -0.818898 0.409449 -0.409449 
vn -0.818898 0.409449 -0.409449 
vn -0.818898 0.409449 -0.409449 
vn -0.818898 0.409449 -0.409449 
vn -0.818898 0.409449 0.409449 
vn -0.818898 0.409449 0.409449 
vn -0.818898 0.409449 0.409449 
vn -0.818898 0.409449 0.409449 
vn 1 0 0 
vn 1 0 0 
vn 1 0 0 
vn 1 0 0 
vn 0 0 -1 
vn 0 0 -1 
vn 0 0 -1 
vn 0 0 -1 
vn 0 0 -1 
vn 0 0 -1 
vn 0 0 -1 
vn 0 0 -1 
vn 0 0 -1 
vn 0 0 -1 
vn 0 0 -1 
vn 0 0 -1 
vn 0 0 -1 
vn 0 0 -1 
vn 0 0 -1 
vn 0 0 -1 
vn 0 0 -1 
vn 0 0 1 
vn 0 0 1 
vn 0 0 1 
vn 0 0 1 
vn 0 0 1 
vn 0 0 1 
vn 0 0 1 
vn 0 0 1 
vn 0 0 1 
vn 0 0 1 
vn 0 0 1 
vn 0 0 1 
vn 0 0 1 
vn 0 0 1 
vn 0 0 1 
vn 0 0 1 
vn 0 0 1 
vn 0.818898 0.409449 -0.409449 
vn 0.818898 0.409449 -0.409449 
vn 0.818898 0.409449 -0.409449 
vn 0.818898 0.409449 -0.409449 
vn 0.818898 0.409449 0.409449 
vn 0.818898 0.409449 0.409449 
vn 0.818898 0.409449 0.409449 
vn 0.818898 0.409449 0.409449 
vn 0 0.708661 0.708661 
vn 0.259843 0.629921 0.732283 
vn 0.259843 0.629921 0.732283 
vn 0 0.708661 0.708661 
vn -0.259843 0.629921 0.732283 
vn -0.259843 0.629921 0.732283 
vn 0 0.708661 -0.708661 
vn 0.259843 0.629921 -0.732283 
vn 0.259843 0.629921 -0.732283 
vn 0 0.708661 -0.708661 
vn -0.259843 0.629921 -0.732283 
vn -0.259843 0.629921 -0.732283 
vn 0 1 0 
vn 0 1 0 
vn 0 1 0 
vn 0 1 0 
vn 0 1 0 
vn 0 1 0 
vn 0.92126 0.385827 0 
vn 0.385827 0.92126 0 
vn 0.385827 0.92126 0 
vn 0.92126 0.385827 0 
vn 0 1 0 
vn 0 1 0 
vn -0.385827 0.92126 0 
vn -0.385827 0.92126 0 
vn -0.92126 0.385827 0 
vn -0.92126 0.385827 0 
vn -0.629921 0.259843 -0.732283 
vn -0.259843 0.629921 -0.732283 
vn -0.259843 0.629921 -0.732283 
vn -0.629921 0.259843 -0.732283 
vn -0.629921 0.259843 0.732283 
vn -0.259843 0.629921 0.732283 
vn -0.259843 0.629921 0.732283 
vn -0.629921 0.259843 0.732283 
vn 0.629921 0.259843 -0.732283 
vn 0.259843 0.629921 -0.732283 
vn 0.259843 0.629921 -0.732283 
vn 0.629921 0.259843 -0.732283 
vn 0.629921 0.259843 0.732283 
vn 0.259843 0.629921 0.732283 
vn 0.259843 0.629921 0.732283 
vn 0.629921 0.259843 0.732283 
vn -0.708661 0 -0.708661 
vn -0.708661 0 -0.708661 
vn -0.708661 0 -0.708661 
vn -0.708661 0 -0.708661 
vn -0.708661 0 0.708661 
vn -0.708661 0 0.708661 
vn -0.708661 0 0.708661 
vn -0.708661 0 0.708661 
vn -0.629921 -0.259843 0.732283 
vn -0.629921 0.259843 0.732283 
vn -0.629921 -0.259843 0.732283 
vn -0.629921 0.259843 0.732283 
vn -0.629921 0.259843 -0.732283 
vn -0.629921 -0.259843 -0.732283 
vn -0.629921 -0.259843 -0.732283 
vn -0.629921 0.259843 -0.732283 
vn 0.708661 0 -0.708661 
vn 0.708661 0 -0.708661 
vn 0.708661 0 -0.708661 
vn 0.708661 0 -0.708661 
vn 0.708661 0 0.708661 
vn 0.708661 0 0.708661 
vn 0.708661 0 0.708661 
vn 0.708661 0 0.708661 
vn 0.629921 -0.259843 0.732283 
vn 0.629921 0.259843 0.732283 
vn 0.629921 -0.259843 0.732283 
vn 0.629921 0.259843 0.732283 
vn 0.629921 0.259843 -0.732283 
vn 0.629921 -0.259843 -0.732283 
vn 0.629921 -0.259843 -0.732283 
vn 0.629921 0.259843 -0.732283 
vn -0.259843 -0.629921 -0.732283 
vn 0.259843 -0.629921 -0.732283 
vn 0.259843 -0.629921 -0.732283 
vn -0.259843 -0.629921 -0.732283 
vn 0.259843 -0.629921 -0.732283 
vn -0.259843 -0.629921 -0.732283 
vn -0.259843 -0.629921 -0.732283 
vn 0.259843 -0.629921 -0.732283 
vn -0.259843 -0.629921 0.732283 
vn 0.259843 -0.629921 0.732283 
vn 0.259843 -0.629921 0.732283 
vn -0.259843 -0.629921 0.732283 
vn -0.259843 -0.629921 0.732283 
vn 0.259843 -0.629921 0.732283 
vn -0.259843 -0.629921 0.732283 
vn 0.259843 -0.629921 0.732283 
vn -0.708661 0 0.708661 
vn -0.629921 0.259843 0.732283 
vn -0.629921 0.259843 0.732283 
vn -0.708661 0 0.708661 
vn -0.708661 0 -0.708661 
vn -0.629921 0.259843 -0.732283 
vn -0.629921 0.259843 -0.732283 
vn -0.708661 0 -0.708661 
vn -1 0 0 
vn -1 0 0 
vn -1 0 0 
vn -1 0 0 
vn -1 0 0 
vn -1 0 0 
vn -1 0 0 
vn -1 0 0 
vn -0.385827 -0.92126 0 
vn 0.385827 -0.92126 0 
vn 0.385827 -0.92126 0 
vn -0.385827 -0.92126 0 
vn -0.92126 -0.385827 0 
vn -0.92126 -0.385827 0 
vn 0.629921 0.259843 0.732283 
vn 0.708661 0 0.708661 
vn 0.629921 0.259843 0.732283 
vn 0.708661 0 0.708661 
vn 0.708661 0 -0.708661 
vn 0.629921 0.259843 -0.732283 
vn 0.629921 0.259843 -0.732283 
vn 0.708661 0 -0.708661 
vn -0.779528 0.622047 0 
vn -0.779528 0.622047 0 
vn -0.779528 0.622047 0 
vn -0.779528 0.622047 0 
vn 0.385827 -0.92126 0 
vn -0.385827 -0.92126 0 
vn -0.385827 -0.92126 0 
vn 0.385827 -0.92126 0 
vn 0.92126 -0.385827 0 
vn 0.92126 -0.385827 0 
vn -0.519685 0.669291 0.519685 
vn -0.519685 0.669291 0.519685 
vn -0.519685 0.669291 0.519685 
vn -0.519685 0.669291 0.519685 
vn -0.519685 0.669291 -0.519685 
vn -0.519685 0.669291 -0.519685 
vn -0.519685 0.669291 -0.519685 
vn -0.519685 0.669291 -0.519685 
vn 0 0.622047 -0.779528 
vn 0 0.622047 -0.779528 
vn 0 0.622047 -0.779528 
vn 0 0.622047 -0.779528 
vn 0 0.622047 0.779528 
vn 0 0.622047 0.779528 
vn 0 0.622047 0.779528 
vn 0 0.622047 0.779528 
vn 0 -0.708661 -0.708661 
vn 0 -0.708661 -0.708661 
vn 0 -0.708661 -0.708661 
vn 0 -0.708661 -0.708661 
vn 0 -0.708661 0.708661 
vn 0 -0.708661 0.708661 
vn 0 -0.708661 0.708661 
vn 0 -0.708661 0.708661 
vn 0 -0.708661 -0.708661 
vn 0 -0.708661 -0.708661 
vn 0 -0.708661 -0.708661 
vn 0 -0.708661 -0.708661 
vn 0 -0.708661 0.708661 
vn 0 -0.708661 0.708661 
vn 0 -0.708661 0.708661 
vn 0 -0.708661 0.708661 
vn 1 0 0 
vn 1 0 0 
vn 1 0 0 
vn 1 0 0 
vn 1 0 0 
vn 1 0 0 
vn 1 0 0 
vn 1 0 0 
vn 0.779528 0.622047 0 
vn 0.779528 0.622047 0 
vn 0.779528 0.622047 0 
vn 0.779528 0.622047 0 
vn 0.519685 0.669291 -0.519685 
vn 0.519685 0.669291 -0.519685 
vn 0.519685 0.669291 -0.519685 
vn 0.519685 0.669291 -0.519685 
vn 0.519685 0.669291 0.519685 
vn 0.519685 0.669291 0.519685 
vn 0.519685 0.669291 0.519685 
vn 0.519685 0.669291 0.519685 
vn -0.259843 -0.629921 -0.732283 
vn -0.629921 -0.259843 -0.732283 
vn -0.259843 -0.629921 -0.732283 
vn -0.629921 -0.259843 -0.732283 
vn -0.629921 -0.259843 0.732283 
vn -0.259843 -0.629921 0.732283 
vn -0.629921 -0.259843 0.732283 
vn -0.259843 -0.629921 0.732283 
vn -0.385827 -0.92126 0 
vn -0.385827 -0.92126 0 
vn -0.92126 -0.385827 0 
vn -0.92126 -0.385827 0 
vn -0.92126 0.385827 0 
vn -0.92126 0.385827 0 
vn -0.385827 0.92126 0 
vn -0.385827 0.92126 0 
vn 0.629921 -0.259843 -0.732283 
vn 0.259843 -0.629921 -0.732283 
vn 0.259843 -0.629921 -0.732283 
vn 0.629921 -0.259843 -0.732283 
vn 0.259843 -0.629921 0.732283 
vn 0.629921 -0.259843 0.732283 
vn 0.629921 -0.259843 0.732283 
vn 0.259843 -0.629921 0.732283 
vn -0.818898 -0.409449 0.409449 
vn -0.818898 -0.409449 0.409449 
vn -0.818898 -0.409449 0.409449 
vn -0.818898 -0.409449 0.409449 
vn -0.818898 -0.409449 -0.409449 
vn -0.818898 -0.409449 -0.409449 
vn -0.818898 -0.409449 -0.409449 
vn -0.818898 -0.409449 -0.409449 
vn 0.92126 -0.385827 0 
vn 0.385827 -0.92126 0 
vn 0.385827 -0.92126 0 
vn 0.92126 -0.385827 0 
vn 0.92126 0.385827 0 
vn 0.92126 0.385827 0 
vn 0.385827 0.92126 0 
vn 0.385827 0.92126 0 
vn -1 0 0 
vn -0.92126 0.385827 0 
vn -0.92126 0.385827 0 
vn -1 0 0 
vn 0.818898 -0.409449 0.409449 
vn 0.818898 -0.409449 0.409449 
vn 0.818898 -0.409449 0.409449 
vn 0.818898 -0.409449 0.409449 
vn 0.818898 -0.409449 -0.409449 
vn 0.818898 -0.409449 -0.409449 
vn 0.818898 -0.409449 -0.409449 
vn 0.818898 -0.409449 -0.409449 
vn 1 0 0 
vn 0.92126 0.385827 0 
vn 0.92126 0.385827 0 
vn 1 0 0 
vn 0 -1 0 
vn 0 -1 0 
vn 0 -1 0 
vn 0 -1 0 
vn 0 -1 0 
vn 0 -1 0 
vn 0 -1 0 
vn 0 -1 0 
vn -0.708661 -0.708661 0 
vn -0.708661 -0.708661 0 
vn -0.708661 -0.708661 0 
vn -0.708661 -0.708661 0 
vn 0.708661 -0.708661 0 
vn 0.708661 -0.708661 0 
vn 0.708661 -0.708661 0 
vn 0.708661 -0.708661 0 
vn 0 1 0 
vn 0 1 0 
vn 0 1 0 
vn 0 1 0 
vn 0 1 0 
vn 0 1 0 
vn 0 1 0 
vn 0 1 0 
vn 0 1 0 
vn 0 1 0 
vn 0 1 0 
vn 0 1 0 
vn 0.527559 0.850394 0 
vn 0 1 0 
vn 0.527559 0.850394 0 
vn 0 1 0 
vn 0.527559 0.850394 0 
vn 0 1 0 
vn 0.527559 0.850394 0 
vn 0 1 0 

vt 44.0093 -0.988749 
vt 43.9907 -0.988749 
vt 43.9888 -1.00928 
vt 43.9888 -0.990722 
vt 43.9907 -1.01125 
vt 44.0093 -1.01125 
vt 44.0112 -1.00928 
vt 44.0112 -0.990722 
vt 43.9619 -0.997007 
vt 43.9882 -1.00299 
vt 43.9882 -0.997007 
vt 43.9619 -1.00299 
vt 43.9683 -0.997007 
vt 43.9774 -1.00299 
vt 43.9774 -0.997007 
vt 43.9683 -1.00299 
vt 44.0102 -1.01275 
vt 44.0127 -1.0102 
vt 44.0112 -1.00928 
vt 44.0093 -1.01125 
vt 44.0127 -0.9898 
vt 44.0093 -0.988749 
vt 44.0112 -0.990722 
vt 44.0102 -0.98725 
vt 43.9888 -0.990722 
vt 43.9907 -0.988749 
vt 43.9898 -0.98725 
vt 43.9873 -0.9898 
vt 43.9873 -1.0102 
vt 43.9898 -1.01275 
vt 43.9907 -1.01125 
vt 43.9888 -1.00928 
vt 43.9591 -0.99023 
vt 43.9446 -1.00977 
vt 43.9591 -1.00977 
vt 43.9446 -0.99023 
vt 43.9388 -0.99023 
vt 43.9388 -1.00977 
vt 43.9907 -1.08744 
vt 44.0102 -1.08556 
vt 43.9898 -1.08556 
vt 44.0093 -1.08744 
vt 44.0554 -1.00977 
vt 44.0409 -0.99023 
vt 44.0409 -1.00977 
vt 44.0554 -0.99023 
vt 44.0612 -0.99023 
vt 44.0612 -1.00977 
vt 44.0102 -1.08556 
vt 43.9898 -1.08556 
vt 43.9907 -1.08744 
vt 44.0093 -1.08744 
vt 44.0102 -1.08556 
vt 43.9898 -1.08556 
vt 43.9907 -1.08744 
vt 44.0093 -1.08744 
vt 43.9907 -1.08744 
vt 44.0093 -1.08744 
vt 44.0102 -1.08556 
vt 43.9898 -1.08556 
vt 43.9667 -0.997007 
vt 43.9774 -1.00299 
vt 43.9774 -0.997007 
vt 43.9667 -1.00299 
vt 44.0554 -0.912558 
vt 44.0585 -0.919554 
vt 44.0612 -0.918423 
vt 44.0543 -0.915288 
vt 43.9446 -0.912558 
vt 43.9415 -0.919554 
vt 43.9457 -0.915288 
vt 43.9388 -0.918423 
vt 43.9415 -0.919554 
vt 43.9446 -0.912558 
vt 43.9388 -0.918423 
vt 43.9457 -0.915288 
vt 44.0585 -0.919554 
vt 44.0554 -0.912558 
vt 44.0543 -0.915288 
vt 44.0612 -0.918423 
vt 43.9902 -0.918423 
vt 43.9902 -0.932943 
vt 44.0098 -0.932943 
vt 44.0098 -0.918423 
vt 43.9705 -0.994648 
vt 43.9627 -0.994641 
vt 43.9627 -1.00536 
vt 43.9705 -1.00535 
vt 44.0295 -0.994648 
vt 44.0373 -1.00536 
vt 44.0373 -0.994641 
vt 44.0295 -1.00535 
vt 43.9931 -0.974855 
vt 44.0069 -0.936105 
vt 43.9931 -0.936105 
vt 44.0069 -0.974855 
vt 44.0098 -0.918423 
vt 43.9902 -0.932943 
vt 44.0098 -0.932943 
vt 43.9902 -0.918423 
vt 44.0543 -0.915288 
vt 44.0409 -0.912558 
vt 44.042 -0.915288 
vt 44.0554 -0.912558 
vt 43.9591 -0.912558 
vt 43.9457 -0.915288 
vt 43.958 -0.915288 
vt 43.9446 -0.912558 
vt 43.9457 -0.915288 
vt 43.958 -0.915288 
vt 43.9591 -0.912558 
vt 43.9446 -0.912558 
vt 44.0543 -0.915288 
vt 44.0409 -0.912558 
vt 44.042 -0.915288 
vt 44.0554 -0.912558 
vt 44.0069 -0.974855 
vt 43.9931 -0.936105 
vt 43.9931 -0.974855 
vt 44.0069 -0.936105 
vt 44.0612 -0.932943 
vt 44.0585 -0.919554 
vt 44.0585 -0.931812 
vt 44.0612 -0.918423 
vt 43.9415 -0.931812 
vt 43.9388 -0.918423 
vt 43.9388 -0.932943 
vt 43.9415 -0.919554 
vt 43.9415 -0.919554 
vt 43.9388 -0.932943 
vt 43.9415 -0.931812 
vt 43.9388 -0.918423 
vt 44.0612 -0.932943 
vt 44.0612 -0.918423 
vt 44.0585 -0.931812 
vt 44.0585 -0.919554 
vt 44.0295 -0.919955 
vt 44.0373 -0.919948 
vt 44.0373 -0.917808 
vt 44.0295 -0.917808 
vt 43.9705 -0.919955 
vt 43.9627 -0.917808 
vt 43.9627 -0.919948 
vt 43.9705 -0.917808 
vt 43.9627 -0.917808 
vt 43.9705 -0.919955 
vt 43.9705 -0.917808 
vt 43.9627 -0.919948 
vt 44.0373 -0.917808 
vt 44.0295 -0.919955 
vt 44.0373 -0.919948 
vt 44.0295 -0.917808 
vt 44.0546 -0.974055 
vt 44.0565 -0.936105 
vt 44.0546 -0.936105 
vt 44.0565 -0.974855 
vt 43.9435 -0.936105 
vt 43.9435 -0.974855 
vt 43.9454 -0.974055 
vt 43.9454 -0.936105 
vt 43.9435 -0.936105 
vt 43.9435 -0.974855 
vt 43.9454 -0.974055 
vt 43.9454 -0.936105 
vt 44.0565 -0.936105 
vt 44.0546 -0.974055 
vt 44.0565 -0.974855 
vt 44.0546 -0.936105 
vt 43.9925 -0.919948 
vt 44.0075 -0.931417 
vt 44.0075 -0.919948 
vt 43.9946 -0.917808 
vt 44.0054 -0.917808 
vt 43.9925 -0.931417 
vt 43.9946 -0.933558 
vt 44.0054 -0.933558 
vt 44.003 -1.08475 
vt 44.003 -1.07699 
vt 43.997 -1.07699 
vt 43.997 -1.08475 
vt 44.0054 -0.933558 
vt 43.9925 -0.931417 
vt 43.9946 -0.933558 
vt 44.0075 -0.931417 
vt 43.9925 -0.919948 
vt 44.0075 -0.919948 
vt 44.0054 -0.917808 
vt 43.9946 -0.917808 
vt 44.0093 -0.990726 
vt 43.9907 -0.990726 
vt 43.9907 -1 
vt 44.0093 -1 
vt 44.0093 -1.00927 
vt 43.9907 -1.00927 
vt 44.0265 -1.0036 
vt 44.0565 -0.974855 
vt 44.0546 -0.974055 
vt 44.0546 -0.974055 
vt 44.0258 -1.00173 
vt 43.9735 -1.0036 
vt 43.9454 -0.974055 
vt 43.9435 -0.974855 
vt 43.9454 -0.974055 
vt 43.9742 -1.00173 
vt 44.003 -1.05372 
vt 44.003 -1.04597 
vt 43.997 -1.04597 
vt 43.997 -1.05372 
vt 44 -1.01086 
vt 43.9907 -1.01086 
vt 43.9907 -1.01299 
vt 44 -1.01299 
vt 44.0093 -1.01299 
vt 44.0093 -1.01086 
vt 44.003 -1.06924 
vt 44.003 -1.06148 
vt 43.997 -1.06148 
vt 43.997 -1.06924 
vt 43.9907 -1.01299 
vt 43.9907 -1.01086 
vt 43.9891 -1.01086 
vt 44.0093 -1.01299 
vt 44.0109 -1.01086 
vt 44.0093 -1.01086 
vt 43.9454 -0.974055 
vt 43.9735 -1.0036 
vt 43.9742 -1.00173 
vt 43.9454 -0.974055 
vt 43.9435 -0.974855 
vt 44.0265 -1.0036 
vt 44.0546 -0.974055 
vt 44.0258 -1.00173 
vt 44.0546 -0.974055 
vt 44.0565 -0.974855 
vt 44.0093 -1.01086 
vt 43.9907 -1.01086 
vt 43.9907 -1.01299 
vt 44.0093 -1.01299 
vt 44.0093 -1.01086 
vt 43.9907 -1.01086 
vt 44.0093 -1.01299 
vt 43.9907 -1.01299 
vt 44.0093 -1.01299 
vt 44.0109 -1.01086 
vt 44.0093 -1.01086 
vt 43.9907 -1.01299 
vt 43.9907 -1.01086 
vt 43.9891 -1.01086 
vt 44.0093 -1.01086 
vt 44 -1.01299 
vt 44.0093 -1.01299 
vt 44 -1.01086 
vt 43.9907 -1.01086 
vt 43.9907 -1.01299 
vt 44.0036 -0.919582 
vt 43.9946 -0.917808 
vt 43.9964 -0.919582 
vt 44.0054 -0.917808 
vt 44.0258 -0.99125 
vt 44 -0.993125 
vt 44.0265 -0.993125 
vt 44 -0.99125 
vt 43.9742 -0.99125 
vt 43.9735 -0.993125 
vt 44 -1.00688 
vt 44.0258 -1.00875 
vt 44.0265 -1.00688 
vt 44 -1.00875 
vt 43.9742 -1.00875 
vt 43.9735 -1.00688 
vt 43.965 -0.918423 
vt 43.958 -0.915288 
vt 43.9623 -0.919554 
vt 43.9591 -0.912558 
vt 44.042 -0.915288 
vt 44.035 -0.918423 
vt 44.0377 -0.919554 
vt 44.0409 -0.912558 
vt 44.0054 -0.917808 
vt 43.9946 -0.917808 
vt 43.9964 -0.919582 
vt 44.0036 -0.919582 
vt 44.003 -1.06148 
vt 44.003 -1.0576 
vt 43.997 -1.0576 
vt 43.997 -1.06148 
vt 43.997 -1.05372 
vt 44.003 -1.05372 
vt 44.003 -1.07699 
vt 43.997 -1.07311 
vt 43.997 -1.07699 
vt 44.003 -1.07311 
vt 43.997 -1.06924 
vt 44.003 -1.06924 
vt 44.042 -0.915288 
vt 44.035 -0.918423 
vt 44.0377 -0.919554 
vt 44.0409 -0.912558 
vt 43.965 -0.918423 
vt 43.958 -0.915288 
vt 43.9623 -0.919554 
vt 43.9591 -0.912558 
vt 43.9873 -1.04181 
vt 43.9873 -1.08556 
vt 43.9898 -1.08556 
vt 43.9898 -1.04181 
vt 44.0102 -1.04181 
vt 44.0102 -1.08556 
vt 44.0127 -1.08556 
vt 44.0127 -1.04181 
vt 43.9907 -1.01086 
vt 43.9907 -0.981521 
vt 43.9891 -0.981521 
vt 43.9891 -1.01086 
vt 44.0109 -1.01086 
vt 44.0109 -0.981521 
vt 44.0093 -1.01086 
vt 44.0093 -0.981521 
vt 44.0554 -0.938808 
vt 44.0585 -0.931812 
vt 44.0543 -0.936077 
vt 44.0612 -0.932943 
vt 43.9415 -0.931812 
vt 43.9446 -0.938808 
vt 43.9457 -0.936077 
vt 43.9388 -0.932943 
vt 43.9898 -1.04181 
vt 43.9898 -1.08556 
vt 44.0102 -1.08556 
vt 44.0102 -1.04181 
vt 44.0265 -0.993125 
vt 44.0565 -1.00688 
vt 44.0565 -0.993125 
vt 44.0265 -1.00688 
vt 44 -0.993125 
vt 44 -1.00688 
vt 43.9735 -1.00688 
vt 43.9735 -0.993125 
vt 43.9435 -1.00688 
vt 43.9435 -0.993125 
vt 44.0102 -1.04181 
vt 44.0127 -1.08556 
vt 44.0127 -1.04181 
vt 44.0102 -1.08556 
vt 43.9898 -1.08556 
vt 43.9898 -1.04181 
vt 43.9873 -1.04181 
vt 43.9873 -1.08556 
vt 43.9907 -0.981521 
vt 43.9907 -1.01086 
vt 44 -1.01086 
vt 44 -0.981521 
vt 44.0093 -0.981521 
vt 44.0093 -1.01086 
vt 43.9907 -0.979393 
vt 43.9891 -0.981521 
vt 43.9907 -0.981521 
vt 44.0093 -0.979393 
vt 44.0093 -0.981521 
vt 44.0109 -0.981521 
vt 43.9415 -0.931812 
vt 43.9446 -0.938808 
vt 43.9457 -0.936077 
vt 43.9388 -0.932943 
vt 44.0554 -0.938808 
vt 44.0585 -0.931812 
vt 44.0543 -0.936077 
vt 44.0612 -0.932943 
vt 43.9898 -1.04181 
vt 44.0102 -1.08556 
vt 44.0102 -1.04181 
vt 43.9898 -1.08556 
vt 43.9898 -1.04181 
vt 43.9898 -1.08556 
vt 44.0102 -1.08556 
vt 44.0102 -1.04181 
vt 44.0093 -0.981521 
vt 44.0109 -1.01086 
vt 44.0109 -0.981521 
vt 44.0093 -1.01086 
vt 43.9907 -1.01086 
vt 43.9907 -0.981521 
vt 43.9891 -1.01086 
vt 43.9891 -0.981521 
vt 44.0543 -0.915288 
vt 44.0543 -0.936077 
vt 44.0585 -0.919554 
vt 44.0585 -0.931812 
vt 44.042 -0.915288 
vt 44.042 -0.936077 
vt 44.0377 -0.931812 
vt 44.0377 -0.919554 
vt 43.958 -0.915288 
vt 43.958 -0.936077 
vt 43.9623 -0.919554 
vt 43.9623 -0.931812 
vt 43.9457 -0.915288 
vt 43.9457 -0.936077 
vt 43.9415 -0.919554 
vt 43.9415 -0.931812 
vt 43.9415 -0.931812 
vt 43.9457 -0.915288 
vt 43.9415 -0.919554 
vt 43.9457 -0.936077 
vt 43.958 -0.936077 
vt 43.958 -0.915288 
vt 43.9623 -0.919554 
vt 43.9623 -0.931812 
vt 44.0543 -0.936077 
vt 44.0543 -0.915288 
vt 44.042 -0.915288 
vt 44.0585 -0.919554 
vt 44.0585 -0.931812 
vt 44.042 -0.936077 
vt 44.0377 -0.919554 
vt 44.0377 -0.931812 
vt 43.994 -1.04174 
vt 43.994 -1.00959 
vt 43.9925 -1.00959 
vt 43.9925 -1.04174 
vt 44.0075 -1.04174 
vt 44.006 -1.00959 
vt 44.006 -1.04174 
vt 44.0075 -1.00959 
vt 44.0051 -0.990781 
vt 44.0093 -1.01086 
vt 44.0093 -0.981521 
vt 44.0036 -0.987182 
vt 44 -0.985691 
vt 44.0036 -0.99438 
vt 43.9907 -0.981521 
vt 43.9964 -0.987182 
vt 43.9949 -0.990781 
vt 43.9907 -1.01086 
vt 43.9964 -0.99438 
vt 44.0045 -1.00589 
vt 44.0028 -0.9952 
vt 44 -1.00738 
vt 43.9955 -1.00589 
vt 43.9972 -0.9952 
vt 44.0093 -1.01086 
vt 44 -1.00738 
vt 43.9907 -1.01086 
vt 43.9955 -1.00589 
vt 44.0045 -1.00589 
vt 43.9964 -0.99438 
vt 43.9972 -0.9952 
vt 43.9949 -0.990781 
vt 43.9907 -0.981521 
vt 43.9964 -0.987182 
vt 44 -0.985691 
vt 44.0093 -0.981521 
vt 44.0036 -0.987182 
vt 44.0051 -0.990781 
vt 44.0036 -0.99438 
vt 44.0028 -0.9952 
vt 44.0102 -1.08556 
vt 44.0102 -1.04181 
vt 43.9898 -1.04181 
vt 43.9898 -1.08556 
vt 44.0109 -0.981521 
vt 44.0093 -0.979393 
vt 44.0093 -0.981521 
vt 43.9891 -0.981521 
vt 43.9907 -0.981521 
vt 43.9907 -0.979393 
vt 43.994 -1.00959 
vt 43.994 -1.04174 
vt 44.006 -1.04174 
vt 44.006 -1.00959 
vt 43.9907 -0.981521 
vt 44 -0.979393 
vt 43.9907 -0.979393 
vt 44 -0.981521 
vt 44.0093 -0.981521 
vt 44.0093 -0.979393 
vt 44 -0.98798 
vt 44 -1.00173 
vt 44.0248 -0.98798 
vt 43.9752 -0.98798 
vt 44.0258 -1.00173 
vt 43.9742 -1.00173 
vt 44.0546 -0.974055 
vt 43.9454 -0.974055 
vt 44.0434 -0.969382 
vt 44.0546 -0.936105 
vt 44.0434 -0.936105 
vt 43.9566 -0.969382 
vt 43.9454 -0.936105 
vt 43.9566 -0.936105 
vt 43.9454 -0.974055 
vt 43.9752 -0.98798 
vt 43.9566 -0.969382 
vt 43.9454 -0.936105 
vt 43.9566 -0.936105 
vt 43.9742 -1.00173 
vt 44 -1.00173 
vt 44 -0.98798 
vt 44.0248 -0.98798 
vt 44.0258 -1.00173 
vt 44.0546 -0.974055 
vt 44.0434 -0.969382 
vt 44.0546 -0.936105 
vt 44.0434 -0.936105 
vt 44.0093 -1.01086 
vt 44.0093 -0.981521 
vt 44 -0.981521 
vt 44 -1.01086 
vt 43.9907 -1.01086 
vt 43.9907 -0.981521 
vt 44.006 -1.00959 
vt 44.0075 -1.04174 
vt 44.0075 -1.00959 
vt 44.006 -1.04174 
vt 43.994 -1.04174 
vt 43.9925 -1.00959 
vt 43.9925 -1.04174 
vt 43.994 -1.00959 
vt 44.0093 -0.979393 
vt 43.9907 -0.979393 
vt 43.9907 -0.981521 
vt 44.0093 -0.981521 
vt 44.0093 -0.981521 
vt 43.9907 -0.979393 
vt 43.9907 -0.981521 
vt 44.0093 -0.979393 
vt 44.0295 -0.919955 
vt 44.0373 -0.931417 
vt 44.0373 -0.919948 
vt 44.0295 -0.93141 
vt 43.9705 -0.919955 
vt 43.9627 -0.919948 
vt 43.9627 -0.931417 
vt 43.9705 -0.93141 
vt 43.994 -1.00959 
vt 44.006 -1.04174 
vt 44.006 -1.00959 
vt 43.994 -1.04174 
vt 43.9627 -0.931417 
vt 43.9705 -0.93141 
vt 43.9627 -0.919948 
vt 43.9705 -0.919955 
vt 44.0373 -0.931417 
vt 44.0373 -0.919948 
vt 44.0295 -0.93141 
vt 44.0295 -0.919955 
vt 43.994 -1.00959 
vt 43.994 -1.04174 
vt 44.006 -1.04174 
vt 44.006 -1.00959 
vt 44 -0.981521 
vt 44.0093 -0.981521 
vt 44.0093 -0.979393 
vt 44 -0.979393 
vt 43.9907 -0.979393 
vt 43.9907 -0.981521 
vt 43.9943 -0.92174 
vt 43.9964 -0.919582 
vt 43.9946 -0.917808 
vt 43.9925 -0.919955 
vt 44.0054 -0.917808 
vt 44.0057 -0.92174 
vt 44.0075 -0.919955 
vt 44.0036 -0.919582 
vt 43.994 -1.00959 
vt 44.006 -1.04174 
vt 44.006 -1.00959 
vt 43.994 -1.04174 
vt 43.9794 -1.07311 
vt 43.9774 -1.06148 
vt 43.9774 -1.06924 
vt 43.9774 -1.06148 
vt 43.9683 -1.06924 
vt 43.9774 -1.06924 
vt 43.9683 -1.06148 
vt 43.9794 -1.07311 
vt 43.9794 -1.0576 
vt 43.9882 -1.04597 
vt 43.9774 -1.05372 
vt 43.9667 -1.04597 
vt 43.9667 -1.05372 
vt 43.9882 -1.08475 
vt 43.9774 -1.07699 
vt 43.9619 -1.08475 
vt 43.9619 -1.07699 
vt 44.0118 -1.04597 
vt 44.0118 -1.08475 
vt 44.0206 -1.07311 
vt 44.0226 -1.07699 
vt 44.0381 -1.08475 
vt 44.0381 -1.07699 
vt 44.0206 -1.0576 
vt 44.0226 -1.05372 
vt 44.0333 -1.04597 
vt 44.0333 -1.05372 
vt 44.0226 -1.06924 
vt 44.0226 -1.06148 
vt 44.0317 -1.06148 
vt 44.0317 -1.06924 
vt 44.0206 -1.0576 
vt 44.0206 -1.07311 
vt 44.0226 -1.06924 
vt 44.0057 -0.92174 
vt 44.0054 -0.917808 
vt 44.0036 -0.919582 
vt 44.0075 -0.919955 
vt 43.9943 -0.92174 
vt 43.9946 -0.917808 
vt 43.9925 -0.919955 
vt 43.9964 -0.919582 
vt 44 -1.00875 
vt 43.976 -1.00688 
vt 43.9752 -1.00875 
vt 44 -1.00688 
vt 44.024 -1.00688 
vt 44.0248 -1.00875 
vt 44 -0.99125 
vt 43.9752 -0.99125 
vt 43.976 -0.993125 
vt 44 -0.993125 
vt 44.024 -0.993125 
vt 44.0248 -0.99125 
vt 44.0093 -0.990726 
vt 43.9907 -0.990726 
vt 43.9907 -1 
vt 44.0093 -1 
vt 44.0093 -1.00927 
vt 43.9907 -1.00927 
vt 43.9585 -0.993125 
vt 43.976 -1.00688 
vt 43.976 -0.993125 
vt 43.9585 -1.00688 
vt 44 -0.993125 
vt 44 -1.00688 
vt 44.024 -1.00688 
vt 44.024 -0.993125 
vt 44.0415 -0.993125 
vt 44.0415 -1.00688 
vt 43.9585 -0.968605 
vt 43.9752 -0.98798 
vt 43.976 -0.986105 
vt 43.9566 -0.969382 
vt 44.0415 -0.968605 
vt 44.024 -0.986105 
vt 44.0248 -0.98798 
vt 44.0434 -0.969382 
vt 44.0415 -0.968605 
vt 44.024 -0.986105 
vt 44.0248 -0.98798 
vt 44.0434 -0.969382 
vt 43.9585 -0.968605 
vt 43.9752 -0.98798 
vt 43.976 -0.986105 
vt 43.9566 -0.969382 
vt 43.9943 -0.92174 
vt 43.9925 -0.93141 
vt 43.9943 -0.929626 
vt 43.9925 -0.919955 
vt 44.0075 -0.919955 
vt 44.0057 -0.929626 
vt 44.0075 -0.93141 
vt 44.0057 -0.92174 
vt 44.0125 -0.931812 
vt 44.0125 -0.919554 
vt 44.0098 -0.932943 
vt 44.0098 -0.918423 
vt 43.9902 -0.918423 
vt 43.9875 -0.931812 
vt 43.9902 -0.932943 
vt 43.9875 -0.919554 
vt 44.0057 -0.92174 
vt 44.0075 -0.93141 
vt 44.0075 -0.919955 
vt 44.0057 -0.929626 
vt 43.9925 -0.919955 
vt 43.9925 -0.93141 
vt 43.9943 -0.929626 
vt 43.9943 -0.92174 
vt 43.9902 -0.932943 
vt 43.9875 -0.919554 
vt 43.9875 -0.931812 
vt 43.9902 -0.918423 
vt 44.0098 -0.918423 
vt 44.0098 -0.932943 
vt 44.0125 -0.931812 
vt 44.0125 -0.919554 
vt 44.0543 -0.936077 
vt 44.042 -0.936077 
vt 44.0409 -0.938808 
vt 44.0554 -0.938808 
vt 43.9457 -0.936077 
vt 43.9591 -0.938808 
vt 43.958 -0.936077 
vt 43.9446 -0.938808 
vt 43.9457 -0.936077 
vt 43.9591 -0.938808 
vt 43.958 -0.936077 
vt 43.9446 -0.938808 
vt 44.0409 -0.938808 
vt 44.0543 -0.936077 
vt 44.042 -0.936077 
vt 44.0554 -0.938808 
vt 44.0088 -0.936105 
vt 44.0069 -0.968605 
vt 44.0088 -0.969382 
vt 44.0069 -0.936105 
vt 43.9912 -0.936105 
vt 43.9912 -0.969382 
vt 43.9931 -0.968605 
vt 43.9931 -0.936105 
vt 44.0057 -0.929626 
vt 43.9943 -0.929626 
vt 43.9964 -0.931784 
vt 44.0036 -0.931784 
vt 43.9943 -0.92174 
vt 44.0057 -0.92174 
vt 43.9964 -0.919582 
vt 44.0036 -0.919582 
vt 44.0554 -0.99023 
vt 44.0409 -0.99023 
vt 44.0409 -1.00977 
vt 44.0554 -1.00977 
vt 44.0612 -1.00977 
vt 44.0612 -0.99023 
vt 43.9931 -0.968605 
vt 43.9912 -0.936105 
vt 43.9912 -0.969382 
vt 43.9931 -0.936105 
vt 44.0088 -0.936105 
vt 44.0069 -0.968605 
vt 44.0088 -0.969382 
vt 44.0069 -0.936105 
vt 44.0093 -1.03992 
vt 43.9907 -1.03992 
vt 43.9898 -1.04181 
vt 44.0102 -1.04181 
vt 43.9446 -0.99023 
vt 43.9591 -1.00977 
vt 43.9591 -0.99023 
vt 43.9446 -1.00977 
vt 43.9388 -1.00977 
vt 43.9388 -0.99023 
vt 43.9873 -1.0102 
vt 43.9898 -1.01275 
vt 43.9907 -1.01125 
vt 43.9888 -1.00928 
vt 43.9888 -0.990722 
vt 43.9907 -0.988749 
vt 43.9898 -0.98725 
vt 43.9873 -0.9898 
vt 44.0093 -1.03992 
vt 43.9907 -1.03992 
vt 43.9898 -1.04181 
vt 44.0102 -1.04181 
vt 43.9898 -1.04181 
vt 44.0102 -1.04181 
vt 44.0093 -1.03992 
vt 43.9907 -1.03992 
vt 44.0295 -0.9925 
vt 44.0373 -0.994641 
vt 44.0373 -0.9925 
vt 44.0295 -0.994648 
vt 43.9627 -1.00536 
vt 43.9705 -1.0075 
vt 43.9705 -1.00535 
vt 43.9627 -1.0075 
vt 43.9627 -0.994641 
vt 43.9705 -0.9925 
vt 43.9627 -0.9925 
vt 43.9705 -0.994648 
vt 44.0373 -1.00536 
vt 44.0295 -1.00535 
vt 44.0295 -1.0075 
vt 44.0373 -1.0075 
vt 44.0057 -0.929626 
vt 44.0057 -0.92174 
vt 43.9943 -0.92174 
vt 44.0036 -0.919582 
vt 43.9964 -0.919582 
vt 43.9943 -0.929626 
vt 44.0036 -0.931784 
vt 43.9964 -0.931784 
vt 43.9898 -1.04181 
vt 44.0102 -1.04181 
vt 44.0093 -1.03992 
vt 43.9907 -1.03992 
vt 44.0127 -0.9898 
vt 44.0093 -0.988749 
vt 44.0112 -0.990722 
vt 44.0102 -0.98725 
vt 44.0102 -1.01275 
vt 44.0127 -1.0102 
vt 44.0112 -1.00928 
vt 44.0093 -1.01125 
vt 43.9591 -0.938808 
vt 43.965 -0.932943 
vt 43.958 -0.936077 
vt 43.9623 -0.931812 
vt 44.035 -0.932943 
vt 44.042 -0.936077 
vt 44.0377 -0.931812 
vt 44.0409 -0.938808 
vt 43.9902 -0.938808 
vt 44.0098 -0.938808 
vt 43.9902 -0.932943 
vt 44.0098 -0.932943 
vt 44.0098 -0.918423 
vt 43.9902 -0.918423 
vt 43.9902 -0.912558 
vt 44.0098 -0.912558 
vt 44.035 -0.932943 
vt 44.0409 -0.938808 
vt 44.042 -0.936077 
vt 44.0377 -0.931812 
vt 43.958 -0.936077 
vt 43.965 -0.932943 
vt 43.9623 -0.931812 
vt 43.9591 -0.938808 
vt 44.0054 -0.933558 
vt 44.0075 -0.93141 
vt 44.0057 -0.929626 
vt 44.0036 -0.931784 
vt 43.9943 -0.929626 
vt 43.9946 -0.933558 
vt 43.9964 -0.931784 
vt 43.9925 -0.93141 
vt 44.0098 -0.932943 
vt 43.9902 -0.938808 
vt 44.0098 -0.938808 
vt 43.9902 -0.932943 
vt 43.9902 -0.918423 
vt 44.0098 -0.918423 
vt 44.0098 -0.912558 
vt 43.9902 -0.912558 
vt 43.9931 -0.936105 
vt 43.9931 -0.968605 
vt 44.0069 -0.968605 
vt 44.0069 -0.936105 
vt 43.9946 -0.933558 
vt 43.9943 -0.929626 
vt 43.9925 -0.93141 
vt 43.9964 -0.931784 
vt 44.0054 -0.933558 
vt 44.0057 -0.929626 
vt 44.0036 -0.931784 
vt 44.0075 -0.93141 
vt 44.0069 -0.936105 
vt 43.9931 -0.968605 
vt 44.0069 -0.968605 
vt 43.9931 -0.936105 
vt 44.0373 -0.994641 
vt 44.0295 -0.994648 
vt 44.0295 -1.00535 
vt 44.0373 -1.00536 
vt 43.9627 -0.994641 
vt 43.9705 -1.00535 
vt 43.9705 -0.994648 
vt 43.9627 -1.00536 
vt 43.9946 -0.933558 
vt 44.0054 -0.933558 
vt 43.9964 -0.931784 
vt 44.0036 -0.931784 
vt 43.9946 -0.933558 
vt 44.0054 -0.933558 
vt 44.0036 -0.931784 
vt 43.9964 -0.931784 
vt 44.0093 -0.988749 
vt 43.9907 -0.988749 
vt 43.9888 -1.00928 
vt 43.9888 -0.990722 
vt 43.9907 -1.01125 
vt 44.0093 -1.01125 
vt 44.0112 -1.00928 
vt 44.0112 -0.990722 
vt 44.0333 -0.997007 
vt 44.0118 -0.997007 
vt 44.0118 -1.00299 
vt 44.0333 -1.00299 
vt 44.0226 -1.00299 
vt 44.0317 -0.997007 
vt 44.0226 -0.997007 
vt 44.0317 -1.00299 
vt 44.0226 -1.00299 
vt 44.0381 -1.00299 
vt 44.0226 -0.997007 
vt 44.0381 -0.997007 

usemtl Default31Mtl

f 1/1/1 2/2/2 3/3/3 
f 3/3/3 2/2/2 4/4/4 
f 5/5/5 1/1/1 3/3/3 
f 1/1/1 5/5/5 6/6/6 
f 1/1/1 6/6/6 7/7/7 
f 1/1/1 7/7/7 8/8/8 
f 9/9/9 10/10/10 11/11/11 
f 10/10/10 9/9/9 12/12/12 
f 13/13/13 14/14/14 15/15/15 
f 14/14/14 13/13/13 16/16/16 
f 17/17/17 18/18/18 19/19/19 
f 17/17/17 19/19/19 20/20/20 
f 21/21/21 22/22/22 23/23/23 
f 22/22/22 21/21/21 24/24/24 
f 25/25/25 26/26/26 27/27/27 
f 25/25/25 27/27/27 28/28/28 
f 29/29/29 30/30/30 31/31/31 
f 29/29/29 31/31/31 32/32/32 
f 33/33/33 34/34/34 35/35/35 
f 33/33/33 36/36/36 34/34/34 
f 37/37/37 34/34/34 36/36/36 
f 34/34/34 37/37/37 38/38/38 
f 39/39/39 40/40/40 41/41/41 
f 40/40/40 39/39/39 42/42/42 
f 43/43/43 44/44/44 45/45/45 
f 44/44/44 43/43/43 46/46/46 
f 46/46/46 43/43/43 47/47/47 
f 47/47/47 43/43/43 48/48/48 
f 49/49/49 50/50/50 51/51/51 
f 49/49/49 51/51/51 52/52/52 
f 53/53/53 54/54/54 55/55/55 
f 53/53/53 55/55/55 56/56/56 
f 57/57/57 58/58/58 59/59/59 
f 59/59/59 60/60/60 57/57/57 
f 61/61/61 62/62/62 63/63/63 
f 62/62/62 61/61/61 64/64/64 
f 65/65/65 66/66/66 67/67/67 
f 66/66/66 65/65/65 68/68/68 
f 69/69/69 70/70/70 71/71/71 
f 69/69/69 72/72/72 70/70/70 
f 73/73/73 74/74/74 75/75/75 
f 74/74/74 73/73/73 76/76/76 
f 77/77/77 78/78/78 79/79/79 
f 78/78/78 77/77/77 80/80/80 
f 81/81/81 82/82/82 83/83/83 
f 81/81/81 83/83/83 84/84/84 
f 85/85/85 86/86/86 87/87/87 
f 85/85/85 87/87/87 88/88/88 
f 89/89/89 90/90/90 91/91/91 
f 90/90/90 89/89/89 92/92/92 
f 93/93/93 94/94/94 95/95/95 
f 94/94/94 93/93/93 96/96/96 
f 97/97/97 98/98/98 99/99/99 
f 98/98/98 97/97/97 100/100/100 
f 101/101/101 102/102/102 103/103/103 
f 102/102/102 101/101/101 104/104/104 
f 105/105/105 106/106/106 107/107/107 
f 106/106/106 105/105/105 108/108/108 
f 109/109/109 110/110/110 111/111/111 
f 109/109/109 111/111/111 112/112/112 
f 113/113/113 114/114/114 115/115/115 
f 116/116/116 114/114/114 113/113/113 
f 117/117/117 118/118/118 119/119/119 
f 117/117/117 120/120/120 118/118/118 
f 121/121/121 122/122/122 123/123/123 
f 122/122/122 121/121/121 124/124/124 
f 125/125/125 126/126/126 127/127/127 
f 126/126/126 125/125/125 128/128/128 
f 129/129/129 130/130/130 131/131/131 
f 132/132/132 130/130/130 129/129/129 
f 133/133/133 134/134/134 135/135/135 
f 135/135/135 134/134/134 136/136/136 
f 137/137/137 138/138/138 139/139/139 
f 137/137/137 139/139/139 140/140/140 
f 141/141/141 142/142/142 143/143/143 
f 142/142/142 141/141/141 144/144/144 
f 145/145/145 146/146/146 147/147/147 
f 146/146/146 145/145/145 148/148/148 
f 149/149/149 150/150/150 151/151/151 
f 150/150/150 149/149/149 152/152/152 
f 153/153/153 154/154/154 155/155/155 
f 154/154/154 153/153/153 156/156/156 
f 157/157/157 158/158/158 159/159/159 
f 157/157/157 159/159/159 160/160/160 
f 161/161/161 162/162/162 163/163/163 
f 163/163/163 164/164/164 161/161/161 
f 165/165/165 166/166/166 167/167/167 
f 166/166/166 165/165/165 168/168/168 
f 169/169/169 170/170/170 171/171/171 
f 171/171/171 172/172/172 169/169/169 
f 172/172/172 171/171/171 173/173/173 
f 174/174/174 170/170/170 169/169/169 
f 175/175/175 170/170/170 174/174/174 
f 170/170/170 175/175/175 176/176/176 
f 177/177/177 178/178/178 179/179/179 
f 177/177/177 179/179/179 180/180/180 
f 181/181/181 182/182/182 183/183/183 
f 182/182/182 181/181/181 184/184/184 
f 182/182/182 184/184/184 185/185/185 
f 186/186/186 185/185/185 184/184/184 
f 187/187/187 185/185/185 186/186/186 
f 185/185/185 187/187/187 188/188/188 
f 189/189/189 190/190/190 191/191/191 
f 189/189/189 191/191/191 192/192/192 
f 192/192/192 191/191/191 193/193/193 
f 194/194/194 193/193/193 191/191/191 
f 195/195/195 196/196/196 197/197/197 
f 195/195/195 198/198/198 199/199/199 
f 200/200/200 201/201/201 202/202/202 
f 203/203/203 200/200/200 204/204/204 
f 205/205/205 206/206/206 207/207/207 
f 205/205/205 207/207/207 208/208/208 
f 209/209/209 210/210/210 211/211/211 
f 211/211/211 212/212/212 209/209/209 
f 212/212/212 213/213/213 209/209/209 
f 209/209/209 213/213/213 214/214/214 
f 215/215/215 216/216/216 217/217/217 
f 215/215/215 217/217/217 218/218/218 
f 219/219/219 220/220/220 221/221/221 
f 222/222/222 223/223/223 224/224/224 
f 225/225/225 226/226/226 227/227/227 
f 226/226/226 228/228/228 229/229/229 
f 230/230/230 231/231/231 232/232/232 
f 233/233/233 230/230/230 234/234/234 
f 235/235/235 236/236/236 237/237/237 
f 235/235/235 237/237/237 238/238/238 
f 239/239/239 240/240/240 241/241/241 
f 242/242/242 241/241/241 240/240/240 
f 243/243/243 244/244/244 245/245/245 
f 246/246/246 247/247/247 248/248/248 
f 249/249/249 250/250/250 251/251/251 
f 250/250/250 249/249/249 252/252/252 
f 253/253/253 250/250/250 252/252/252 
f 250/250/250 253/253/253 254/254/254 
f 255/255/255 256/256/256 257/257/257 
f 258/258/258 256/256/256 255/255/255 
f 259/259/259 260/260/260 261/261/261 
f 259/259/259 262/262/262 260/260/260 
f 263/263/263 260/260/260 262/262/262 
f 260/260/260 263/263/263 264/264/264 
f 265/265/265 266/266/266 267/267/267 
f 266/266/266 265/265/265 268/268/268 
f 265/265/265 269/269/269 268/268/268 
f 265/265/265 270/270/270 269/269/269 
f 271/271/271 272/272/272 273/273/273 
f 272/272/272 271/271/271 274/274/274 
f 275/275/275 276/276/276 277/277/277 
f 278/278/278 276/276/276 275/275/275 
f 279/279/279 280/280/280 281/281/281 
f 279/279/279 281/281/281 282/282/282 
f 283/283/283 284/284/284 285/285/285 
f 283/283/283 285/285/285 286/286/286 
f 284/284/284 287/287/287 285/285/285 
f 284/284/284 288/288/288 287/287/287 
f 289/289/289 290/290/290 291/291/291 
f 289/289/289 292/292/292 290/290/290 
f 292/292/292 293/293/293 290/290/290 
f 292/292/292 294/294/294 293/293/293 
f 295/295/295 296/296/296 297/297/297 
f 296/296/296 295/295/295 298/298/298 
f 299/299/299 300/300/300 301/301/301 
f 299/299/299 302/302/302 300/300/300 
f 303/303/303 304/304/304 305/305/305 
f 303/303/303 305/305/305 306/306/306 
f 307/307/307 308/308/308 309/309/309 
f 307/307/307 309/309/309 310/310/310 
f 311/311/311 312/312/312 313/313/313 
f 313/313/313 314/314/314 311/311/311 
f 315/315/315 316/316/316 317/317/317 
f 317/317/317 316/316/316 318/318/318 
f 319/319/319 320/320/320 321/321/321 
f 319/319/319 322/322/322 320/320/320 
f 323/323/323 324/324/324 325/325/325 
f 324/324/324 323/323/323 326/326/326 
f 327/327/327 328/328/328 329/329/329 
f 327/327/327 329/329/329 330/330/330 
f 331/331/331 332/332/332 333/333/333 
f 332/332/332 331/331/331 334/334/334 
f 335/335/335 334/334/334 331/331/331 
f 334/334/334 335/335/335 336/336/336 
f 335/335/335 337/337/337 336/336/336 
f 335/335/335 338/338/338 337/337/337 
f 338/338/338 339/339/339 337/337/337 
f 338/338/338 340/340/340 339/339/339 
f 341/341/341 342/342/342 343/343/343 
f 342/342/342 341/341/341 344/344/344 
f 345/345/345 346/346/346 347/347/347 
f 345/345/345 347/347/347 348/348/348 
f 349/349/349 350/350/350 351/351/351 
f 349/349/349 351/351/351 352/352/352 
f 352/352/352 351/351/351 353/353/353 
f 354/354/354 353/353/353 351/351/351 
f 355/355/355 356/356/356 357/357/357 
f 358/358/358 359/359/359 360/360/360 
f 361/361/361 362/362/362 363/363/363 
f 362/362/362 361/361/361 364/364/364 
f 365/365/365 366/366/366 367/367/367 
f 366/366/366 365/365/365 368/368/368 
f 369/369/369 370/370/370 371/371/371 
f 370/370/370 369/369/369 372/372/372 
f 373/373/373 374/374/374 375/375/375 
f 375/375/375 376/376/376 373/373/373 
f 377/377/377 378/378/378 379/379/379 
f 378/378/378 377/377/377 380/380/380 
f 381/381/381 382/382/382 383/383/383 
f 383/383/383 382/382/382 384/384/384 
f 385/385/385 386/386/386 387/387/387 
f 387/387/387 386/386/386 388/388/388 
f 389/389/389 386/386/386 385/385/385 
f 389/389/389 390/390/390 386/386/386 
f 390/390/390 389/389/389 391/391/391 
f 391/391/391 389/389/389 392/392/392 
f 393/393/393 394/394/394 395/395/395 
f 395/395/395 394/394/394 396/396/396 
f 394/394/394 393/393/393 397/397/397 
f 397/397/397 398/398/398 394/394/394 
f 398/398/398 397/397/397 399/399/399 
f 398/398/398 399/399/399 400/400/400 
f 401/401/401 402/402/402 403/403/403 
f 404/404/404 402/402/402 401/401/401 
f 402/402/402 404/404/404 405/405/405 
f 402/402/402 405/405/405 406/406/406 
f 406/406/406 405/405/405 407/407/407 
f 407/407/407 405/405/405 408/408/408 
f 409/409/409 410/410/410 411/411/411 
f 410/410/410 409/409/409 412/412/412 
f 412/412/412 409/409/409 413/413/413 
f 409/409/409 411/411/411 414/414/414 
f 414/414/414 411/411/411 415/415/415 
f 414/414/414 415/415/415 416/416/416 
f 417/417/417 418/418/418 419/419/419 
f 419/419/419 420/420/420 417/417/417 
f 421/421/421 422/422/422 423/423/423 
f 422/422/422 421/421/421 424/424/424 
f 425/425/425 426/426/426 427/427/427 
f 425/425/425 427/427/427 428/428/428 
f 427/427/427 429/429/429 428/428/428 
f 430/430/430 426/426/426 425/425/425 
f 427/427/427 431/431/431 429/429/429 
f 432/432/432 429/429/429 431/431/431 
f 431/431/431 433/433/433 432/432/432 
f 434/434/434 433/433/433 431/431/431 
f 434/434/434 435/435/435 433/433/433 
f 426/426/426 430/430/430 436/436/436 
f 436/436/436 430/430/430 437/437/437 
f 438/438/438 426/426/426 436/436/436 
f 434/434/434 426/426/426 438/438/438 
f 438/438/438 439/439/439 434/434/434 
f 435/435/435 434/434/434 439/439/439 
f 439/439/439 440/440/440 435/435/435 
f 441/441/441 442/442/442 443/443/443 
f 443/443/443 442/442/442 444/444/444 
f 442/442/442 441/441/441 445/445/445 
f 446/446/446 443/443/443 444/444/444 
f 446/446/446 444/444/444 447/447/447 
f 448/448/448 443/443/443 446/446/446 
f 449/449/449 443/443/443 448/448/448 
f 449/449/449 448/448/448 450/450/450 
f 449/449/449 450/450/450 451/451/451 
f 451/451/451 452/452/452 449/449/449 
f 452/452/452 451/451/451 453/453/453 
f 452/452/452 453/453/453 454/454/454 
f 441/441/441 452/452/452 454/454/454 
f 441/441/441 454/454/454 455/455/455 
f 455/455/455 445/445/445 441/441/441 
f 445/445/445 455/455/455 456/456/456 
f 457/457/457 458/458/458 459/459/459 
f 457/457/457 459/459/459 460/460/460 
f 461/461/461 462/462/462 463/463/463 
f 464/464/464 465/465/465 466/466/466 
f 467/467/467 468/468/468 469/469/469 
f 467/467/467 469/469/469 470/470/470 
f 471/471/471 472/472/472 473/473/473 
f 472/472/472 471/471/471 474/474/474 
f 474/474/474 475/475/475 472/472/472 
f 472/472/472 475/475/475 476/476/476 
f 477/477/477 478/478/478 479/479/479 
f 480/480/480 478/478/478 477/477/477 
f 479/479/479 478/478/478 481/481/481 
f 478/478/478 480/480/480 482/482/482 
f 481/481/481 483/483/483 479/479/479 
f 484/484/484 482/482/482 480/480/480 
f 479/479/479 483/483/483 485/485/485 
f 486/486/486 485/485/485 483/483/483 
f 485/485/485 486/486/486 487/487/487 
f 484/484/484 480/480/480 488/488/488 
f 488/488/488 489/489/489 484/484/484 
f 488/488/488 490/490/490 489/489/489 
f 491/491/491 492/492/492 493/493/493 
f 494/494/494 491/491/491 493/493/493 
f 493/493/493 495/495/495 494/494/494 
f 492/492/492 491/491/491 496/496/496 
f 497/497/497 492/492/492 496/496/496 
f 492/492/492 497/497/497 498/498/498 
f 497/497/497 499/499/499 498/498/498 
f 497/497/497 500/500/500 499/499/499 
f 501/501/501 499/499/499 500/500/500 
f 499/499/499 501/501/501 502/502/502 
f 503/503/503 502/502/502 501/501/501 
f 502/502/502 503/503/503 504/504/504 
f 505/505/505 506/506/506 507/507/507 
f 505/505/505 507/507/507 508/508/508 
f 507/507/507 509/509/509 508/508/508 
f 509/509/509 507/507/507 510/510/510 
f 511/511/511 512/512/512 513/513/513 
f 512/512/512 511/511/511 514/514/514 
f 515/515/515 516/516/516 517/517/517 
f 516/516/516 515/515/515 518/518/518 
f 519/519/519 520/520/520 521/521/521 
f 519/519/519 521/521/521 522/522/522 
f 523/523/523 524/524/524 525/525/525 
f 524/524/524 523/523/523 526/526/526 
f 527/527/527 528/528/528 529/529/529 
f 528/528/528 527/527/527 530/530/530 
f 531/531/531 532/532/532 533/533/533 
f 531/531/531 533/533/533 534/534/534 
f 535/535/535 536/536/536 537/537/537 
f 536/536/536 535/535/535 538/538/538 
f 539/539/539 540/540/540 541/541/541 
f 540/540/540 542/542/542 541/541/541 
f 543/543/543 544/544/544 545/545/545 
f 545/545/545 544/544/544 546/546/546 
f 547/547/547 548/548/548 549/549/549 
f 549/549/549 550/550/550 547/547/547 
f 551/551/551 552/552/552 553/553/553 
f 553/553/553 554/554/554 551/551/551 
f 554/554/554 555/555/555 551/551/551 
f 551/551/551 555/555/555 556/556/556 
f 557/557/557 558/558/558 559/559/559 
f 559/559/559 560/560/560 557/557/557 
f 561/561/561 562/562/562 563/563/563 
f 562/562/562 561/561/561 564/564/564 
f 565/565/565 566/566/566 567/567/567 
f 566/566/566 565/565/565 568/568/568 
f 569/569/569 570/570/570 571/571/571 
f 572/572/572 573/573/573 574/574/574 
f 573/573/573 572/572/572 575/575/575 
f 576/576/576 577/577/577 572/572/572 
f 577/577/577 576/576/576 578/578/578 
f 578/578/578 579/579/579 577/577/577 
f 580/580/580 579/579/579 578/578/578 
f 579/579/579 580/580/580 581/581/581 
f 578/578/578 576/576/576 582/582/582 
f 582/582/582 576/576/576 583/583/583 
f 583/583/583 584/584/584 582/582/582 
f 585/585/585 584/584/584 583/583/583 
f 586/586/586 587/587/587 588/588/588 
f 588/588/588 587/587/587 589/589/589 
f 587/587/587 590/590/590 589/589/589 
f 591/591/591 589/589/589 590/590/590 
f 586/586/586 588/588/588 592/592/592 
f 592/592/592 593/593/593 586/586/586 
f 593/593/593 594/594/594 586/586/586 
f 594/594/594 593/593/593 595/595/595 
f 592/592/592 596/596/596 597/597/597 
f 596/596/596 598/598/598 597/597/597 
f 598/598/598 596/596/596 599/599/599 
f 600/600/600 601/601/601 602/602/602 
f 603/603/603 604/604/604 605/605/605 
f 604/604/604 603/603/603 606/606/606 
f 607/607/607 608/608/608 609/609/609 
f 608/608/608 607/607/607 610/610/610 
f 611/611/611 612/612/612 613/613/613 
f 612/612/612 611/611/611 614/614/614 
f 615/615/615 614/614/614 611/611/611 
f 615/615/615 611/611/611 616/616/616 
f 617/617/617 618/618/618 619/619/619 
f 617/617/617 619/619/619 620/620/620 
f 621/621/621 617/617/617 620/620/620 
f 617/617/617 621/621/621 622/622/622 
f 623/623/623 624/624/624 625/625/625 
f 623/623/623 625/625/625 626/626/626 
f 626/626/626 625/625/625 627/627/627 
f 628/628/628 627/627/627 625/625/625 
f 629/629/629 630/630/630 631/631/631 
f 630/630/630 629/629/629 632/632/632 
f 630/630/630 633/633/633 631/631/631 
f 633/633/633 630/630/630 634/634/634 
f 634/634/634 635/635/635 633/633/633 
f 636/636/636 633/633/633 635/635/635 
f 637/637/637 636/636/636 635/635/635 
f 637/637/637 635/635/635 638/638/638 
f 639/639/639 640/640/640 641/641/641 
f 640/640/640 639/639/639 642/642/642 
f 643/643/643 644/644/644 645/645/645 
f 645/645/645 646/646/646 643/643/643 
f 647/647/647 648/648/648 649/649/649 
f 649/649/649 650/650/650 647/647/647 
f 651/651/651 652/652/652 653/653/653 
f 652/652/652 651/651/651 654/654/654 
f 655/655/655 656/656/656 657/657/657 
f 658/658/658 656/656/656 655/655/655 
f 659/659/659 660/660/660 661/661/661 
f 660/660/660 659/659/659 662/662/662 
f 663/663/663 664/664/664 665/665/665 
f 665/665/665 664/664/664 666/666/666 
f 667/667/667 668/668/668 669/669/669 
f 670/670/670 668/668/668 667/667/667 
f 671/671/671 672/672/672 673/673/673 
f 672/672/672 671/671/671 674/674/674 
f 675/675/675 676/676/676 677/677/677 
f 675/675/675 677/677/677 678/678/678 
f 679/679/679 680/680/680 681/681/681 
f 679/679/679 682/682/682 680/680/680 
f 683/683/683 684/684/684 685/685/685 
f 683/683/683 685/685/685 686/686/686 
f 687/687/687 688/688/688 689/689/689 
f 687/687/687 689/689/689 690/690/690 
f 691/691/691 692/692/692 693/693/693 
f 694/694/694 692/692/692 691/691/691 
f 695/695/695 696/696/696 697/697/697 
f 696/696/696 695/695/695 698/698/698 
f 699/699/699 700/700/700 701/701/701 
f 700/700/700 699/699/699 702/702/702 
f 703/703/703 704/704/704 705/705/705 
f 704/704/704 703/703/703 706/706/706 
f 707/707/707 708/708/708 709/709/709 
f 707/707/707 709/709/709 710/710/710 
f 711/711/711 712/712/712 713/713/713 
f 711/711/711 713/713/713 714/714/714 
f 712/712/712 711/711/711 715/715/715 
f 716/716/716 715/715/715 711/711/711 
f 715/715/715 716/716/716 717/717/717 
f 717/717/717 716/716/716 718/718/718 
f 719/719/719 720/720/720 721/721/721 
f 719/719/719 721/721/721 722/722/722 
f 719/719/719 722/722/722 723/723/723 
f 723/723/723 724/724/724 719/719/719 
f 725/725/725 726/726/726 727/727/727 
f 726/726/726 725/725/725 728/728/728 
f 729/729/729 730/730/730 731/731/731 
f 730/730/730 729/729/729 732/732/732 
f 733/733/733 734/734/734 735/735/735 
f 735/735/735 736/736/736 733/733/733 
f 737/737/737 738/738/738 739/739/739 
f 738/738/738 737/737/737 740/740/740 
f 737/737/737 741/741/741 740/740/740 
f 742/742/742 741/741/741 737/737/737 
f 743/743/743 744/744/744 745/745/745 
f 743/743/743 745/745/745 746/746/746 
f 747/747/747 748/748/748 749/749/749 
f 747/747/747 749/749/749 750/750/750 
f 751/751/751 752/752/752 753/753/753 
f 751/751/751 753/753/753 754/754/754 
f 755/755/755 756/756/756 757/757/757 
f 755/755/755 757/757/757 758/758/758 
f 759/759/759 760/760/760 761/761/761 
f 760/760/760 759/759/759 762/762/762 
f 763/763/763 764/764/764 765/765/765 
f 764/764/764 763/763/763 766/766/766 
f 767/767/767 768/768/768 769/769/769 
f 768/768/768 767/767/767 770/770/770 
f 771/771/771 772/772/772 773/773/773 
f 771/771/771 773/773/773 774/774/774 
f 775/775/775 776/776/776 777/777/777 
f 777/777/777 776/776/776 778/778/778 
f 777/777/777 778/778/778 779/779/779 
f 780/780/780 775/775/775 777/777/777 
f 775/775/775 780/780/780 781/781/781 
f 781/781/781 780/780/780 782/782/782 
f 783/783/783 784/784/784 785/785/785 
f 783/783/783 785/785/785 786/786/786 
f 787/787/787 788/788/788 789/789/789 
f 788/788/788 787/787/787 790/790/790 
f 791/791/791 792/792/792 793/793/793 
f 791/791/791 793/793/793 794/794/794 
f 795/795/795 796/796/796 797/797/797 
f 797/797/797 796/796/796 798/798/798 
f 799/799/799 800/800/800 801/801/801 
f 800/800/800 799/799/799 802/802/802 
f 803/803/803 804/804/804 805/805/805 
f 805/805/805 804/804/804 806/806/806 
f 805/805/805 806/806/806 807/807/807 
f 808/808/808 805/805/805 807/807/807 
f 808/808/808 807/807/807 809/809/809 
f 809/809/809 807/807/807 810/810/810 
f 811/811/811 812/812/812 813/813/813 
f 811/811/811 813/813/813 814/814/814 
f 815/815/815 816/816/816 817/817/817 
f 816/816/816 815/815/815 818/818/818 
f 819/819/819 820/820/820 821/821/821 
f 821/821/821 822/822/822 819/819/819 
f 823/823/823 824/824/824 825/825/825 
f 824/824/824 823/823/823 826/826/826 
f 827/827/827 828/828/828 829/829/829 
f 828/828/828 827/827/827 830/830/830 
f 827/827/827 831/831/831 830/830/830 
f 832/832/832 831/831/831 827/827/827 
f 831/831/831 832/832/832 833/833/833 
f 833/833/833 834/834/834 831/831/831 
f 835/835/835 836/836/836 837/837/837 
f 835/835/835 837/837/837 838/838/838 
f 839/839/839 840/840/840 841/841/841 
f 840/840/840 839/839/839 842/842/842 
f 843/843/843 844/844/844 845/845/845 
f 844/844/844 843/843/843 846/846/846 
f 847/847/847 848/848/848 849/849/849 
f 848/848/848 847/847/847 850/850/850 
f 851/851/851 852/852/852 853/853/853 
f 851/851/851 853/853/853 854/854/854 
f 855/855/855 856/856/856 857/857/857 
f 856/856/856 855/855/855 858/858/858 
f 859/859/859 860/860/860 861/861/861 
f 861/861/861 860/860/860 862/862/862 
f 863/863/863 864/864/864 865/865/865 
f 863/863/863 865/865/865 866/866/866 
f 867/867/867 868/868/868 869/869/869 
f 869/869/869 868/868/868 870/870/870 
f 871/871/871 867/867/867 869/869/869 
f 867/867/867 871/871/871 872/872/872 
f 867/867/867 872/872/872 873/873/873 
f 867/867/867 873/873/873 874/874/874 
f 875/875/875 876/876/876 877/877/877 
f 875/875/875 877/877/877 878/878/878 
f 879/879/879 880/880/880 881/881/881 
f 880/880/880 879/879/879 882/882/882 
f 883/883/883 884/884/884 885/885/885 
f 886/886/886 885/885/885 884/884/884 

g Default21

v 0.079227 0.103023 -0.087288 
v 0.079227 0.045443 -0.087288 
v 0.021639 0.045443 -0.087288 
v 0.091154 0.074233 -0.087288 
v 0.072965 0.0388829 -0.087288 
v 0.027901 0.0388829 -0.087288 
v 0.050433 -0.058597 -0.087288 
v 0.021639 0.103023 -0.087288 
v 0.050433 0.114953 -0.087288 
v 0.00971198 0.074233 -0.087288 
v 0.027901 0.0388829 -0.087288 
v 0.050433 -0.058597 -0.087288 
v 0.014782 -0.046667 -0.087288 
v 0.050433 -0.058597 -0.087288 
v 0.072965 0.0388829 -0.087288 
v 0.0860839 -0.046667 -0.087288 
v 0.050433 0.114953 0.087288 
v 0.021639 0.103023 0.087288 
v 0.079227 0.103023 0.087288 
v 0.021639 0.045443 0.087288 
v 0.00971198 0.074233 0.087288 
v 0.079227 0.045443 0.087288 
v 0.091154 0.074233 0.087288 
v 0.072965 0.0388829 0.087288 
v 0.027901 0.0388829 0.087288 
v 0.050433 -0.058597 0.087288 
v 0.072965 0.0388829 0.087288 
v 0.050433 -0.058597 0.087288 
v 0.0860839 -0.046667 0.087288 
v 0.027901 0.0388829 0.087288 
v 0.014782 -0.046667 0.087288 
v 0.050433 -0.058597 0.087288 

vn 0 0 -1 
vn 0 0 -1 
vn 0 0 -1 
vn 0 0 -1 
vn 0 0 -1 
vn 0 0 -1 
vn 0 0 -1 
vn 0 0 -1 
vn 0 0 -1 
vn 0 0 -1 
vn 0 0 -1 
vn 0 0 -1 
vn 0 0 -1 
vn 0 0 -1 
vn 0 0 -1 
vn 0 0 -1 
vn 0 0 1 
vn 0 0 1 
vn 0 0 1 
vn 0 0 1 
vn 0 0 1 
vn 0 0 1 
vn 0 0 1 
vn 0 0 1 
vn 0 0 1 
vn 0 0 1 
vn 0 0 1 
vn 0 0 1 
vn 0 0 1 
vn 0 0 1 
vn 0 0 1 
vn 0 0 1 

vt 59.9964 -48.9906 
vt 59.9964 -48.9978 
vt 60.0036 -48.9978 
vt 59.9949 -48.9942 
vt 59.9972 -48.9987 
vt 60.0028 -48.9987 
vt 60 -49.0108 
vt 60.0036 -48.9906 
vt 60 -48.9892 
vt 60.0051 -48.9942 
vt 60.0028 -48.9987 
vt 60 -49.0108 
vt 60.0045 -49.0094 
vt 60 -49.0108 
vt 59.9972 -48.9987 
vt 59.9955 -49.0094 
vt 60 -48.9892 
vt 59.9964 -48.9906 
vt 60.0036 -48.9906 
vt 59.9964 -48.9978 
vt 59.9949 -48.9942 
vt 60.0036 -48.9978 
vt 60.0051 -48.9942 
vt 60.0028 -48.9987 
vt 59.9972 -48.9987 
vt 60 -49.0108 
vt 60.0028 -48.9987 
vt 60 -49.0108 
vt 60.0045 -49.0094 
vt 59.9972 -48.9987 
vt 59.9955 -49.0094 
vt 60 -49.0108 

usemtl Default31Mtl

f 887/887/887 888/888/888 889/889/889 
f 888/888/888 887/887/887 890/890/890 
f 889/889/889 888/888/888 891/891/891 
f 889/889/889 891/891/891 892/892/892 
f 893/893/893 892/892/892 891/891/891 
f 894/894/894 887/887/887 889/889/889 
f 887/887/887 894/894/894 895/895/895 
f 894/894/894 889/889/889 896/896/896 
f 897/897/897 898/898/898 899/899/899 
f 900/900/900 901/901/901 902/902/902 
f 903/903/903 904/904/904 905/905/905 
f 904/904/904 906/906/906 905/905/905 
f 906/906/906 904/904/904 907/907/907 
f 906/906/906 908/908/908 905/905/905 
f 905/905/905 908/908/908 909/909/909 
f 908/908/908 906/906/906 910/910/910 
f 910/910/910 906/906/906 911/911/911 
f 912/912/912 910/910/910 911/911/911 
f 913/913/913 914/914/914 915/915/915 
f 916/916/916 917/917/917 918/918/918 

g Default11

v -0.460485 0.578563 -0.002253 
v -0.458316 0.581183 0.00143403 
v -0.460485 0.578563 0.00143403 
v -0.458316 0.581183 -0.002253 
v -0.456951 0.585103 0.00143403 
v -0.456951 0.585103 -0.002253 
v -0.45587 0.591783 -0.002253 
v -0.45587 0.591783 0.00143403 
v -0.535404 0.585303 0.00143403 
v -0.538508 0.590733 0.00143403 
v -0.538508 0.590733 -0.002253 
v -0.539994 0.595583 -0.002253 
v -0.535404 0.585303 -0.002253 
v -0.531912 0.581173 0.00143403 
v -0.531912 0.581173 -0.002253 
v -0.539994 0.595583 0.00143403 
v -0.540432 0.600533 -0.002253 
v -0.540432 0.600533 0.00143403 
v -0.539994 0.605473 -0.002253 
v -0.539994 0.605473 0.00143403 
v -0.538508 0.610323 -0.002253 
v -0.538508 0.610323 0.00143403 
v -0.535404 0.615753 -0.002253 
v -0.535404 0.615753 0.00143403 
v -0.531912 0.619883 -0.002253 
v -0.531912 0.619883 0.00143403 
v -0.438008 0.559863 -0.020392 
v -0.438008 0.559863 0.020391 
v -0.456175 0.559863 0.020391 
v -0.456175 0.559863 -0.020392 
v -0.456951 0.585103 -0.002253 
v -0.458316 0.581183 -0.002253 
v -0.460301 0.582303 -0.00494295 
v -0.456951 0.585103 -0.002253 
v -0.460301 0.582303 -0.00494295 
v -0.459133 0.585653 -0.00494295 
v -0.456951 0.585103 0.00143403 
v -0.460301 0.582303 0.00412405 
v -0.458316 0.581183 0.00143403 
v -0.460301 0.582303 0.00412405 
v -0.456951 0.585103 0.00143403 
v -0.459133 0.585653 0.00412405 
v -0.459133 0.585653 -0.00494295 
v -0.45587 0.591783 -0.002253 
v -0.456951 0.585103 -0.002253 
v -0.45587 0.591783 0.00143403 
v -0.459133 0.585653 0.00412405 
v -0.456951 0.585103 0.00143403 
v -0.459133 0.585653 0.00412405 
v -0.45587 0.591783 0.00143403 
v -0.457778 0.594033 0.00412405 
v -0.459133 0.585653 -0.00494295 
v -0.457778 0.594033 -0.00494295 
v -0.45587 0.591783 -0.002253 
v -0.438008 0.632083 0.027188 
v -0.456175 0.632083 -0.027189 
v -0.456175 0.632083 0.027188 
v -0.438008 0.632083 -0.027189 
v -0.461823 0.580463 -0.00494295 
v -0.458316 0.581183 -0.002253 
v -0.460485 0.578563 -0.002253 
v -0.461823 0.580463 -0.00494295 
v -0.460301 0.582303 -0.00494295 
v -0.458316 0.581183 -0.002253 
v -0.458316 0.581183 0.00143403 
v -0.461823 0.580463 0.00412405 
v -0.460485 0.578563 0.00143403 
v -0.461823 0.580463 0.00412405 
v -0.458316 0.581183 0.00143403 
v -0.460301 0.582303 0.00412405 
v -0.537781 0.605043 -0.00494295 
v -0.540432 0.600533 -0.002253 
v -0.539994 0.605473 -0.002253 
v -0.540432 0.600533 0.00143403 
v -0.537781 0.605043 0.00412405 
v -0.539994 0.605473 0.00143403 
v -0.539994 0.605473 -0.002253 
v -0.536438 0.609423 -0.00494295 
v -0.537781 0.605043 -0.00494295 
v -0.536438 0.609423 -0.00494295 
v -0.539994 0.605473 -0.002253 
v -0.538508 0.610323 -0.002253 
v -0.540432 0.600533 -0.002253 
v -0.537781 0.605043 -0.00494295 
v -0.538181 0.600533 -0.00494295 
v -0.537781 0.596013 -0.00494295 
v -0.536438 0.609423 0.00412405 
v -0.539994 0.605473 0.00143403 
v -0.537781 0.605043 0.00412405 
v -0.539994 0.605473 0.00143403 
v -0.536438 0.609423 0.00412405 
v -0.538508 0.610323 0.00143403 
v -0.537781 0.596013 0.00412405 
v -0.538181 0.600533 0.00412405 
v -0.540432 0.600533 0.00143403 
v -0.537781 0.605043 0.00412405 
v -0.540432 0.600533 -0.002253 
v -0.537781 0.596013 -0.00494295 
v -0.539994 0.595583 -0.002253 
v -0.536438 0.591633 -0.00494295 
v -0.536438 0.591633 0.00412405 
v -0.537781 0.596013 0.00412405 
v -0.539994 0.595583 0.00143403 
v -0.540432 0.600533 0.00143403 
v -0.538508 0.610323 -0.002253 
v -0.53356 0.614463 -0.00494295 
v -0.536438 0.609423 -0.00494295 
v -0.538508 0.610323 -0.002253 
v -0.535404 0.615753 -0.002253 
v -0.53356 0.614463 -0.00494295 
v -0.53356 0.614463 0.00412405 
v -0.538508 0.610323 0.00143403 
v -0.536438 0.609423 0.00412405 
v -0.538508 0.610323 0.00143403 
v -0.53356 0.614463 0.00412405 
v -0.535404 0.615753 0.00143403 
v -0.438008 0.559863 0.020391 
v -0.438008 0.576853 0.033985 
v -0.456175 0.559863 0.020391 
v -0.456175 0.576853 0.033985 
v -0.438008 0.623583 0.033985 
v -0.456175 0.623583 0.033985 
v -0.456175 0.632083 0.027188 
v -0.438008 0.632083 0.027188 
v -0.539994 0.595583 -0.002253 
v -0.536438 0.591633 -0.00494295 
v -0.538508 0.590733 -0.002253 
v -0.538508 0.590733 0.00143403 
v -0.536438 0.591633 0.00412405 
v -0.539994 0.595583 0.00143403 
v -0.456175 0.576853 -0.033986 
v -0.438008 0.559863 -0.020392 
v -0.456175 0.559863 -0.020392 
v -0.438008 0.576853 -0.033986 
v -0.456175 0.623583 -0.033986 
v -0.438008 0.623583 -0.033986 
v -0.438008 0.632083 -0.027189 
v -0.456175 0.632083 -0.027189 
v -0.531912 0.619883 -0.002253 
v -0.53356 0.614463 -0.00494295 
v -0.535404 0.615753 -0.002253 
v -0.53356 0.614463 -0.00494295 
v -0.531912 0.619883 -0.002253 
v -0.530302 0.618323 -0.00494295 
v -0.53356 0.614463 0.00412405 
v -0.531912 0.619883 0.00143403 
v -0.535404 0.615753 0.00143403 
v -0.531912 0.619883 0.00143403 
v -0.53356 0.614463 0.00412405 
v -0.530302 0.618323 0.00412405 
v -0.538508 0.590733 -0.002253 
v -0.53356 0.586593 -0.00494295 
v -0.535404 0.585303 -0.002253 
v -0.53356 0.586593 -0.00494295 
v -0.538508 0.590733 -0.002253 
v -0.536438 0.591633 -0.00494295 
v -0.527478 0.623843 -0.002253 
v -0.530302 0.618323 -0.00494295 
v -0.531912 0.619883 -0.002253 
v -0.535404 0.585303 0.00143403 
v -0.53356 0.586593 0.00412405 
v -0.538508 0.590733 0.00143403 
v -0.53356 0.586593 0.00412405 
v -0.536438 0.591633 0.00412405 
v -0.538508 0.590733 0.00143403 
v -0.530302 0.618323 -0.00494295 
v -0.527478 0.623843 -0.002253 
v -0.525524 0.622583 -0.00494295 
v -0.526158 0.622013 0.00412405 
v -0.531912 0.619883 0.00143403 
v -0.530302 0.618323 0.00412405 
v -0.531912 0.619883 0.00143403 
v -0.526158 0.622013 0.00412405 
v -0.527478 0.623843 0.00143403 
v -0.522435 0.626753 -0.002253 
v -0.525524 0.622583 -0.00494295 
v -0.527478 0.623843 -0.002253 
v -0.53356 0.586593 -0.00494295 
v -0.531912 0.581173 -0.002253 
v -0.535404 0.585303 -0.002253 
v -0.531912 0.581173 -0.002253 
v -0.53356 0.586593 -0.00494295 
v -0.530302 0.582733 -0.00494295 
v -0.522435 0.626753 0.00143403 
v -0.527478 0.623843 0.00143403 
v -0.526158 0.622013 0.00412405 
v -0.53356 0.586593 0.00412405 
v -0.531912 0.581173 0.00143403 
v -0.530302 0.582733 0.00412405 
v -0.52156 0.624663 0.00412405 
v -0.522435 0.626753 0.00143403 
v -0.526158 0.622013 0.00412405 
v -0.531912 0.581173 0.00143403 
v -0.53356 0.586593 0.00412405 
v -0.535404 0.585303 0.00143403 
v -0.526158 0.579043 -0.00494295 
v -0.531912 0.581173 -0.002253 
v -0.530302 0.582733 -0.00494295 
v -0.531912 0.581173 -0.002253 
v -0.526158 0.579043 -0.00494295 
v -0.527478 0.577213 -0.002253 
v -0.531912 0.581173 0.00143403 
v -0.526158 0.579043 0.00412405 
v -0.530302 0.582733 0.00412405 
v -0.531912 0.581173 0.00143403 
v -0.527478 0.577213 0.00143403 
v -0.526158 0.579043 0.00412405 
v -0.527478 0.623843 -0.002253 
v -0.531912 0.619883 -0.002253 
v -0.531912 0.619883 0.00143403 
v -0.527478 0.623843 0.00143403 
v -0.522435 0.626753 -0.002253 
v -0.522435 0.626753 0.00143403 
v -0.516837 0.628313 -0.002253 
v -0.516837 0.628313 0.00143403 
v -0.511017 0.628933 -0.002253 
v -0.511017 0.628933 0.00143403 
v -0.505142 0.628203 -0.002253 
v -0.505142 0.628203 0.00143403 
v -0.499821 0.626723 -0.002253 
v -0.499821 0.626723 0.00143403 
v -0.494888 0.623923 -0.002253 
v -0.494888 0.623923 0.00143403 
v -0.490565 0.620423 -0.002253 
v -0.490565 0.620423 0.00143403 
v -0.505599 0.626003 0.00412405 
v -0.511017 0.626673 0.00412405 
v -0.516427 0.626103 0.00412405 
v -0.516427 0.626103 0.00412405 
v -0.516837 0.628313 0.00143403 
v -0.52156 0.624663 0.00412405 
v -0.516837 0.628313 0.00143403 
v -0.522435 0.626753 0.00143403 
v -0.52156 0.624663 0.00412405 
v -0.525524 0.622583 -0.00494295 
v -0.522435 0.626753 -0.002253 
v -0.522435 0.624373 -0.00494295 
v -0.516837 0.625943 -0.00494295 
v -0.516837 0.628313 -0.002253 
v -0.511017 0.628933 -0.002253 
v -0.522435 0.574303 -0.002253 
v -0.527478 0.577213 -0.002253 
v -0.526158 0.579043 -0.00494295 
v -0.52156 0.576393 -0.00494295 
v -0.522435 0.574303 -0.002253 
v -0.526158 0.579043 -0.00494295 
v -0.522435 0.574303 0.00143403 
v -0.526158 0.579043 0.00412405 
v -0.527478 0.577213 0.00143403 
v -0.526158 0.579043 0.00412405 
v -0.522435 0.574303 0.00143403 
v -0.521438 0.576323 0.00412405 
v -0.511017 0.628933 0.00143403 
v -0.516837 0.628313 0.00143403 
v -0.516427 0.626103 0.00412405 
v -0.46339 0.577513 -0.002253 
v -0.461823 0.580463 -0.00494295 
v -0.460485 0.578563 -0.002253 
v -0.461823 0.580463 0.00412405 
v -0.46339 0.577513 0.00143403 
v -0.460485 0.578563 0.00143403 
v -0.516837 0.625943 -0.00494295 
v -0.511017 0.628933 -0.002253 
v -0.510565 0.626613 -0.00494295 
v -0.505142 0.628203 -0.002253 
v -0.516837 0.572743 0.00143403 
v -0.521438 0.576323 0.00412405 
v -0.522435 0.574303 0.00143403 
v -0.516414 0.574953 -0.00494295 
v -0.516837 0.572743 -0.002253 
v -0.52156 0.576393 -0.00494295 
v -0.516837 0.572743 -0.002253 
v -0.522435 0.574303 -0.002253 
v -0.52156 0.576393 -0.00494295 
v -0.510565 0.626613 -0.00494295 
v -0.505142 0.628203 -0.002253 
v -0.505584 0.625993 -0.00494295 
v -0.511017 0.628933 0.00143403 
v -0.505599 0.626003 0.00412405 
v -0.505142 0.628203 0.00143403 
v -0.527478 0.577213 0.00143403 
v -0.531912 0.581173 0.00143403 
v -0.531912 0.581173 -0.002253 
v -0.527478 0.577213 -0.002253 
v -0.522435 0.574303 0.00143403 
v -0.522435 0.574303 -0.002253 
v -0.516837 0.572743 0.00143403 
v -0.516837 0.572743 -0.002253 
v -0.511017 0.572123 0.00143403 
v -0.511017 0.572123 -0.002253 
v -0.505142 0.572853 0.00143403 
v -0.505142 0.572853 -0.002253 
v -0.499821 0.574343 0.00143403 
v -0.499821 0.574343 -0.002253 
v -0.494888 0.577133 0.00143403 
v -0.494888 0.577133 -0.002253 
v -0.490565 0.580633 0.00143403 
v -0.490565 0.580633 -0.002253 
v -0.505584 0.575063 -0.00494295 
v -0.511037 0.574383 -0.00494295 
v -0.516414 0.574953 -0.00494295 
v -0.521438 0.576323 0.00412405 
v -0.516837 0.572743 0.00143403 
v -0.516837 0.575033 0.00412405 
v -0.511017 0.572123 0.00143403 
v -0.511017 0.572123 -0.002253 
v -0.516837 0.572743 -0.002253 
v -0.516414 0.574953 -0.00494295 
v -0.499821 0.626723 -0.002253 
v -0.500686 0.624633 -0.00494295 
v -0.505142 0.628203 -0.002253 
v -0.500686 0.624633 -0.00494295 
v -0.505584 0.625993 -0.00494295 
v -0.505142 0.628203 -0.002253 
v -0.500686 0.624633 0.00412405 
v -0.505142 0.628203 0.00143403 
v -0.505599 0.626003 0.00412405 
v -0.505142 0.628203 0.00143403 
v -0.500686 0.624633 0.00412405 
v -0.499821 0.626723 0.00143403 
v -0.516837 0.575033 0.00412405 
v -0.511017 0.572123 0.00143403 
v -0.510891 0.574403 0.00412405 
v -0.505584 0.575063 0.00412405 
v -0.511017 0.572123 -0.002253 
v -0.505584 0.575063 -0.00494295 
v -0.505142 0.572853 -0.002253 
v -0.511017 0.572123 0.00143403 
v -0.505142 0.572853 0.00143403 
v -0.505584 0.575063 0.00412405 
v -0.496155 0.622063 -0.00494295 
v -0.500686 0.624633 -0.00494295 
v -0.499821 0.626723 -0.002253 
v -0.494888 0.623923 -0.002253 
v -0.496155 0.622063 -0.00494295 
v -0.499821 0.626723 -0.002253 
v -0.496155 0.622063 0.00412405 
v -0.499821 0.626723 0.00143403 
v -0.500686 0.624633 0.00412405 
v -0.499821 0.626723 0.00143403 
v -0.496155 0.622063 0.00412405 
v -0.494888 0.623923 0.00143403 
v -0.490565 0.620423 0.00143403 
v -0.48674 0.616063 -0.002253 
v -0.490565 0.620423 -0.002253 
v -0.48674 0.616063 0.00143403 
v -0.483654 0.610053 -0.002253 
v -0.483654 0.610053 0.00143403 
v -0.500686 0.576423 -0.00494295 
v -0.505142 0.572853 -0.002253 
v -0.505584 0.575063 -0.00494295 
v -0.499821 0.574343 0.00143403 
v -0.500686 0.576423 0.00412405 
v -0.505142 0.572853 0.00143403 
v -0.505142 0.572853 -0.002253 
v -0.500686 0.576423 -0.00494295 
v -0.499821 0.574343 -0.002253 
v -0.500686 0.576423 0.00412405 
v -0.505584 0.575063 0.00412405 
v -0.505142 0.572853 0.00143403 
v -0.494888 0.623923 -0.002253 
v -0.492125 0.618803 -0.00494295 
v -0.496155 0.622063 -0.00494295 
v -0.492125 0.618803 -0.00494295 
v -0.494888 0.623923 -0.002253 
v -0.490565 0.620423 -0.002253 
v -0.492125 0.618803 0.00412405 
v -0.494888 0.623923 0.00143403 
v -0.496155 0.622063 0.00412405 
v -0.494888 0.623923 0.00143403 
v -0.492125 0.618803 0.00412405 
v -0.490565 0.620423 0.00143403 
v -0.470878 0.580273 -0.002253 
v -0.468393 0.578213 0.00143403 
v -0.470878 0.580273 0.00143403 
v -0.468393 0.578213 -0.002253 
v -0.466644 0.577513 0.00143403 
v -0.466644 0.577513 -0.002253 
v -0.46339 0.577513 0.00143403 
v -0.466212 0.579753 0.00412405 
v -0.466644 0.577513 0.00143403 
v -0.46339 0.577513 -0.002253 
v -0.461823 0.580463 0.00412405 
v -0.463783 0.579753 0.00412405 
v -0.466212 0.579753 0.00412405 
v -0.460485 0.578563 0.00143403 
v -0.460485 0.578563 -0.002253 
v -0.466212 0.579753 -0.00494295 
v -0.466644 0.577513 -0.002253 
v -0.466212 0.579753 -0.00494295 
v -0.463783 0.579753 -0.00494295 
v -0.461823 0.580463 -0.00494295 
v -0.490565 0.620423 -0.002253 
v -0.488608 0.614783 -0.00494295 
v -0.492125 0.618803 -0.00494295 
v -0.488608 0.614783 -0.00494295 
v -0.490565 0.620423 -0.002253 
v -0.48674 0.616063 -0.002253 
v -0.488608 0.614783 0.00412405 
v -0.490565 0.620423 0.00143403 
v -0.492125 0.618803 0.00412405 
v -0.490565 0.620423 0.00143403 
v -0.488608 0.614783 0.00412405 
v -0.48674 0.616063 0.00143403 
v -0.496155 0.578993 -0.00494295 
v -0.499821 0.574343 -0.002253 
v -0.500686 0.576423 -0.00494295 
v -0.499821 0.574343 -0.002253 
v -0.496155 0.578993 -0.00494295 
v -0.494888 0.577133 -0.002253 
v -0.496155 0.578993 0.00412405 
v -0.500686 0.576423 0.00412405 
v -0.499821 0.574343 0.00143403 
v -0.494888 0.577133 0.00143403 
v -0.496155 0.578993 0.00412405 
v -0.499821 0.574343 0.00143403 
v -0.48674 0.585003 0.00143403 
v -0.490565 0.580633 0.00143403 
v -0.490565 0.580633 -0.002253 
v -0.48674 0.585003 -0.002253 
v -0.483654 0.591783 0.00143403 
v -0.483654 0.591783 -0.002253 
v -0.492125 0.582253 -0.00494295 
v -0.494888 0.577133 -0.002253 
v -0.496155 0.578993 -0.00494295 
v -0.494888 0.577133 -0.002253 
v -0.492125 0.582253 -0.00494295 
v -0.490565 0.580633 -0.002253 
v -0.494888 0.577133 0.00143403 
v -0.492125 0.582253 0.00412405 
v -0.496155 0.578993 0.00412405 
v -0.492125 0.582253 0.00412405 
v -0.494888 0.577133 0.00143403 
v -0.490565 0.580633 0.00143403 
v -0.488608 0.614783 -0.00494295 
v -0.483654 0.610053 -0.002253 
v -0.485023 0.607813 -0.00494295 
v -0.483654 0.610053 -0.002253 
v -0.488608 0.614783 -0.00494295 
v -0.48674 0.616063 -0.002253 
v -0.488608 0.614783 0.00412405 
v -0.483654 0.610053 0.00143403 
v -0.48674 0.616063 0.00143403 
v -0.488608 0.614783 0.00412405 
v -0.485023 0.607813 0.00412405 
v -0.483654 0.610053 0.00143403 
v -0.488644 0.586223 -0.00494295 
v -0.490565 0.580633 -0.002253 
v -0.492125 0.582253 -0.00494295 
v -0.490565 0.580633 -0.002253 
v -0.488644 0.586223 -0.00494295 
v -0.48674 0.585003 -0.002253 
v -0.490565 0.580633 0.00143403 
v -0.488644 0.586223 0.00412405 
v -0.492125 0.582253 0.00412405 
v -0.488644 0.586223 0.00412405 
v -0.490565 0.580633 0.00143403 
v -0.48674 0.585003 0.00143403 
v -0.483654 0.591783 -0.002253 
v -0.48674 0.585003 -0.002253 
v -0.488644 0.586223 -0.00494295 
v -0.488644 0.586223 -0.00494295 
v -0.485098 0.594033 -0.00494295 
v -0.483654 0.591783 -0.002253 
v -0.483654 0.591783 0.00143403 
v -0.488644 0.586223 0.00412405 
v -0.48674 0.585003 0.00143403 
v -0.488644 0.586223 0.00412405 
v -0.483654 0.591783 0.00143403 
v -0.485098 0.594033 0.00412405 
v -0.483654 0.610053 0.00143403 
v -0.432076 0.610053 -0.002253 
v -0.483654 0.610053 -0.002253 
v -0.432076 0.610053 0.00143403 
v -0.432337 0.607813 -0.00494295 
v -0.485023 0.607813 -0.00494295 
v -0.483654 0.610053 -0.002253 
v -0.432337 0.607813 -0.00494295 
v -0.483654 0.610053 -0.002253 
v -0.432076 0.610053 -0.002253 
v -0.432337 0.607813 0.00412405 
v -0.483654 0.610053 0.00143403 
v -0.485023 0.607813 0.00412405 
v -0.483654 0.610053 0.00143403 
v -0.432337 0.607813 0.00412405 
v -0.432076 0.610053 0.00143403 
v -0.467233 0.580163 -0.00494295 
v -0.466644 0.577513 -0.002253 
v -0.468393 0.578213 -0.002253 
v -0.466644 0.577513 0.00143403 
v -0.467233 0.580163 0.00412405 
v -0.468393 0.578213 0.00143403 
v -0.466644 0.577513 -0.002253 
v -0.467233 0.580163 -0.00494295 
v -0.466212 0.579753 -0.00494295 
v -0.467233 0.580163 0.00412405 
v -0.466644 0.577513 0.00143403 
v -0.466212 0.579753 0.00412405 
v -0.45587 0.591783 -0.002253 
v -0.445548 0.591783 -0.002253 
v -0.445548 0.591783 0.00143403 
v -0.45587 0.591783 0.00143403 
v -0.474062 0.591783 0.00143403 
v -0.483654 0.591783 -0.002253 
v -0.474062 0.591783 -0.002253 
v -0.483654 0.591783 0.00143403 
v -0.457778 0.594033 -0.00494295 
v -0.445548 0.591783 -0.002253 
v -0.45587 0.591783 -0.002253 
v -0.443479 0.594033 -0.00494295 
v -0.485098 0.594033 -0.00494295 
v -0.474062 0.591783 -0.002253 
v -0.483654 0.591783 -0.002253 
v -0.474062 0.591783 -0.002253 
v -0.485098 0.594033 -0.00494295 
v -0.472154 0.594033 -0.00494295 
v -0.445548 0.591783 0.00143403 
v -0.457778 0.594033 0.00412405 
v -0.45587 0.591783 0.00143403 
v -0.443479 0.594033 0.00412405 
v -0.474062 0.591783 0.00143403 
v -0.485098 0.594033 0.00412405 
v -0.483654 0.591783 0.00143403 
v -0.485098 0.594033 0.00412405 
v -0.474062 0.591783 0.00143403 
v -0.472154 0.594033 0.00412405 
v -0.464672 0.566233 0.016992 
v -0.456175 0.576853 0.033985 
v -0.464672 0.580393 0.02832 
v -0.464672 0.626423 0.022656 
v -0.456175 0.623583 0.033985 
v -0.456175 0.632083 0.027188 
v -0.456175 0.623583 0.033985 
v -0.464672 0.626423 0.022656 
v -0.464672 0.619343 0.02832 
v -0.456175 0.576853 0.033985 
v -0.464672 0.566233 0.016992 
v -0.456175 0.559863 0.020391 
v -0.464672 0.566233 0.016992 
v -0.456175 0.559863 -0.020392 
v -0.456175 0.559863 0.020391 
v -0.464672 0.566233 -0.016994 
v -0.456175 0.576853 -0.033986 
v -0.464672 0.566233 -0.016994 
v -0.464672 0.580393 -0.028322 
v -0.464672 0.566233 -0.016994 
v -0.456175 0.576853 -0.033986 
v -0.456175 0.559863 -0.020392 
v -0.456175 0.623583 -0.033986 
v -0.464672 0.626423 -0.022658 
v -0.456175 0.632083 -0.027189 
v -0.464672 0.626423 -0.022658 
v -0.456175 0.623583 -0.033986 
v -0.464672 0.619343 -0.028322 
v -0.464672 0.619343 0.02832 
v -0.456175 0.576853 0.033985 
v -0.456175 0.623583 0.033985 
v -0.456175 0.576853 0.033985 
v -0.464672 0.619343 0.02832 
v -0.464672 0.580393 0.02832 
v -0.492125 0.618803 -0.00494295 
v -0.49692 0.610683 -0.00494295 
v -0.499113 0.613363 -0.00494295 
v -0.49692 0.610683 -0.00494295 
v -0.492125 0.618803 -0.00494295 
v -0.488608 0.614783 -0.00494295 
v -0.492125 0.618803 -0.00494295 
v -0.499113 0.613363 -0.00494295 
v -0.496155 0.622063 -0.00494295 
v -0.488608 0.614783 -0.00494295 
v -0.49529 0.607643 -0.00494295 
v -0.49692 0.610683 -0.00494295 
v -0.501785 0.615553 -0.00494295 
v -0.496155 0.622063 -0.00494295 
v -0.499113 0.613363 -0.00494295 
v -0.496155 0.622063 -0.00494295 
v -0.501785 0.615553 -0.00494295 
v -0.500686 0.624633 -0.00494295 
v -0.504834 0.617183 -0.00494295 
v -0.500686 0.624633 -0.00494295 
v -0.501785 0.615553 -0.00494295 
v -0.500686 0.624633 -0.00494295 
v -0.504834 0.617183 -0.00494295 
v -0.505584 0.625993 -0.00494295 
v -0.508142 0.618183 -0.00494295 
v -0.505584 0.625993 -0.00494295 
v -0.504834 0.617183 -0.00494295 
v -0.505584 0.625993 -0.00494295 
v -0.508142 0.618183 -0.00494295 
v -0.510565 0.626613 -0.00494295 
v -0.511582 0.618523 -0.00494295 
v -0.510565 0.626613 -0.00494295 
v -0.508142 0.618183 -0.00494295 
v -0.511582 0.618523 -0.00494295 
v -0.516837 0.625943 -0.00494295 
v -0.510565 0.626613 -0.00494295 
v -0.516837 0.625943 -0.00494295 
v -0.511582 0.618523 -0.00494295 
v -0.515022 0.618183 -0.00494295 
v -0.516837 0.617633 -0.00494295 
v -0.516837 0.625943 -0.00494295 
v -0.515022 0.618183 -0.00494295 
v -0.516837 0.617633 -0.00494295 
v -0.522435 0.624373 -0.00494295 
v -0.516837 0.625943 -0.00494295 
v -0.522435 0.624373 -0.00494295 
v -0.516837 0.617633 -0.00494295 
v -0.51833 0.617183 -0.00494295 
v -0.522435 0.624373 -0.00494295 
v -0.51833 0.617183 -0.00494295 
v -0.521379 0.615553 -0.00494295 
v -0.522435 0.614683 -0.00494295 
v -0.522435 0.624373 -0.00494295 
v -0.521379 0.615553 -0.00494295 
v -0.522435 0.624373 -0.00494295 
v -0.522435 0.614683 -0.00494295 
v -0.525524 0.622583 -0.00494295 
v -0.522435 0.614683 -0.00494295 
v -0.530302 0.618323 -0.00494295 
v -0.525524 0.622583 -0.00494295 
v -0.530302 0.618323 -0.00494295 
v -0.522435 0.614683 -0.00494295 
v -0.524051 0.613363 -0.00494295 
v -0.526244 0.610683 -0.00494295 
v -0.530302 0.618323 -0.00494295 
v -0.524051 0.613363 -0.00494295 
v -0.530302 0.618323 -0.00494295 
v -0.526244 0.610683 -0.00494295 
v -0.53356 0.614463 -0.00494295 
v -0.527874 0.607643 -0.00494295 
v -0.53356 0.614463 -0.00494295 
v -0.526244 0.610683 -0.00494295 
v -0.53356 0.614463 -0.00494295 
v -0.527874 0.607643 -0.00494295 
v -0.536438 0.609423 -0.00494295 
v -0.528878 0.604333 -0.00494295 
v -0.536438 0.609423 -0.00494295 
v -0.527874 0.607643 -0.00494295 
v -0.536438 0.609423 -0.00494295 
v -0.528878 0.604333 -0.00494295 
v -0.537781 0.605043 -0.00494295 
v -0.529216 0.600893 -0.00494295 
v -0.537781 0.605043 -0.00494295 
v -0.528878 0.604333 -0.00494295 
v -0.537781 0.605043 -0.00494295 
v -0.529216 0.600893 -0.00494295 
v -0.538181 0.600533 -0.00494295 
v -0.528878 0.597453 -0.00494295 
v -0.538181 0.600533 -0.00494295 
v -0.528878 0.597453 -0.00494295 
v -0.537781 0.596013 -0.00494295 
v -0.537781 0.596013 -0.00494295 
v -0.528878 0.597453 -0.00494295 
v -0.536438 0.591633 -0.00494295 
v -0.536438 0.591633 -0.00494295 
v -0.528878 0.597453 -0.00494295 
v -0.527874 0.594143 -0.00494295 
v -0.527874 0.594143 -0.00494295 
v -0.53356 0.586593 -0.00494295 
v -0.536438 0.591633 -0.00494295 
v -0.53356 0.586593 -0.00494295 
v -0.527874 0.594143 -0.00494295 
v -0.526244 0.591093 -0.00494295 
v -0.530302 0.582733 -0.00494295 
v -0.524051 0.588423 -0.00494295 
v -0.530302 0.582733 -0.00494295 
v -0.526244 0.591093 -0.00494295 
v -0.526158 0.579043 -0.00494295 
v -0.521379 0.586233 -0.00494295 
v -0.526158 0.579043 -0.00494295 
v -0.524051 0.588423 -0.00494295 
v -0.51833 0.584603 -0.00494295 
v -0.526158 0.579043 -0.00494295 
v -0.521379 0.586233 -0.00494295 
v -0.526158 0.579043 -0.00494295 
v -0.51833 0.584603 -0.00494295 
v -0.52156 0.576393 -0.00494295 
v -0.515022 0.583593 -0.00494295 
v -0.52156 0.576393 -0.00494295 
v -0.51833 0.584603 -0.00494295 
v -0.52156 0.576393 -0.00494295 
v -0.515022 0.583593 -0.00494295 
v -0.516414 0.574953 -0.00494295 
v -0.511582 0.583253 -0.00494295 
v -0.516414 0.574953 -0.00494295 
v -0.515022 0.583593 -0.00494295 
v -0.516414 0.574953 -0.00494295 
v -0.511582 0.583253 -0.00494295 
v -0.511037 0.574383 -0.00494295 
v -0.508142 0.583593 -0.00494295 
v -0.511037 0.574383 -0.00494295 
v -0.511582 0.583253 -0.00494295 
v -0.511037 0.574383 -0.00494295 
v -0.508142 0.583593 -0.00494295 
v -0.505584 0.575063 -0.00494295 
v -0.504834 0.584603 -0.00494295 
v -0.505584 0.575063 -0.00494295 
v -0.508142 0.583593 -0.00494295 
v -0.505584 0.575063 -0.00494295 
v -0.504834 0.584603 -0.00494295 
v -0.500686 0.576423 -0.00494295 
v -0.501785 0.586233 -0.00494295 
v -0.500686 0.576423 -0.00494295 
v -0.504834 0.584603 -0.00494295 
v -0.501785 0.586233 -0.00494295 
v -0.496155 0.578993 -0.00494295 
v -0.500686 0.576423 -0.00494295 
v -0.499113 0.588423 -0.00494295 
v -0.492125 0.582253 -0.00494295 
v -0.499113 0.588423 -0.00494295 
v -0.496155 0.578993 -0.00494295 
v -0.501785 0.586233 -0.00494295 
v -0.49692 0.591093 -0.00494295 
v -0.492125 0.582253 -0.00494295 
v -0.499113 0.588423 -0.00494295 
v -0.49692 0.591093 -0.00494295 
v -0.488644 0.586223 -0.00494295 
v -0.492125 0.582253 -0.00494295 
v -0.49529 0.594143 -0.00494295 
v -0.485098 0.594033 -0.00494295 
v -0.494286 0.597453 -0.00494295 
v -0.49529 0.594143 -0.00494295 
v -0.488644 0.586223 -0.00494295 
v -0.49692 0.591093 -0.00494295 
v -0.493948 0.600893 -0.00494295 
v -0.485098 0.594033 -0.00494295 
v -0.494286 0.597453 -0.00494295 
v -0.485023 0.607813 -0.00494295 
v -0.472154 0.594033 -0.00494295 
v -0.457778 0.594033 -0.00494295 
v -0.432337 0.607813 -0.00494295 
v -0.459133 0.585653 -0.00494295 
v -0.470552 0.584133 -0.00494295 
v -0.443479 0.594033 -0.00494295 
v -0.429909 0.593213 -0.00494295 
v -0.485098 0.594033 -0.00494295 
v -0.493948 0.600893 -0.00494295 
v -0.485023 0.607813 -0.00494295 
v -0.494286 0.604333 -0.00494295 
v -0.485023 0.607813 -0.00494295 
v -0.493948 0.600893 -0.00494295 
v -0.49529 0.607643 -0.00494295 
v -0.485023 0.607813 -0.00494295 
v -0.494286 0.604333 -0.00494295 
v -0.488608 0.614783 -0.00494295 
v -0.470552 0.584133 -0.00494295 
v -0.459133 0.585653 -0.00494295 
v -0.469146 0.581753 -0.00494295 
v -0.469146 0.581753 -0.00494295 
v -0.459133 0.585653 -0.00494295 
v -0.460301 0.582303 -0.00494295 
v -0.460301 0.582303 -0.00494295 
v -0.463783 0.579753 -0.00494295 
v -0.469146 0.581753 -0.00494295 
v -0.463783 0.579753 -0.00494295 
v -0.460301 0.582303 -0.00494295 
v -0.461823 0.580463 -0.00494295 
v -0.463783 0.579753 -0.00494295 
v -0.467233 0.580163 -0.00494295 
v -0.469146 0.581753 -0.00494295 
v -0.467233 0.580163 -0.00494295 
v -0.463783 0.579753 -0.00494295 
v -0.466212 0.579753 -0.00494295 
v -0.443479 0.594033 -0.00494295 
v -0.429909 0.593213 -0.00494295 
v -0.443077 0.589023 -0.00494295 
v -0.429909 0.593213 -0.00494295 
v -0.432337 0.607813 -0.00494295 
v -0.429909 0.606153 -0.00494295 
v -0.429909 0.606153 -0.00494295 
v -0.432337 0.607813 -0.00494295 
v -0.431118 0.607523 -0.00494295 
v -0.429909 0.606153 -0.00494295 
v -0.431118 0.607523 -0.00494295 
v -0.430462 0.607033 -0.00494295 
v -0.431352 0.583403 -0.00494295 
v -0.443077 0.589023 -0.00494295 
v -0.429909 0.593213 -0.00494295 
v -0.443077 0.589023 -0.00494295 
v -0.431352 0.583403 -0.00494295 
v -0.442421 0.585293 -0.00494295 
v -0.431352 0.583403 -0.00494295 
v -0.441654 0.582903 -0.00494295 
v -0.442421 0.585293 -0.00494295 
v -0.432487 0.581683 -0.00494295 
v -0.435781 0.579893 -0.00494295 
v -0.435781 0.579893 -0.00494295 
v -0.432487 0.581683 -0.00494295 
v -0.434634 0.580173 -0.00494295 
v -0.437755 0.579893 -0.00494295 
v -0.441654 0.582903 -0.00494295 
v -0.435781 0.579893 -0.00494295 
v -0.439303 0.580423 -0.00494295 
v -0.441654 0.582903 -0.00494295 
v -0.437755 0.579893 -0.00494295 
v -0.441654 0.582903 -0.00494295 
v -0.439303 0.580423 -0.00494295 
v -0.440709 0.581483 -0.00494295 
v -0.456175 0.632083 -0.027189 
v -0.464672 0.626423 0.022656 
v -0.456175 0.632083 0.027188 
v -0.464672 0.626423 -0.022658 
v -0.432337 0.607813 0.00412405 
v -0.429909 0.593213 0.00412405 
v -0.429909 0.606153 0.00412405 
v -0.432337 0.607813 0.00412405 
v -0.429909 0.606153 0.00412405 
v -0.431118 0.607523 0.00412405 
v -0.431118 0.607523 0.00412405 
v -0.429909 0.606153 0.00412405 
v -0.430462 0.607033 0.00412405 
v -0.429909 0.593213 0.00412405 
v -0.432337 0.607813 0.00412405 
v -0.443479 0.594033 0.00412405 
v -0.457778 0.594033 0.00412405 
v -0.485023 0.607813 0.00412405 
v -0.472154 0.594033 0.00412405 
v -0.485098 0.594033 0.00412405 
v -0.459133 0.585653 0.00412405 
v -0.470552 0.584133 0.00412405 
v -0.494286 0.597453 0.00412405 
v -0.493948 0.600893 0.00412405 
v -0.443077 0.589023 0.00412405 
v -0.429909 0.593213 0.00412405 
v -0.443479 0.594033 0.00412405 
v -0.429909 0.593213 0.00412405 
v -0.443077 0.589023 0.00412405 
v -0.431352 0.583403 0.00412405 
v -0.442421 0.585293 0.00412405 
v -0.431352 0.583403 0.00412405 
v -0.443077 0.589023 0.00412405 
v -0.441654 0.582903 0.00412405 
v -0.431352 0.583403 0.00412405 
v -0.442421 0.585293 0.00412405 
v -0.432487 0.581683 0.00412405 
v -0.435781 0.579893 0.00412405 
v -0.432487 0.581683 0.00412405 
v -0.435781 0.579893 0.00412405 
v -0.434634 0.580173 0.00412405 
v -0.441654 0.582903 0.00412405 
v -0.437755 0.579893 0.00412405 
v -0.435781 0.579893 0.00412405 
v -0.437755 0.579893 0.00412405 
v -0.441654 0.582903 0.00412405 
v -0.439303 0.580423 0.00412405 
v -0.439303 0.580423 0.00412405 
v -0.441654 0.582903 0.00412405 
v -0.440709 0.581483 0.00412405 
v -0.469146 0.581753 0.00412405 
v -0.459133 0.585653 0.00412405 
v -0.470552 0.584133 0.00412405 
v -0.459133 0.585653 0.00412405 
v -0.469146 0.581753 0.00412405 
v -0.460301 0.582303 0.00412405 
v -0.469146 0.581753 0.00412405 
v -0.463783 0.579753 0.00412405 
v -0.460301 0.582303 0.00412405 
v -0.460301 0.582303 0.00412405 
v -0.463783 0.579753 0.00412405 
v -0.461823 0.580463 0.00412405 
v -0.463783 0.579753 0.00412405 
v -0.469146 0.581753 0.00412405 
v -0.467233 0.580163 0.00412405 
v -0.463783 0.579753 0.00412405 
v -0.467233 0.580163 0.00412405 
v -0.466212 0.579753 0.00412405 
v -0.485023 0.607813 0.00412405 
v -0.493948 0.600893 0.00412405 
v -0.485098 0.594033 0.00412405 
v -0.493948 0.600893 0.00412405 
v -0.485023 0.607813 0.00412405 
v -0.494286 0.604333 0.00412405 
v -0.49529 0.594143 0.00412405 
v -0.485098 0.594033 0.00412405 
v -0.494286 0.597453 0.00412405 
v -0.488644 0.586223 0.00412405 
v -0.49692 0.591093 0.00412405 
v -0.492125 0.582253 0.00412405 
v -0.485023 0.607813 0.00412405 
v -0.49529 0.607643 0.00412405 
v -0.494286 0.604333 0.00412405 
v -0.488608 0.614783 0.00412405 
v -0.49692 0.591093 0.00412405 
v -0.488644 0.586223 0.00412405 
v -0.49529 0.594143 0.00412405 
v -0.488608 0.614783 0.00412405 
v -0.49692 0.610683 0.00412405 
v -0.49529 0.607643 0.00412405 
v -0.492125 0.618803 0.00412405 
v -0.49692 0.610683 0.00412405 
v -0.488608 0.614783 0.00412405 
v -0.492125 0.582253 0.00412405 
v -0.49692 0.591093 0.00412405 
v -0.499113 0.588423 0.00412405 
v -0.49692 0.610683 0.00412405 
v -0.492125 0.618803 0.00412405 
v -0.499113 0.613363 0.00412405 
v -0.499113 0.588423 0.00412405 
v -0.496155 0.578993 0.00412405 
v -0.492125 0.582253 0.00412405 
v -0.501785 0.586233 0.00412405 
v -0.500686 0.576423 0.00412405 
v -0.496155 0.622063 0.00412405 
v -0.499113 0.613363 0.00412405 
v -0.492125 0.618803 0.00412405 
v -0.496155 0.578993 0.00412405 
v -0.499113 0.588423 0.00412405 
v -0.501785 0.586233 0.00412405 
v -0.499113 0.613363 0.00412405 
v -0.496155 0.622063 0.00412405 
v -0.501785 0.615553 0.00412405 
v -0.500686 0.624633 0.00412405 
v -0.501785 0.615553 0.00412405 
v -0.496155 0.622063 0.00412405 
v -0.504834 0.584603 0.00412405 
v -0.500686 0.576423 0.00412405 
v -0.501785 0.586233 0.00412405 
v -0.501785 0.615553 0.00412405 
v -0.500686 0.624633 0.00412405 
v -0.504834 0.617183 0.00412405 
v -0.500686 0.576423 0.00412405 
v -0.504834 0.584603 0.00412405 
v -0.505584 0.575063 0.00412405 
v -0.505599 0.626003 0.00412405 
v -0.504834 0.617183 0.00412405 
v -0.500686 0.624633 0.00412405 
v -0.508142 0.583593 0.00412405 
v -0.505584 0.575063 0.00412405 
v -0.504834 0.584603 0.00412405 
v -0.504834 0.617183 0.00412405 
v -0.505599 0.626003 0.00412405 
v -0.508142 0.618183 0.00412405 
v -0.505584 0.575063 0.00412405 
v -0.508142 0.583593 0.00412405 
v -0.510891 0.574403 0.00412405 
v -0.511017 0.626673 0.00412405 
v -0.508142 0.618183 0.00412405 
v -0.505599 0.626003 0.00412405 
v -0.511582 0.583253 0.00412405 
v -0.510891 0.574403 0.00412405 
v -0.508142 0.583593 0.00412405 
v -0.508142 0.618183 0.00412405 
v -0.511017 0.626673 0.00412405 
v -0.511017 0.618473 0.00412405 
v -0.510891 0.574403 0.00412405 
v -0.511582 0.583253 0.00412405 
v -0.516837 0.575033 0.00412405 
v -0.511017 0.626673 0.00412405 
v -0.511582 0.618523 0.00412405 
v -0.511017 0.618473 0.00412405 
v -0.516837 0.575033 0.00412405 
v -0.511582 0.583253 0.00412405 
v -0.515022 0.583593 0.00412405 
v -0.516427 0.626103 0.00412405 
v -0.511582 0.618523 0.00412405 
v -0.511017 0.626673 0.00412405 
v -0.516837 0.575033 0.00412405 
v -0.515022 0.583593 0.00412405 
v -0.516837 0.584143 0.00412405 
v -0.511582 0.618523 0.00412405 
v -0.516427 0.626103 0.00412405 
v -0.515022 0.618183 0.00412405 
v -0.516837 0.584143 0.00412405 
v -0.521438 0.576323 0.00412405 
v -0.516837 0.575033 0.00412405 
v -0.516427 0.626103 0.00412405 
v -0.51833 0.617183 0.00412405 
v -0.515022 0.618183 0.00412405 
v -0.521438 0.576323 0.00412405 
v -0.516837 0.584143 0.00412405 
v -0.51833 0.584603 0.00412405 
v -0.51833 0.617183 0.00412405 
v -0.516427 0.626103 0.00412405 
v -0.52156 0.624663 0.00412405 
v -0.521438 0.576323 0.00412405 
v -0.51833 0.584603 0.00412405 
v -0.526158 0.579043 0.00412405 
v -0.524051 0.588423 0.00412405 
v -0.521379 0.586233 0.00412405 
v -0.52156 0.624663 0.00412405 
v -0.521379 0.615553 0.00412405 
v -0.51833 0.617183 0.00412405 
v -0.521379 0.586233 0.00412405 
v -0.526158 0.579043 0.00412405 
v -0.51833 0.584603 0.00412405 
v -0.526158 0.622013 0.00412405 
v -0.521379 0.615553 0.00412405 
v -0.52156 0.624663 0.00412405 
v -0.521379 0.615553 0.00412405 
v -0.526158 0.622013 0.00412405 
v -0.524051 0.613363 0.00412405 
v -0.526158 0.579043 0.00412405 
v -0.524051 0.588423 0.00412405 
v -0.530302 0.582733 0.00412405 
v -0.526244 0.591093 0.00412405 
v -0.530302 0.618323 0.00412405 
v -0.524051 0.613363 0.00412405 
v -0.526158 0.622013 0.00412405 
v -0.530302 0.618323 0.00412405 
v -0.526244 0.610683 0.00412405 
v -0.524051 0.613363 0.00412405 
v -0.530302 0.582733 0.00412405 
v -0.526244 0.591093 0.00412405 
v -0.53356 0.586593 0.00412405 
v -0.527874 0.594143 0.00412405 
v -0.526244 0.610683 0.00412405 
v -0.530302 0.618323 0.00412405 
v -0.53356 0.614463 0.00412405 
v -0.53356 0.614463 0.00412405 
v -0.527874 0.607643 0.00412405 
v -0.526244 0.610683 0.00412405 
v -0.53356 0.586593 0.00412405 
v -0.527874 0.594143 0.00412405 
v -0.536438 0.591633 0.00412405 
v -0.536438 0.609423 0.00412405 
v -0.527874 0.607643 0.00412405 
v -0.53356 0.614463 0.00412405 
v -0.528878 0.597453 0.00412405 
v -0.536438 0.591633 0.00412405 
v -0.527874 0.594143 0.00412405 
v -0.527874 0.607643 0.00412405 
v -0.536438 0.609423 0.00412405 
v -0.528878 0.604333 0.00412405 
v -0.536438 0.591633 0.00412405 
v -0.528878 0.597453 0.00412405 
v -0.537781 0.596013 0.00412405 
v -0.537781 0.605043 0.00412405 
v -0.528878 0.604333 0.00412405 
v -0.536438 0.609423 0.00412405 
v -0.537781 0.596013 0.00412405 
v -0.528878 0.597453 0.00412405 
v -0.538181 0.600533 0.00412405 
v -0.528878 0.604333 0.00412405 
v -0.537781 0.605043 0.00412405 
v -0.529216 0.600893 0.00412405 
v -0.529216 0.600893 0.00412405 
v -0.538181 0.600533 0.00412405 
v -0.528878 0.597453 0.00412405 
v -0.537781 0.605043 0.00412405 
v -0.456175 0.623583 -0.033986 
v -0.456175 0.576853 -0.033986 
v -0.464672 0.619343 -0.028322 
v -0.464672 0.619343 -0.028322 
v -0.456175 0.576853 -0.033986 
v -0.464672 0.580393 -0.028322 
v -0.494286 0.597453 -0.00494295 
v -0.497371 0.595003 -0.002253 
v -0.496496 0.597893 -0.002253 
v -0.493948 0.600893 -0.00494295 
v -0.497371 0.595003 0.00143403 
v -0.494286 0.597453 0.00412405 
v -0.496496 0.597893 0.00143403 
v -0.493948 0.600893 0.00412405 
v -0.497371 0.595003 -0.002253 
v -0.494286 0.597453 -0.00494295 
v -0.49529 0.594143 -0.00494295 
v -0.494286 0.597453 0.00412405 
v -0.497371 0.595003 0.00143403 
v -0.49529 0.594143 0.00412405 
v -0.49529 0.594143 -0.00494295 
v -0.498793 0.592343 -0.002253 
v -0.497371 0.595003 -0.002253 
v -0.498793 0.592343 -0.002253 
v -0.49529 0.594143 -0.00494295 
v -0.49692 0.591093 -0.00494295 
v -0.498793 0.592343 0.00143403 
v -0.49529 0.594143 0.00412405 
v -0.497371 0.595003 0.00143403 
v -0.49529 0.594143 0.00412405 
v -0.498793 0.592343 0.00143403 
v -0.49692 0.591093 0.00412405 
v -0.497371 0.606773 -0.002253 
v -0.494286 0.604333 -0.00494295 
v -0.496496 0.603893 -0.002253 
v -0.493948 0.600893 -0.00494295 
v -0.496496 0.603893 0.00143403 
v -0.494286 0.604333 0.00412405 
v -0.497371 0.606773 0.00143403 
v -0.493948 0.600893 0.00412405 
v -0.497371 0.595003 -0.002253 
v -0.497371 0.595003 0.00143403 
v -0.496496 0.597893 -0.002253 
v -0.496496 0.597893 0.00143403 
v -0.498793 0.592343 0.00143403 
v -0.498793 0.592343 -0.002253 
v -0.500705 0.590013 0.00143403 
v -0.500705 0.590013 -0.002253 
v -0.4962 0.600893 -0.002253 
v -0.4962 0.600893 0.00143403 
v -0.496496 0.603893 -0.002253 
v -0.493948 0.600893 -0.00494295 
v -0.496496 0.597893 -0.002253 
v -0.496496 0.603893 -0.002253 
v -0.496496 0.603893 0.00143403 
v -0.497371 0.606773 -0.002253 
v -0.497371 0.606773 0.00143403 
v -0.498793 0.609433 -0.002253 
v -0.498793 0.609433 0.00143403 
v -0.500705 0.611763 -0.002253 
v -0.500705 0.611763 0.00143403 
v -0.493948 0.600893 0.00412405 
v -0.496496 0.603893 0.00143403 
v -0.496496 0.597893 0.00143403 
v -0.500705 0.590013 -0.002253 
v -0.49692 0.591093 -0.00494295 
v -0.499113 0.588423 -0.00494295 
v -0.49692 0.591093 0.00412405 
v -0.500705 0.590013 0.00143403 
v -0.499113 0.588423 0.00412405 
v -0.468393 0.578213 -0.002253 
v -0.470878 0.580273 -0.002253 
v -0.469146 0.581753 -0.00494295 
v -0.468393 0.578213 -0.002253 
v -0.469146 0.581753 -0.00494295 
v -0.467233 0.580163 -0.00494295 
v -0.468393 0.578213 0.00143403 
v -0.469146 0.581753 0.00412405 
v -0.470878 0.580273 0.00143403 
v -0.469146 0.581753 0.00412405 
v -0.468393 0.578213 0.00143403 
v -0.467233 0.580163 0.00412405 
v -0.49692 0.591093 -0.00494295 
v -0.500705 0.590013 -0.002253 
v -0.498793 0.592343 -0.002253 
v -0.499113 0.588423 -0.00494295 
v -0.503036 0.588103 -0.002253 
v -0.49529 0.607643 -0.00494295 
v -0.498793 0.609433 -0.002253 
v -0.49692 0.610683 -0.00494295 
v -0.494286 0.604333 -0.00494295 
v -0.497371 0.606773 -0.002253 
v -0.500705 0.590013 0.00143403 
v -0.49692 0.591093 0.00412405 
v -0.498793 0.592343 0.00143403 
v -0.503036 0.588103 0.00143403 
v -0.499113 0.588423 0.00412405 
v -0.49529 0.607643 0.00412405 
v -0.49692 0.610683 0.00412405 
v -0.498793 0.609433 0.00143403 
v -0.494286 0.604333 0.00412405 
v -0.497371 0.606773 0.00143403 
v -0.503036 0.588103 -0.002253 
v -0.499113 0.588423 -0.00494295 
v -0.501785 0.586233 -0.00494295 
v -0.499113 0.588423 0.00412405 
v -0.503036 0.588103 0.00143403 
v -0.501785 0.586233 0.00412405 
v -0.497371 0.606773 0.00143403 
v -0.49529 0.607643 0.00412405 
v -0.498793 0.609433 0.00143403 
v -0.498793 0.609433 -0.002253 
v -0.49529 0.607643 -0.00494295 
v -0.497371 0.606773 -0.002253 
v -0.49692 0.610683 -0.00494295 
v -0.500705 0.611763 -0.002253 
v -0.499113 0.613363 -0.00494295 
v -0.504834 0.584603 -0.00494295 
v -0.503036 0.588103 -0.002253 
v -0.501785 0.586233 -0.00494295 
v -0.500705 0.611763 -0.002253 
v -0.49692 0.610683 -0.00494295 
v -0.498793 0.609433 -0.002253 
v -0.501785 0.586233 0.00412405 
v -0.503036 0.588103 0.00143403 
v -0.504834 0.584603 0.00412405 
v -0.503036 0.588103 0.00143403 
v -0.505696 0.586683 0.00143403 
v -0.504834 0.584603 0.00412405 
v -0.503036 0.588103 -0.002253 
v -0.504834 0.584603 -0.00494295 
v -0.505696 0.586683 -0.002253 
v -0.500705 0.611763 0.00143403 
v -0.49692 0.610683 0.00412405 
v -0.499113 0.613363 0.00412405 
v -0.49692 0.610683 0.00412405 
v -0.500705 0.611763 0.00143403 
v -0.498793 0.609433 0.00143403 
v -0.508142 0.583593 -0.00494295 
v -0.505696 0.586683 -0.002253 
v -0.504834 0.584603 -0.00494295 
v -0.499113 0.613363 -0.00494295 
v -0.503036 0.613683 -0.002253 
v -0.501785 0.615553 -0.00494295 
v -0.500705 0.611763 -0.002253 
v -0.505696 0.586683 0.00143403 
v -0.508142 0.583593 0.00412405 
v -0.504834 0.584603 0.00412405 
v -0.503036 0.613683 0.00143403 
v -0.499113 0.613363 0.00412405 
v -0.501785 0.615553 0.00412405 
v -0.500705 0.611763 0.00143403 
v -0.505696 0.586683 -0.002253 
v -0.508142 0.583593 -0.00494295 
v -0.508581 0.585803 -0.002253 
v -0.511582 0.583253 -0.00494295 
v -0.508142 0.583593 0.00412405 
v -0.505696 0.586683 0.00143403 
v -0.508581 0.585803 0.00143403 
v -0.511582 0.583253 0.00412405 
v -0.503036 0.613683 -0.002253 
v -0.505696 0.615103 -0.002253 
v -0.504834 0.617183 -0.00494295 
v -0.501785 0.615553 -0.00494295 
v -0.503036 0.613683 -0.002253 
v -0.504834 0.617183 -0.00494295 
v -0.503036 0.613683 0.00143403 
v -0.504834 0.617183 0.00412405 
v -0.505696 0.615103 0.00143403 
v -0.504834 0.617183 0.00412405 
v -0.503036 0.613683 0.00143403 
v -0.501785 0.615553 0.00412405 
v -0.505696 0.615103 -0.002253 
v -0.508142 0.618183 -0.00494295 
v -0.504834 0.617183 -0.00494295 
v -0.508142 0.618183 0.00412405 
v -0.505696 0.615103 0.00143403 
v -0.504834 0.617183 0.00412405 
v -0.500705 0.590013 0.00143403 
v -0.500705 0.590013 -0.002253 
v -0.503036 0.588103 0.00143403 
v -0.503036 0.588103 -0.002253 
v -0.505696 0.586683 0.00143403 
v -0.505696 0.586683 -0.002253 
v -0.508581 0.585803 0.00143403 
v -0.508581 0.585803 -0.002253 
v -0.511582 0.585513 0.00143403 
v -0.511582 0.585513 -0.002253 
v -0.508581 0.585803 0.00143403 
v -0.511582 0.583253 0.00412405 
v -0.514583 0.585803 0.00143403 
v -0.514583 0.585803 0.00143403 
v -0.514583 0.585803 -0.002253 
v -0.516837 0.586493 0.00143403 
v -0.508581 0.585803 -0.002253 
v -0.511582 0.583253 -0.00494295 
v -0.514583 0.585803 -0.002253 
v -0.469146 0.581753 -0.00494295 
v -0.472697 0.583353 -0.002253 
v -0.470552 0.584133 -0.00494295 
v -0.472697 0.583353 -0.002253 
v -0.469146 0.581753 -0.00494295 
v -0.470878 0.580273 -0.002253 
v -0.472697 0.583353 0.00143403 
v -0.469146 0.581753 0.00412405 
v -0.470552 0.584133 0.00412405 
v -0.469146 0.581753 0.00412405 
v -0.472697 0.583353 0.00143403 
v -0.470878 0.580273 0.00143403 
v -0.511582 0.583253 0.00412405 
v -0.514583 0.585803 0.00143403 
v -0.515022 0.583593 0.00412405 
v -0.516837 0.586493 0.00143403 
v -0.511582 0.583253 -0.00494295 
v -0.515022 0.583593 -0.00494295 
v -0.514583 0.585803 -0.002253 
v -0.517468 0.586683 -0.002253 
v -0.511017 0.618473 0.00412405 
v -0.508581 0.615973 0.00143403 
v -0.508142 0.618183 0.00412405 
v -0.505696 0.615103 0.00143403 
v -0.508142 0.618183 -0.00494295 
v -0.508581 0.615973 -0.002253 
v -0.511582 0.618523 -0.00494295 
v -0.505696 0.615103 -0.002253 
v -0.515022 0.583593 0.00412405 
v -0.516837 0.586493 0.00143403 
v -0.516837 0.584143 0.00412405 
v -0.515022 0.583593 -0.00494295 
v -0.51833 0.584603 -0.00494295 
v -0.517468 0.586683 -0.002253 
v -0.516837 0.584143 0.00412405 
v -0.517468 0.586683 0.00143403 
v -0.51833 0.584603 0.00412405 
v -0.517468 0.586683 -0.002253 
v -0.51833 0.584603 -0.00494295 
v -0.520128 0.588103 -0.002253 
v -0.51833 0.584603 -0.00494295 
v -0.521379 0.586233 -0.00494295 
v -0.520128 0.588103 -0.002253 
v -0.520128 0.588103 0.00143403 
v -0.51833 0.584603 0.00412405 
v -0.517468 0.586683 0.00143403 
v -0.51833 0.584603 0.00412405 
v -0.520128 0.588103 0.00143403 
v -0.521379 0.586233 0.00412405 
v -0.516837 0.615293 -0.002253 
v -0.515022 0.618183 -0.00494295 
v -0.514583 0.615973 -0.002253 
v -0.511582 0.618523 -0.00494295 
v -0.514583 0.615973 0.00143403 
v -0.515022 0.618183 0.00412405 
v -0.517468 0.615103 0.00143403 
v -0.511582 0.618523 0.00412405 
v -0.514583 0.615973 0.00143403 
v -0.516837 0.615293 -0.002253 
v -0.514583 0.615973 -0.002253 
v -0.511582 0.616273 -0.002253 
v -0.511582 0.616273 0.00143403 
v -0.511017 0.616213 0.00143403 
v -0.508581 0.615973 -0.002253 
v -0.511582 0.618523 -0.00494295 
v -0.514583 0.615973 -0.002253 
v -0.508581 0.615973 -0.002253 
v -0.508581 0.615973 0.00143403 
v -0.505696 0.615103 -0.002253 
v -0.505696 0.615103 0.00143403 
v -0.503036 0.613683 -0.002253 
v -0.503036 0.613683 0.00143403 
v -0.500705 0.611763 -0.002253 
v -0.500705 0.611763 0.00143403 
v -0.511582 0.618523 0.00412405 
v -0.514583 0.615973 0.00143403 
v -0.511017 0.618473 0.00412405 
v -0.511017 0.616213 0.00143403 
v -0.508581 0.615973 0.00143403 
v -0.524051 0.588423 -0.00494295 
v -0.520128 0.588103 -0.002253 
v -0.521379 0.586233 -0.00494295 
v -0.516837 0.617633 -0.00494295 
v -0.517468 0.615103 -0.002253 
v -0.51833 0.617183 -0.00494295 
v -0.524051 0.588423 0.00412405 
v -0.521379 0.586233 0.00412405 
v -0.520128 0.588103 0.00143403 
v -0.515022 0.618183 0.00412405 
v -0.51833 0.617183 0.00412405 
v -0.517468 0.615103 0.00143403 
v -0.515022 0.618183 -0.00494295 
v -0.516837 0.615293 -0.002253 
v -0.516837 0.617633 -0.00494295 
v -0.517468 0.586683 0.00143403 
v -0.516837 0.584143 0.00412405 
v -0.516837 0.586493 0.00143403 
v -0.517468 0.586683 -0.002253 
v -0.520128 0.588103 -0.002253 
v -0.524051 0.588423 -0.00494295 
v -0.522458 0.590013 -0.002253 
v -0.526244 0.591093 -0.00494295 
v -0.524371 0.592343 -0.002253 
v -0.524051 0.588423 0.00412405 
v -0.520128 0.588103 0.00143403 
v -0.522458 0.590013 0.00143403 
v -0.526244 0.591093 0.00412405 
v -0.524371 0.592343 0.00143403 
v -0.511017 0.616213 0.00143403 
v -0.511582 0.616273 -0.002253 
v -0.508581 0.615973 -0.002253 
v -0.517468 0.586683 -0.002253 
v -0.516837 0.586493 0.00143403 
v -0.514583 0.585803 -0.002253 
v -0.470552 0.584133 -0.00494295 
v -0.474062 0.591783 -0.002253 
v -0.472154 0.594033 -0.00494295 
v -0.474062 0.591783 -0.002253 
v -0.470552 0.584133 -0.00494295 
v -0.472697 0.583353 -0.002253 
v -0.470552 0.584133 0.00412405 
v -0.474062 0.591783 0.00143403 
v -0.472697 0.583353 0.00143403 
v -0.470552 0.584133 0.00412405 
v -0.472154 0.594033 0.00412405 
v -0.474062 0.591783 0.00143403 
v -0.526244 0.591093 -0.00494295 
v -0.522458 0.590013 -0.002253 
v -0.524051 0.588423 -0.00494295 
v -0.520128 0.613683 -0.002253 
v -0.51833 0.617183 -0.00494295 
v -0.517468 0.615103 -0.002253 
v -0.526244 0.591093 0.00412405 
v -0.524051 0.588423 0.00412405 
v -0.522458 0.590013 0.00143403 
v -0.51833 0.617183 0.00412405 
v -0.521379 0.615553 0.00412405 
v -0.520128 0.613683 0.00143403 
v -0.51833 0.617183 -0.00494295 
v -0.520128 0.613683 -0.002253 
v -0.521379 0.615553 -0.00494295 
v -0.517468 0.615103 0.00143403 
v -0.51833 0.617183 0.00412405 
v -0.520128 0.613683 0.00143403 
v -0.522435 0.614683 -0.00494295 
v -0.522435 0.611783 -0.002253 
v -0.524051 0.613363 -0.00494295 
v -0.527874 0.594143 -0.00494295 
v -0.524371 0.592343 -0.002253 
v -0.526244 0.591093 -0.00494295 
v -0.524371 0.592343 -0.002253 
v -0.527874 0.594143 -0.00494295 
v -0.525793 0.595003 -0.002253 
v -0.520128 0.613683 -0.002253 
v -0.522435 0.611783 -0.002253 
v -0.522435 0.614683 -0.00494295 
v -0.522435 0.614683 -0.00494295 
v -0.521379 0.615553 -0.00494295 
v -0.520128 0.613683 -0.002253 
v -0.527874 0.594143 0.00412405 
v -0.526244 0.591093 0.00412405 
v -0.524371 0.592343 0.00143403 
v -0.527874 0.594143 0.00412405 
v -0.524371 0.592343 0.00143403 
v -0.525793 0.595003 0.00143403 
v -0.520128 0.613683 0.00143403 
v -0.524051 0.613363 0.00412405 
v -0.522458 0.611763 0.00143403 
v -0.521379 0.615553 0.00412405 
v -0.524051 0.613363 -0.00494295 
v -0.522435 0.611783 -0.002253 
v -0.522458 0.611763 -0.002253 
v -0.524051 0.613363 -0.00494295 
v -0.524371 0.609433 -0.002253 
v -0.526244 0.610683 -0.00494295 
v -0.524371 0.609433 -0.002253 
v -0.524051 0.613363 -0.00494295 
v -0.522458 0.611763 -0.002253 
v -0.528878 0.597453 -0.00494295 
v -0.525793 0.595003 -0.002253 
v -0.527874 0.594143 -0.00494295 
v -0.528878 0.597453 0.00412405 
v -0.527874 0.594143 0.00412405 
v -0.525793 0.595003 0.00143403 
v -0.524371 0.609433 0.00143403 
v -0.524051 0.613363 0.00412405 
v -0.526244 0.610683 0.00412405 
v -0.524051 0.613363 0.00412405 
v -0.524371 0.609433 0.00143403 
v -0.522458 0.611763 0.00143403 
v -0.525793 0.595003 -0.002253 
v -0.528878 0.597453 -0.00494295 
v -0.526668 0.597893 -0.002253 
v -0.529216 0.600893 -0.00494295 
v -0.526668 0.597893 0.00143403 
v -0.528878 0.597453 0.00412405 
v -0.525793 0.595003 0.00143403 
v -0.529216 0.600893 0.00412405 
v -0.517468 0.615103 -0.002253 
v -0.516837 0.617633 -0.00494295 
v -0.516837 0.615293 -0.002253 
v -0.517468 0.615103 0.00143403 
v -0.524371 0.609433 -0.002253 
v -0.525793 0.606773 -0.002253 
v -0.527874 0.607643 -0.00494295 
v -0.517468 0.586683 0.00143403 
v -0.517468 0.586683 -0.002253 
v -0.520128 0.588103 0.00143403 
v -0.520128 0.588103 -0.002253 
v -0.522458 0.590013 0.00143403 
v -0.522458 0.590013 -0.002253 
v -0.524371 0.609433 0.00143403 
v -0.527874 0.607643 0.00412405 
v -0.525793 0.606773 0.00143403 
v -0.525793 0.606773 -0.002253 
v -0.528878 0.604333 -0.00494295 
v -0.527874 0.607643 -0.00494295 
v -0.526244 0.610683 -0.00494295 
v -0.524371 0.609433 -0.002253 
v -0.528878 0.604333 0.00412405 
v -0.525793 0.606773 0.00143403 
v -0.527874 0.607643 0.00412405 
v -0.524371 0.609433 0.00143403 
v -0.526244 0.610683 0.00412405 
v -0.526668 0.603893 -0.002253 
v -0.529216 0.600893 -0.00494295 
v -0.528878 0.604333 -0.00494295 
v -0.525793 0.606773 -0.002253 
v -0.529216 0.600893 0.00412405 
v -0.526668 0.603893 0.00143403 
v -0.528878 0.604333 0.00412405 
v -0.525793 0.606773 0.00143403 
v -0.516837 0.615293 -0.002253 
v -0.514583 0.615973 0.00143403 
v -0.517468 0.615103 0.00143403 
v -0.472697 0.583353 0.00143403 
v -0.474062 0.591783 -0.002253 
v -0.472697 0.583353 -0.002253 
v -0.474062 0.591783 0.00143403 
v -0.470878 0.580273 0.00143403 
v -0.470878 0.580273 -0.002253 
v -0.520128 0.613683 0.00143403 
v -0.522435 0.611783 -0.002253 
v -0.520128 0.613683 -0.002253 
v -0.517468 0.615103 -0.002253 
v -0.517468 0.615103 0.00143403 
v -0.522435 0.611783 -0.002253 
v -0.520128 0.613683 0.00143403 
v -0.522458 0.611763 0.00143403 
v -0.522435 0.611783 -0.002253 
v -0.522458 0.611763 0.00143403 
v -0.522458 0.611763 -0.002253 
v -0.524371 0.592343 -0.002253 
v -0.522458 0.590013 0.00143403 
v -0.522458 0.590013 -0.002253 
v -0.524371 0.592343 0.00143403 
v -0.525793 0.595003 -0.002253 
v -0.525793 0.595003 0.00143403 
v -0.526668 0.597893 -0.002253 
v -0.526668 0.597893 0.00143403 
v -0.526964 0.600893 -0.002253 
v -0.526964 0.600893 0.00143403 
v -0.526668 0.597893 -0.002253 
v -0.529216 0.600893 -0.00494295 
v -0.526668 0.603893 -0.002253 
v -0.526668 0.603893 -0.002253 
v -0.526668 0.603893 0.00143403 
v -0.525793 0.606773 -0.002253 
v -0.525793 0.606773 0.00143403 
v -0.524371 0.609433 -0.002253 
v -0.524371 0.609433 0.00143403 
v -0.522458 0.611763 -0.002253 
v -0.522458 0.611763 0.00143403 
v -0.529216 0.600893 0.00412405 
v -0.526668 0.597893 0.00143403 
v -0.526668 0.603893 0.00143403 
v -0.464672 0.626423 0.022656 
v -0.464672 0.619343 0.00070399 
v -0.464672 0.619343 0.02832 
v -0.464672 0.616353 0.00790101 
v -0.464672 0.626423 -0.022658 
v -0.464672 0.619633 -9.53674e-07 
v -0.464672 0.619343 -0.000705957 
v -0.464672 0.619343 -0.028322 
v -0.464672 0.616353 -0.00790197 
v -0.464672 0.619343 0.00070399 
v -0.464672 0.626423 0.022656 
v -0.464672 0.619633 -9.53674e-07 
v -0.464672 0.608453 0.011173 
v -0.464672 0.619343 0.02832 
v -0.464672 0.616353 0.00790101 
v -0.464672 0.626423 -0.022658 
v -0.464672 0.619343 -0.000705957 
v -0.464672 0.619633 -9.53674e-07 
v -0.464672 0.619343 -0.028322 
v -0.464672 0.608453 -0.011175 
v -0.464672 0.616353 -0.00790197 
v -0.464672 0.580393 0.02832 
v -0.464672 0.619343 0.02832 
v -0.464672 0.608453 0.011173 
v -0.464672 0.600553 0.00790101 
v -0.464672 0.580393 0.02832 
v -0.464672 0.608453 0.011173 
v -0.464672 0.580393 0.02832 
v -0.464672 0.600553 0.00790101 
v -0.464672 0.580393 0.012608 
v -0.464672 0.576873 0.013431 
v -0.464672 0.576873 -0.013433 
v -0.464672 0.566233 0.016992 
v -0.464672 0.566233 -0.016994 
v -0.464672 0.580393 -0.01261 
v -0.464672 0.580393 -0.028322 
v -0.464672 0.600553 -0.00790197 
v -0.464672 0.580393 0.02832 
v -0.464672 0.576873 0.013431 
v -0.464672 0.566233 0.016992 
v -0.464672 0.580393 -0.028322 
v -0.464672 0.608453 -0.011175 
v -0.464672 0.619343 -0.028322 
v -0.464672 0.576873 -0.013433 
v -0.464672 0.580393 -0.028322 
v -0.464672 0.566233 -0.016994 
v -0.464672 0.580393 -0.028322 
v -0.464672 0.600553 -0.00790197 
v -0.464672 0.608453 -0.011175 

vn 0.543307 -0.771654 -0.330709 
vn 0.818898 -0.464567 0.330709 
vn 0.543307 -0.771654 0.330709 
vn 0.818898 -0.464567 -0.330709 
vn 0.913386 -0.228346 0.338583 
vn 0.913386 -0.228346 -0.338583 
vn 0.913386 -0.149606 -0.385827 
vn 0.913386 -0.149606 0.385827 
vn -0.771654 -0.543307 0.338583 
vn -0.866142 -0.370079 0.330709 
vn -0.866142 -0.370079 -0.330709 
vn -0.92126 -0.181102 -0.338583 
vn -0.771654 -0.543307 -0.338583 
vn -0.677165 -0.653543 0.338583 
vn -0.677165 -0.653543 -0.338583 
vn -0.92126 -0.181102 0.338583 
vn -0.944882 0 -0.338583 
vn -0.944882 0 0.338583 
vn -0.92126 0.181102 -0.338583 
vn -0.92126 0.181102 0.338583 
vn -0.866142 0.377953 -0.330709 
vn -0.866142 0.377953 0.330709 
vn -0.771654 0.543307 -0.338583 
vn -0.771654 0.543307 0.338583 
vn -0.677165 0.653543 -0.338583 
vn -0.677165 0.653543 0.338583 
vn 0 -0.897638 -0.433071 
vn 0 -0.897638 0.433071 
vn 0 -0.897638 0.433071 
vn 0 -0.897638 -0.433071 
vn 0.913386 -0.228346 -0.338583 
vn 0.818898 -0.464567 -0.330709 
vn 0.661417 -0.377953 -0.645669 
vn 0.913386 -0.228346 -0.338583 
vn 0.661417 -0.377953 -0.645669 
vn 0.748031 -0.188976 -0.637795 
vn 0.913386 -0.228346 0.338583 
vn 0.661417 -0.377953 0.645669 
vn 0.818898 -0.464567 0.330709 
vn 0.661417 -0.377953 0.645669 
vn 0.913386 -0.228346 0.338583 
vn 0.748031 -0.188976 0.637795 
vn 0.748031 -0.188976 -0.637795 
vn 0.913386 -0.149606 -0.385827 
vn 0.913386 -0.228346 -0.338583 
vn 0.913386 -0.149606 0.385827 
vn 0.748031 -0.188976 0.637795 
vn 0.913386 -0.228346 0.338583 
vn 0.748031 -0.188976 0.637795 
vn 0.913386 -0.149606 0.385827 
vn 0.755906 -0.125984 0.637795 
vn 0.748031 -0.188976 -0.637795 
vn 0.755906 -0.125984 -0.637795 
vn 0.913386 -0.149606 -0.385827 
vn 0 0.897638 0.433071 
vn 0 0.897638 -0.433071 
vn 0 0.897638 0.433071 
vn 0 0.897638 -0.433071 
vn 0.433071 -0.622047 -0.653543 
vn 0.818898 -0.464567 -0.330709 
vn 0.543307 -0.771654 -0.330709 
vn 0.433071 -0.622047 -0.653543 
vn 0.661417 -0.377953 -0.645669 
vn 0.818898 -0.464567 -0.330709 
vn 0.818898 -0.464567 0.330709 
vn 0.433071 -0.622047 0.653543 
vn 0.543307 -0.771654 0.330709 
vn 0.433071 -0.622047 0.653543 
vn 0.818898 -0.464567 0.330709 
vn 0.661417 -0.377953 0.645669 
vn -0.748031 0.149606 -0.645669 
vn -0.944882 0 -0.338583 
vn -0.92126 0.181102 -0.338583 
vn -0.944882 0 0.338583 
vn -0.748031 0.149606 0.645669 
vn -0.92126 0.181102 0.338583 
vn -0.92126 0.181102 -0.338583 
vn -0.700787 0.307087 -0.645669 
vn -0.748031 0.149606 -0.645669 
vn -0.700787 0.307087 -0.645669 
vn -0.92126 0.181102 -0.338583 
vn -0.866142 0.377953 -0.330709 
vn -0.944882 0 -0.338583 
vn -0.748031 0.149606 -0.645669 
vn -0.76378 0 -0.637795 
vn -0.748031 -0.149606 -0.645669 
vn -0.700787 0.307087 0.645669 
vn -0.92126 0.181102 0.338583 
vn -0.748031 0.149606 0.645669 
vn -0.92126 0.181102 0.338583 
vn -0.700787 0.307087 0.645669 
vn -0.866142 0.377953 0.330709 
vn -0.748031 -0.149606 0.645669 
vn -0.76378 0 0.637795 
vn -0.944882 0 0.338583 
vn -0.748031 0.149606 0.645669 
vn -0.944882 0 -0.338583 
vn -0.748031 -0.149606 -0.645669 
vn -0.92126 -0.181102 -0.338583 
vn -0.700787 -0.307087 -0.645669 
vn -0.700787 -0.307087 0.645669 
vn -0.748031 -0.149606 0.645669 
vn -0.92126 -0.181102 0.338583 
vn -0.944882 0 0.338583 
vn -0.866142 0.377953 -0.330709 
vn -0.629921 0.440945 -0.637795 
vn -0.700787 0.307087 -0.645669 
vn -0.866142 0.377953 -0.330709 
vn -0.771654 0.543307 -0.338583 
vn -0.629921 0.440945 -0.637795 
vn -0.629921 0.440945 0.637795 
vn -0.866142 0.377953 0.330709 
vn -0.700787 0.307087 0.645669 
vn -0.866142 0.377953 0.330709 
vn -0.629921 0.440945 0.637795 
vn -0.771654 0.543307 0.338583 
vn 0 -0.897638 0.433071 
vn 0 -0.330709 0.944882 
vn 0 -0.897638 0.433071 
vn 0 -0.330709 0.944882 
vn 0 0.330709 0.944882 
vn 0 0.330709 0.944882 
vn 0 0.897638 0.433071 
vn 0 0.897638 0.433071 
vn -0.92126 -0.181102 -0.338583 
vn -0.700787 -0.307087 -0.645669 
vn -0.866142 -0.370079 -0.330709 
vn -0.866142 -0.370079 0.330709 
vn -0.700787 -0.307087 0.645669 
vn -0.92126 -0.181102 0.338583 
vn 0 -0.330709 -0.944882 
vn 0 -0.897638 -0.433071 
vn 0 -0.897638 -0.433071 
vn 0 -0.330709 -0.944882 
vn 0 0.330709 -0.944882 
vn 0 0.330709 -0.944882 
vn 0 0.897638 -0.433071 
vn 0 0.897638 -0.433071 
vn -0.677165 0.653543 -0.338583 
vn -0.629921 0.440945 -0.637795 
vn -0.771654 0.543307 -0.338583 
vn -0.629921 0.440945 -0.637795 
vn -0.677165 0.653543 -0.338583 
vn -0.551181 0.535433 -0.637795 
vn -0.629921 0.440945 0.637795 
vn -0.677165 0.653543 0.338583 
vn -0.771654 0.543307 0.338583 
vn -0.677165 0.653543 0.338583 
vn -0.629921 0.440945 0.637795 
vn -0.551181 0.535433 0.637795 
vn -0.866142 -0.370079 -0.330709 
vn -0.629921 -0.440945 -0.637795 
vn -0.771654 -0.543307 -0.338583 
vn -0.629921 -0.440945 -0.637795 
vn -0.866142 -0.370079 -0.330709 
vn -0.700787 -0.307087 -0.645669 
vn -0.559055 0.76378 -0.330709 
vn -0.551181 0.535433 -0.637795 
vn -0.677165 0.653543 -0.338583 
vn -0.771654 -0.543307 0.338583 
vn -0.629921 -0.440945 0.637795 
vn -0.866142 -0.370079 0.330709 
vn -0.629921 -0.440945 0.637795 
vn -0.700787 -0.307087 0.645669 
vn -0.866142 -0.370079 0.330709 
vn -0.551181 0.535433 -0.637795 
vn -0.559055 0.76378 -0.330709 
vn -0.448819 0.637795 -0.622047 
vn -0.448819 0.622047 0.645669 
vn -0.677165 0.653543 0.338583 
vn -0.551181 0.535433 0.637795 
vn -0.677165 0.653543 0.338583 
vn -0.448819 0.622047 0.645669 
vn -0.551181 0.76378 0.338583 
vn -0.362205 0.874016 -0.330709 
vn -0.448819 0.637795 -0.622047 
vn -0.559055 0.76378 -0.330709 
vn -0.629921 -0.440945 -0.637795 
vn -0.677165 -0.653543 -0.338583 
vn -0.771654 -0.543307 -0.338583 
vn -0.677165 -0.653543 -0.338583 
vn -0.629921 -0.440945 -0.637795 
vn -0.551181 -0.535433 -0.637795 
vn -0.362205 0.874016 0.330709 
vn -0.551181 0.76378 0.338583 
vn -0.448819 0.622047 0.645669 
vn -0.629921 -0.440945 0.637795 
vn -0.677165 -0.653543 0.338583 
vn -0.551181 -0.535433 0.637795 
vn -0.299213 0.708661 0.645669 
vn -0.362205 0.874016 0.330709 
vn -0.448819 0.622047 0.645669 
vn -0.677165 -0.653543 0.338583 
vn -0.629921 -0.440945 0.637795 
vn -0.771654 -0.543307 0.338583 
vn -0.448819 -0.622047 -0.645669 
vn -0.677165 -0.653543 -0.338583 
vn -0.551181 -0.535433 -0.637795 
vn -0.677165 -0.653543 -0.338583 
vn -0.448819 -0.622047 -0.645669 
vn -0.551181 -0.76378 -0.338583 
vn -0.677165 -0.653543 0.338583 
vn -0.448819 -0.622047 0.645669 
vn -0.551181 -0.535433 0.637795 
vn -0.677165 -0.653543 0.338583 
vn -0.551181 -0.76378 0.338583 
vn -0.448819 -0.622047 0.645669 
vn -0.559055 0.76378 -0.330709 
vn -0.677165 0.653543 -0.338583 
vn -0.677165 0.653543 0.338583 
vn -0.551181 0.76378 0.338583 
vn -0.362205 0.874016 -0.330709 
vn -0.362205 0.874016 0.330709 
vn -0.173228 0.92126 -0.346457 
vn -0.173228 0.929134 0.338583 
vn 0.00787402 0.937008 -0.338583 
vn 0.00787402 0.944882 0.330709 
vn 0.188976 0.92126 -0.338583 
vn 0.188976 0.92126 0.338583 
vn 0.362205 0.874016 -0.330709 
vn 0.362205 0.874016 0.330709 
vn 0.527559 0.779528 -0.338583 
vn 0.527559 0.779528 0.338583 
vn 0.653543 0.677165 -0.338583 
vn 0.653543 0.677165 0.338583 
vn 0.149606 0.755906 0.637795 
vn 0.00787402 0.76378 0.645669 
vn -0.141732 0.755906 0.637795 
vn -0.141732 0.755906 0.637795 
vn -0.173228 0.929134 0.338583 
vn -0.299213 0.708661 0.645669 
vn -0.173228 0.929134 0.338583 
vn -0.362205 0.874016 0.330709 
vn -0.299213 0.708661 0.645669 
vn -0.448819 0.637795 -0.622047 
vn -0.362205 0.874016 -0.330709 
vn -0.314961 0.708661 -0.629921 
vn -0.149606 0.740157 -0.653543 
vn -0.173228 0.92126 -0.346457 
vn 0.00787402 0.937008 -0.338583 
vn -0.362205 -0.874016 -0.330709 
vn -0.551181 -0.76378 -0.338583 
vn -0.448819 -0.622047 -0.645669 
vn -0.299213 -0.708661 -0.645669 
vn -0.362205 -0.874016 -0.330709 
vn -0.448819 -0.622047 -0.645669 
vn -0.362205 -0.874016 0.330709 
vn -0.448819 -0.622047 0.645669 
vn -0.551181 -0.76378 0.338583 
vn -0.448819 -0.622047 0.645669 
vn -0.362205 -0.874016 0.330709 
vn -0.291339 -0.708661 0.637795 
vn 0.00787402 0.944882 0.330709 
vn -0.173228 0.929134 0.338583 
vn -0.141732 0.755906 0.637795 
vn 0.165354 -0.929134 -0.330709 
vn 0.433071 -0.622047 -0.653543 
vn 0.543307 -0.771654 -0.330709 
vn 0.433071 -0.622047 0.653543 
vn 0.165354 -0.929134 0.330709 
vn 0.543307 -0.771654 0.330709 
vn -0.149606 0.740157 -0.653543 
vn 0.00787402 0.937008 -0.338583 
vn 0.015748 0.755906 -0.653543 
vn 0.188976 0.92126 -0.338583 
vn -0.173228 -0.929134 0.338583 
vn -0.291339 -0.708661 0.637795 
vn -0.362205 -0.874016 0.330709 
vn -0.141732 -0.755906 -0.637795 
vn -0.181102 -0.92126 -0.338583 
vn -0.299213 -0.708661 -0.645669 
vn -0.181102 -0.92126 -0.338583 
vn -0.362205 -0.874016 -0.330709 
vn -0.299213 -0.708661 -0.645669 
vn 0.015748 0.755906 -0.653543 
vn 0.188976 0.92126 -0.338583 
vn 0.149606 0.755906 -0.637795 
vn 0.00787402 0.944882 0.330709 
vn 0.149606 0.755906 0.637795 
vn 0.188976 0.92126 0.338583 
vn -0.551181 -0.76378 0.338583 
vn -0.677165 -0.653543 0.338583 
vn -0.677165 -0.653543 -0.338583 
vn -0.551181 -0.76378 -0.338583 
vn -0.362205 -0.874016 0.330709 
vn -0.362205 -0.874016 -0.330709 
vn -0.173228 -0.929134 0.338583 
vn -0.181102 -0.92126 -0.338583 
vn 0.00787402 -0.944882 0.338583 
vn 0.00787402 -0.944882 -0.330709 
vn 0.188976 -0.92126 0.338583 
vn 0.188976 -0.92126 -0.338583 
vn 0.362205 -0.874016 0.330709 
vn 0.362205 -0.874016 -0.330709 
vn 0.527559 -0.779528 0.338583 
vn 0.527559 -0.779528 -0.338583 
vn 0.653543 -0.677165 0.338583 
vn 0.653543 -0.677165 -0.338583 
vn 0.149606 -0.755906 -0.637795 
vn 0.00787402 -0.76378 -0.645669 
vn -0.141732 -0.755906 -0.637795 
vn -0.291339 -0.708661 0.637795 
vn -0.173228 -0.929134 0.338583 
vn -0.149606 -0.755906 0.637795 
vn 0.00787402 -0.944882 0.338583 
vn 0.00787402 -0.944882 -0.330709 
vn -0.181102 -0.92126 -0.338583 
vn -0.141732 -0.755906 -0.637795 
vn 0.362205 0.874016 -0.330709 
vn 0.291339 0.708661 -0.645669 
vn 0.188976 0.92126 -0.338583 
vn 0.291339 0.708661 -0.645669 
vn 0.149606 0.755906 -0.637795 
vn 0.188976 0.92126 -0.338583 
vn 0.291339 0.708661 0.645669 
vn 0.188976 0.92126 0.338583 
vn 0.149606 0.755906 0.637795 
vn 0.188976 0.92126 0.338583 
vn 0.291339 0.708661 0.645669 
vn 0.362205 0.874016 0.330709 
vn -0.149606 -0.755906 0.637795 
vn 0.00787402 -0.944882 0.338583 
vn 0.00787402 -0.76378 0.645669 
vn 0.149606 -0.755906 0.637795 
vn 0.00787402 -0.944882 -0.330709 
vn 0.149606 -0.755906 -0.637795 
vn 0.188976 -0.92126 -0.338583 
vn 0.00787402 -0.944882 0.338583 
vn 0.188976 -0.92126 0.338583 
vn 0.149606 -0.755906 0.637795 
vn 0.433071 0.629921 -0.637795 
vn 0.291339 0.708661 -0.645669 
vn 0.362205 0.874016 -0.330709 
vn 0.527559 0.779528 -0.338583 
vn 0.433071 0.629921 -0.637795 
vn 0.362205 0.874016 -0.330709 
vn 0.433071 0.629921 0.637795 
vn 0.362205 0.874016 0.330709 
vn 0.291339 0.708661 0.645669 
vn 0.362205 0.874016 0.330709 
vn 0.433071 0.629921 0.637795 
vn 0.527559 0.779528 0.338583 
vn 0.653543 0.677165 0.338583 
vn 0.779528 0.527559 -0.330709 
vn 0.653543 0.677165 -0.338583 
vn 0.779528 0.527559 0.330709 
vn 0.472441 0.771654 -0.433071 
vn 0.472441 0.771654 0.433071 
vn 0.291339 -0.708661 -0.645669 
vn 0.188976 -0.92126 -0.338583 
vn 0.149606 -0.755906 -0.637795 
vn 0.362205 -0.874016 0.330709 
vn 0.291339 -0.708661 0.645669 
vn 0.188976 -0.92126 0.338583 
vn 0.188976 -0.92126 -0.338583 
vn 0.291339 -0.708661 -0.645669 
vn 0.362205 -0.874016 -0.330709 
vn 0.291339 -0.708661 0.645669 
vn 0.149606 -0.755906 0.637795 
vn 0.188976 -0.92126 0.338583 
vn 0.527559 0.779528 -0.338583 
vn 0.535433 0.551181 -0.637795 
vn 0.433071 0.629921 -0.637795 
vn 0.535433 0.551181 -0.637795 
vn 0.527559 0.779528 -0.338583 
vn 0.653543 0.677165 -0.338583 
vn 0.535433 0.551181 0.637795 
vn 0.527559 0.779528 0.338583 
vn 0.433071 0.629921 0.637795 
vn 0.527559 0.779528 0.338583 
vn 0.535433 0.551181 0.637795 
vn 0.653543 0.677165 0.338583 
vn -0.716535 -0.614173 -0.330709 
vn -0.480315 -0.811024 0.330709 
vn -0.716535 -0.614173 0.330709 
vn -0.480315 -0.811024 -0.330709 
vn -0.181102 -0.929134 0.330709 
vn -0.181102 -0.929134 -0.330709 
vn 0.165354 -0.929134 0.330709 
vn -0.141732 -0.748031 0.645669 
vn -0.181102 -0.929134 0.330709 
vn 0.165354 -0.929134 -0.330709 
vn 0.433071 -0.622047 0.653543 
vn 0.133858 -0.748031 0.645669 
vn -0.141732 -0.748031 0.645669 
vn 0.543307 -0.771654 0.330709 
vn 0.543307 -0.771654 -0.330709 
vn -0.141732 -0.748031 -0.645669 
vn -0.181102 -0.929134 -0.330709 
vn -0.141732 -0.748031 -0.645669 
vn 0.133858 -0.748031 -0.645669 
vn 0.433071 -0.622047 -0.653543 
vn 0.653543 0.677165 -0.338583 
vn 0.629921 0.433071 -0.645669 
vn 0.535433 0.551181 -0.637795 
vn 0.629921 0.433071 -0.645669 
vn 0.653543 0.677165 -0.338583 
vn 0.779528 0.527559 -0.330709 
vn 0.629921 0.433071 0.645669 
vn 0.653543 0.677165 0.338583 
vn 0.535433 0.551181 0.637795 
vn 0.653543 0.677165 0.338583 
vn 0.629921 0.433071 0.645669 
vn 0.779528 0.527559 0.330709 
vn 0.433071 -0.629921 -0.637795 
vn 0.362205 -0.874016 -0.330709 
vn 0.291339 -0.708661 -0.645669 
vn 0.362205 -0.874016 -0.330709 
vn 0.433071 -0.629921 -0.637795 
vn 0.527559 -0.779528 -0.338583 
vn 0.433071 -0.629921 0.637795 
vn 0.291339 -0.708661 0.645669 
vn 0.362205 -0.874016 0.330709 
vn 0.527559 -0.779528 0.338583 
vn 0.433071 -0.629921 0.637795 
vn 0.362205 -0.874016 0.330709 
vn 0.795276 -0.511811 0.330709 
vn 0.653543 -0.677165 0.338583 
vn 0.653543 -0.677165 -0.338583 
vn 0.795276 -0.511811 -0.330709 
vn 0.84252 -0.385827 0.377953 
vn 0.84252 -0.385827 -0.377953 
vn 0.535433 -0.551181 -0.637795 
vn 0.527559 -0.779528 -0.338583 
vn 0.433071 -0.629921 -0.637795 
vn 0.527559 -0.779528 -0.338583 
vn 0.535433 -0.551181 -0.637795 
vn 0.653543 -0.677165 -0.338583 
vn 0.527559 -0.779528 0.338583 
vn 0.535433 -0.551181 0.637795 
vn 0.433071 -0.629921 0.637795 
vn 0.535433 -0.551181 0.637795 
vn 0.527559 -0.779528 0.338583 
vn 0.653543 -0.677165 0.338583 
vn 0.629921 0.433071 -0.645669 
vn 0.472441 0.771654 -0.433071 
vn 0.370079 0.614173 -0.700787 
vn 0.472441 0.771654 -0.433071 
vn 0.629921 0.433071 -0.645669 
vn 0.779528 0.527559 -0.330709 
vn 0.629921 0.433071 0.645669 
vn 0.472441 0.771654 0.433071 
vn 0.779528 0.527559 0.330709 
vn 0.629921 0.433071 0.645669 
vn 0.370079 0.614173 0.700787 
vn 0.472441 0.771654 0.433071 
vn 0.645669 -0.417323 -0.645669 
vn 0.653543 -0.677165 -0.338583 
vn 0.535433 -0.551181 -0.637795 
vn 0.653543 -0.677165 -0.338583 
vn 0.645669 -0.417323 -0.645669 
vn 0.795276 -0.511811 -0.330709 
vn 0.653543 -0.677165 0.338583 
vn 0.645669 -0.417323 0.645669 
vn 0.535433 -0.551181 0.637795 
vn 0.645669 -0.417323 0.645669 
vn 0.653543 -0.677165 0.338583 
vn 0.795276 -0.511811 0.330709 
vn 0.84252 -0.385827 -0.377953 
vn 0.795276 -0.511811 -0.330709 
vn 0.645669 -0.417323 -0.645669 
vn 0.645669 -0.417323 -0.645669 
vn 0.700787 -0.314961 -0.637795 
vn 0.84252 -0.385827 -0.377953 
vn 0.84252 -0.385827 0.377953 
vn 0.645669 -0.417323 0.645669 
vn 0.795276 -0.511811 0.330709 
vn 0.645669 -0.417323 0.645669 
vn 0.84252 -0.385827 0.377953 
vn 0.700787 -0.314961 0.637795 
vn 0.472441 0.771654 0.433071 
vn 0 0.944882 -0.330709 
vn 0.472441 0.771654 -0.433071 
vn 0 0.944882 0.330709 
vn 0 0.771654 -0.637795 
vn 0.370079 0.614173 -0.700787 
vn 0.472441 0.771654 -0.433071 
vn 0 0.771654 -0.637795 
vn 0.472441 0.771654 -0.433071 
vn 0 0.944882 -0.330709 
vn 0 0.771654 0.637795 
vn 0.472441 0.771654 0.433071 
vn 0.370079 0.614173 0.700787 
vn 0.472441 0.771654 0.433071 
vn 0 0.771654 0.637795 
vn 0 0.944882 0.330709 
vn -0.393701 -0.653543 -0.645669 
vn -0.181102 -0.929134 -0.330709 
vn -0.480315 -0.811024 -0.330709 
vn -0.181102 -0.929134 0.330709 
vn -0.393701 -0.653543 0.645669 
vn -0.480315 -0.811024 0.330709 
vn -0.181102 -0.929134 -0.330709 
vn -0.393701 -0.653543 -0.645669 
vn -0.141732 -0.748031 -0.645669 
vn -0.393701 -0.653543 0.645669 
vn -0.181102 -0.929134 0.330709 
vn -0.141732 -0.748031 0.645669 
vn 0 -0.92126 -0.385827 
vn 0 -0.92126 -0.385827 
vn 0 -0.92126 0.385827 
vn 0 -0.92126 0.385827 
vn 0 -0.92126 0.385827 
vn 0 -0.929134 -0.377953 
vn 0 -0.92126 -0.385827 
vn 0 -0.929134 0.377953 
vn 0 -0.771654 -0.637795 
vn 0 -0.92126 -0.385827 
vn 0 -0.92126 -0.385827 
vn 0 -0.771654 -0.637795 
vn 0 -0.771654 -0.637795 
vn 0 -0.92126 -0.385827 
vn 0 -0.929134 -0.377953 
vn 0 -0.92126 -0.385827 
vn 0 -0.771654 -0.637795 
vn 0 -0.771654 -0.637795 
vn 0 -0.92126 0.385827 
vn 0 -0.771654 0.637795 
vn 0 -0.92126 0.385827 
vn 0 -0.771654 0.637795 
vn 0 -0.92126 0.385827 
vn 0 -0.771654 0.637795 
vn 0 -0.929134 0.377953 
vn 0 -0.771654 0.637795 
vn 0 -0.92126 0.385827 
vn 0 -0.771654 0.637795 
vn -0.645669 -0.692913 0.322835 
vn -0.606299 -0.283465 0.740157 
vn -0.606299 -0.23622 0.755906 
vn -0.637795 0.716535 0.299213 
vn -0.629921 0.283465 0.724409 
vn -0.645669 0.677165 0.354331 
vn -0.629921 0.283465 0.724409 
vn -0.637795 0.716535 0.299213 
vn -0.614173 0.220472 0.755906 
vn -0.606299 -0.283465 0.740157 
vn -0.645669 -0.692913 0.322835 
vn -0.645669 -0.685039 0.338583 
vn -0.645669 -0.692913 0.322835 
vn -0.645669 -0.685039 -0.338583 
vn -0.645669 -0.685039 0.338583 
vn -0.645669 -0.692913 -0.322835 
vn -0.606299 -0.283465 -0.740157 
vn -0.645669 -0.692913 -0.322835 
vn -0.606299 -0.23622 -0.755906 
vn -0.645669 -0.692913 -0.322835 
vn -0.606299 -0.283465 -0.740157 
vn -0.645669 -0.685039 -0.338583 
vn -0.629921 0.283465 -0.724409 
vn -0.637795 0.716535 -0.299213 
vn -0.645669 0.677165 -0.354331 
vn -0.637795 0.716535 -0.299213 
vn -0.629921 0.283465 -0.724409 
vn -0.614173 0.220472 -0.755906 
vn -0.614173 0.220472 0.755906 
vn -0.606299 -0.283465 0.740157 
vn -0.629921 0.283465 0.724409 
vn -0.606299 -0.283465 0.740157 
vn -0.614173 0.220472 0.755906 
vn -0.606299 -0.23622 0.755906 
vn 0 0 -1 
vn 0 0 -1 
vn 0 0 -1 
vn 0 0 -1 
vn 0 0 -1 
vn 0 0 -1 
vn 0 0 -1 
vn 0 0 -1 
vn 0 0 -1 
vn 0 0 -1 
vn 0 0 -1 
vn 0 0 -1 
vn 0 0 -1 
vn 0 0 -1 
vn 0 0 -1 
vn 0 0 -1 
vn 0 0 -1 
vn 0 0 -1 
vn 0 0 -1 
vn 0 0 -1 
vn 0 0 -1 
vn 0 0 -1 
vn 0 0 -1 
vn 0 0 -1 
vn 0 0 -1 
vn 0 0 -1 
vn 0 0 -1 
vn 0 0 -1 
vn 0 0 -1 
vn 0 0 -1 
vn 0 0 -1 
vn 0 0 -1 
vn 0 0 -1 
vn 0 0 -1 
vn 0 0 -1 
vn 0 0 -1 
vn 0 0 -1 
vn 0 0 -1 
vn 0 0 -1 
vn 0 0 -1 
vn 0 0 -1 
vn 0 0 -1 
vn 0 0 -1 
vn 0 0 -1 
vn 0 0 -1 
vn 0 0 -1 
vn 0 0 -1 
vn 0 0 -1 
vn 0 0 -1 
vn 0 0 -1 
vn 0 0 -1 
vn 0 0 -1 
vn 0 0 -1 
vn 0 0 -1 
vn 0 0 -1 
vn 0 0 -1 
vn 0 0 -1 
vn 0 0 -1 
vn 0 0 -1 
vn 0 0 -1 
vn 0 0 -1 
vn 0 0 -1 
vn 0 0 -1 
vn 0 0 -1 
vn 0 0 -1 
vn 0 0 -1 
vn 0 0 -1 
vn 0 0 -1 
vn 0 0 -1 
vn 0 0 -1 
vn 0 0 -1 
vn 0 0 -1 
vn 0 0 -1 
vn 0 0 -1 
vn 0 0 -1 
vn 0 0 -1 
vn 0 0 -1 
vn 0 0 -1 
vn 0 0 -1 
vn 0 0 -1 
vn 0 0 -1 
vn 0 0 -1 
vn 0 0 -1 
vn 0 0 -1 
vn 0 0 -1 
vn 0 0 -1 
vn 0 0 -1 
vn 0 0 -1 
vn 0 0 -1 
vn 0 0 -1 
vn 0 0 -1 
vn 0 0 -1 
vn 0 0 -1 
vn 0 0 -1 
vn 0 0 -1 
vn 0 0 -1 
vn 0 0 -1 
vn 0 0 -1 
vn 0 0 -1 
vn 0 0 -1 
vn 0 0 -1 
vn 0 0 -1 
vn 0 0 -1 
vn 0 0 -1 
vn 0 0 -1 
vn 0 0 -1 
vn 0 0 -1 
vn 0 0 -1 
vn 0 0 -1 
vn 0 0 -1 
vn 0 0 -1 
vn 0 0 -1 
vn 0 0 -1 
vn 0 0 -1 
vn 0 0 -1 
vn 0 0 -1 
vn 0 0 -1 
vn 0 0 -1 
vn 0 0 -1 
vn 0 0 -1 
vn 0 0 -1 
vn 0 0 -1 
vn 0 0 -1 
vn 0 0 -1 
vn 0 0 -1 
vn 0 0 -1 
vn 0 0 -1 
vn 0 0 -1 
vn 0 0 -1 
vn 0 0 -1 
vn 0 0 -1 
vn 0 0 -1 
vn 0 0 -1 
vn 0 0 -1 
vn 0 0 -1 
vn 0 0 -1 
vn 0 0 -1 
vn 0 0 -1 
vn 0 0 -1 
vn 0 0 -1 
vn 0 0 -1 
vn 0 0 -1 
vn 0 0 -1 
vn 0 0 -1 
vn 0 0 -1 
vn 0 0 -1 
vn 0 0 -1 
vn 0 0 -1 
vn 0 0 -1 
vn 0 0 -1 
vn 0 0 -1 
vn 0 0 -1 
vn 0 0 -1 
vn 0 0 -1 
vn 0 0 -1 
vn 0 0 -1 
vn 0 0 -1 
vn 0 0 -1 
vn 0 0 -1 
vn 0 0 -1 
vn 0 0 -1 
vn 0 0 -1 
vn 0 0 -1 
vn 0 0 -1 
vn 0 0 -1 
vn 0 0 -1 
vn 0 0 -1 
vn 0 0 -1 
vn 0 0 -1 
vn 0 0 -1 
vn 0 0 -1 
vn 0 0 -1 
vn 0 0 -1 
vn 0 0 -1 
vn 0 0 -1 
vn 0 0 -1 
vn 0 0 -1 
vn 0 0 -1 
vn 0 0 -1 
vn 0 0 -1 
vn 0 0 -1 
vn 0 0 -1 
vn 0 0 -1 
vn 0 0 -1 
vn 0 0 -1 
vn 0 0 -1 
vn 0 0 -1 
vn 0 0 -1 
vn 0 0 -1 
vn 0 0 -1 
vn 0 0 -1 
vn 0 0 -1 
vn 0 0 -1 
vn 0 0 -1 
vn 0 0 -1 
vn 0 0 -1 
vn 0 0 -1 
vn 0 0 -1 
vn 0 0 -1 
vn 0 0 -1 
vn 0 0 -1 
vn 0 0 -1 
vn 0 0 -1 
vn 0 0 -1 
vn 0 0 -1 
vn 0 0 -1 
vn 0 0 -1 
vn 0 0 -1 
vn 0 0 -1 
vn 0 0 -1 
vn 0 0 -1 
vn 0 0 -1 
vn 0 0 -1 
vn 0 0 -1 
vn 0 0 -1 
vn 0 0 -1 
vn 0 0 -1 
vn 0 0 -1 
vn 0 0 -1 
vn 0 0 -1 
vn 0 0 -1 
vn 0 0 -1 
vn 0 0 -1 
vn 0 0 -1 
vn 0 0 -1 
vn 0 0 -1 
vn 0 0 -1 
vn 0 0 -1 
vn 0 0 -1 
vn 0 0 -1 
vn 0 0 -1 
vn 0 0 -1 
vn 0 0 -1 
vn 0 0 -1 
vn 0 0 -1 
vn 0 0 -1 
vn 0 0 -1 
vn 0 0 -1 
vn -0.645669 0.677165 -0.354331 
vn -0.637795 0.716535 0.299213 
vn -0.645669 0.677165 0.354331 
vn -0.637795 0.716535 -0.299213 
vn 0 0 1 
vn 0 0 1 
vn 0 0 1 
vn 0 0 1 
vn 0 0 1 
vn 0 0 1 
vn 0 0 1 
vn 0 0 1 
vn 0 0 1 
vn 0 0 1 
vn 0 0 1 
vn 0 0 1 
vn 0 0 1 
vn 0 0 1 
vn 0 0 1 
vn 0 0 1 
vn 0 0 1 
vn 0 0 1 
vn 0 0 1 
vn 0 0 1 
vn 0 0 1 
vn 0 0 1 
vn 0 0 1 
vn 0 0 1 
vn 0 0 1 
vn 0 0 1 
vn 0 0 1 
vn 0 0 1 
vn 0 0 1 
vn 0 0 1 
vn 0 0 1 
vn 0 0 1 
vn 0 0 1 
vn 0 0 1 
vn 0 0 1 
vn 0 0 1 
vn 0 0 1 
vn 0 0 1 
vn 0 0 1 
vn 0 0 1 
vn 0 0 1 
vn 0 0 1 
vn 0 0 1 
vn 0 0 1 
vn 0 0 1 
vn 0 0 1 
vn 0 0 1 
vn 0 0 1 
vn 0 0 1 
vn 0 0 1 
vn 0 0 1 
vn 0 0 1 
vn 0 0 1 
vn 0 0 1 
vn 0 0 1 
vn 0 0 1 
vn 0 0 1 
vn 0 0 1 
vn 0 0 1 
vn 0 0 1 
vn 0 0 1 
vn 0 0 1 
vn 0 0 1 
vn 0 0 1 
vn 0 0 1 
vn 0 0 1 
vn 0 0 1 
vn 0 0 1 
vn 0 0 1 
vn 0 0 1 
vn 0 0 1 
vn 0 0 1 
vn 0 0 1 
vn 0 0 1 
vn 0 0 1 
vn 0 0 1 
vn 0 0 1 
vn 0 0 1 
vn 0 0 1 
vn 0 0 1 
vn 0 0 1 
vn 0 0 1 
vn 0 0 1 
vn 0 0 1 
vn 0 0 1 
vn 0 0 1 
vn 0 0 1 
vn 0 0 1 
vn 0 0 1 
vn 0 0 1 
vn 0 0 1 
vn 0 0 1 
vn 0 0 1 
vn 0 0 1 
vn 0 0 1 
vn 0 0 1 
vn 0 0 1 
vn 0 0 1 
vn 0 0 1 
vn 0 0 1 
vn 0 0 1 
vn 0 0 1 
vn 0 0 1 
vn 0 0 1 
vn 0 0 1 
vn 0 0 1 
vn 0 0 1 
vn 0 0 1 
vn 0 0 1 
vn 0 0 1 
vn 0 0 1 
vn 0 0 1 
vn 0 0 1 
vn 0 0 1 
vn 0 0 1 
vn 0 0 1 
vn 0 0 1 
vn 0 0 1 
vn 0 0 1 
vn 0 0 1 
vn 0 0 1 
vn 0 0 1 
vn 0 0 1 
vn 0 0 1 
vn 0 0 1 
vn 0 0 1 
vn 0 0 1 
vn 0 0 1 
vn 0 0 1 
vn 0 0 1 
vn 0 0 1 
vn 0 0 1 
vn 0 0 1 
vn 0 0 1 
vn 0 0 1 
vn 0 0 1 
vn 0 0 1 
vn 0 0 1 
vn 0 0 1 
vn 0 0 1 
vn 0 0 1 
vn 0 0 1 
vn 0 0 1 
vn 0 0 1 
vn 0 0 1 
vn 0 0 1 
vn 0 0 1 
vn 0 0 1 
vn 0 0 1 
vn 0 0 1 
vn 0 0 1 
vn 0 0 1 
vn 0 0 1 
vn 0 0 1 
vn 0 0 1 
vn 0 0 1 
vn 0 0 1 
vn 0 0 1 
vn 0 0 1 
vn 0 0 1 
vn 0 0 1 
vn 0 0 1 
vn 0 0 1 
vn 0 0 1 
vn 0 0 1 
vn 0 0 1 
vn 0 0 1 
vn 0 0 1 
vn 0 0 1 
vn 0 0 1 
vn 0 0 1 
vn 0 0 1 
vn 0 0 1 
vn 0 0 1 
vn 0 0 1 
vn 0 0 1 
vn 0 0 1 
vn 0 0 1 
vn 0 0 1 
vn 0 0 1 
vn 0 0 1 
vn 0 0 1 
vn 0 0 1 
vn 0 0 1 
vn 0 0 1 
vn 0 0 1 
vn 0 0 1 
vn 0 0 1 
vn 0 0 1 
vn 0 0 1 
vn 0 0 1 
vn 0 0 1 
vn 0 0 1 
vn 0 0 1 
vn 0 0 1 
vn 0 0 1 
vn 0 0 1 
vn 0 0 1 
vn 0 0 1 
vn 0 0 1 
vn 0 0 1 
vn 0 0 1 
vn 0 0 1 
vn 0 0 1 
vn 0 0 1 
vn 0 0 1 
vn 0 0 1 
vn 0 0 1 
vn 0 0 1 
vn 0 0 1 
vn 0 0 1 
vn 0 0 1 
vn 0 0 1 
vn 0 0 1 
vn 0 0 1 
vn 0 0 1 
vn 0 0 1 
vn 0 0 1 
vn 0 0 1 
vn 0 0 1 
vn 0 0 1 
vn 0 0 1 
vn 0 0 1 
vn 0 0 1 
vn 0 0 1 
vn 0 0 1 
vn 0 0 1 
vn 0 0 1 
vn 0 0 1 
vn 0 0 1 
vn 0 0 1 
vn 0 0 1 
vn 0 0 1 
vn 0 0 1 
vn 0 0 1 
vn 0 0 1 
vn 0 0 1 
vn -0.629921 0.283465 -0.724409 
vn -0.606299 -0.283465 -0.740157 
vn -0.614173 0.220472 -0.755906 
vn -0.614173 0.220472 -0.755906 
vn -0.606299 -0.283465 -0.740157 
vn -0.606299 -0.23622 -0.755906 
vn -0.748031 0.149606 -0.645669 
vn -0.866142 0.362205 -0.346457 
vn -0.92126 0.181102 -0.346457 
vn -0.76378 0 -0.645669 
vn -0.866142 0.362205 0.346457 
vn -0.748031 0.149606 0.645669 
vn -0.92126 0.181102 0.346457 
vn -0.76378 0 0.645669 
vn -0.866142 0.362205 -0.346457 
vn -0.748031 0.149606 -0.645669 
vn -0.708661 0.291339 -0.645669 
vn -0.748031 0.149606 0.645669 
vn -0.866142 0.362205 0.346457 
vn -0.708661 0.291339 0.645669 
vn -0.708661 0.291339 -0.645669 
vn -0.779528 0.519685 -0.346457 
vn -0.866142 0.362205 -0.346457 
vn -0.779528 0.519685 -0.346457 
vn -0.708661 0.291339 -0.645669 
vn -0.637795 0.425197 -0.645669 
vn -0.779528 0.519685 0.346457 
vn -0.708661 0.291339 0.645669 
vn -0.866142 0.362205 0.346457 
vn -0.708661 0.291339 0.645669 
vn -0.779528 0.519685 0.346457 
vn -0.637795 0.425197 0.645669 
vn -0.866142 -0.362205 -0.346457 
vn -0.748031 -0.149606 -0.645669 
vn -0.92126 -0.181102 -0.346457 
vn -0.76378 0 -0.645669 
vn -0.92126 -0.181102 0.346457 
vn -0.748031 -0.149606 0.645669 
vn -0.866142 -0.362205 0.346457 
vn -0.76378 0 0.645669 
vn -0.866142 0.362205 -0.346457 
vn -0.866142 0.362205 0.346457 
vn -0.92126 0.181102 -0.346457 
vn -0.92126 0.181102 0.346457 
vn -0.779528 0.519685 0.346457 
vn -0.779528 0.519685 -0.346457 
vn -0.661417 0.661417 0.346457 
vn -0.661417 0.661417 -0.346457 
vn -0.937008 0 -0.346457 
vn -0.937008 0 0.346457 
vn -0.92126 -0.181102 -0.346457 
vn -0.76378 0 -0.645669 
vn -0.92126 0.181102 -0.346457 
vn -0.92126 -0.181102 -0.346457 
vn -0.92126 -0.181102 0.346457 
vn -0.866142 -0.362205 -0.346457 
vn -0.866142 -0.362205 0.346457 
vn -0.779528 -0.519685 -0.346457 
vn -0.779528 -0.519685 0.346457 
vn -0.661417 -0.661417 -0.346457 
vn -0.661417 -0.661417 0.346457 
vn -0.76378 0 0.645669 
vn -0.92126 -0.181102 0.346457 
vn -0.92126 0.181102 0.346457 
vn -0.661417 0.661417 -0.346457 
vn -0.637795 0.425197 -0.645669 
vn -0.543307 0.543307 -0.645669 
vn -0.637795 0.425197 0.645669 
vn -0.661417 0.661417 0.346457 
vn -0.543307 0.543307 0.645669 
vn -0.480315 -0.811024 -0.330709 
vn -0.716535 -0.614173 -0.330709 
vn -0.582677 -0.496063 -0.645669 
vn -0.480315 -0.811024 -0.330709 
vn -0.582677 -0.496063 -0.645669 
vn -0.393701 -0.653543 -0.645669 
vn -0.480315 -0.811024 0.330709 
vn -0.582677 -0.496063 0.645669 
vn -0.716535 -0.614173 0.330709 
vn -0.582677 -0.496063 0.645669 
vn -0.480315 -0.811024 0.330709 
vn -0.393701 -0.653543 0.645669 
vn -0.637795 0.425197 -0.645669 
vn -0.661417 0.661417 -0.346457 
vn -0.779528 0.519685 -0.346457 
vn -0.543307 0.543307 -0.645669 
vn -0.519685 0.779528 -0.346457 
vn -0.708661 -0.291339 -0.645669 
vn -0.779528 -0.519685 -0.346457 
vn -0.637795 -0.425197 -0.645669 
vn -0.748031 -0.149606 -0.645669 
vn -0.866142 -0.362205 -0.346457 
vn -0.661417 0.661417 0.346457 
vn -0.637795 0.425197 0.645669 
vn -0.779528 0.519685 0.346457 
vn -0.519685 0.779528 0.346457 
vn -0.543307 0.543307 0.645669 
vn -0.708661 -0.291339 0.645669 
vn -0.637795 -0.425197 0.645669 
vn -0.779528 -0.519685 0.346457 
vn -0.748031 -0.149606 0.645669 
vn -0.866142 -0.362205 0.346457 
vn -0.519685 0.779528 -0.346457 
vn -0.543307 0.543307 -0.645669 
vn -0.425197 0.637795 -0.645669 
vn -0.543307 0.543307 0.645669 
vn -0.519685 0.779528 0.346457 
vn -0.425197 0.637795 0.645669 
vn -0.866142 -0.362205 0.346457 
vn -0.708661 -0.291339 0.645669 
vn -0.779528 -0.519685 0.346457 
vn -0.779528 -0.519685 -0.346457 
vn -0.708661 -0.291339 -0.645669 
vn -0.866142 -0.362205 -0.346457 
vn -0.637795 -0.425197 -0.645669 
vn -0.661417 -0.661417 -0.346457 
vn -0.543307 -0.543307 -0.645669 
vn -0.291339 0.708661 -0.645669 
vn -0.519685 0.779528 -0.346457 
vn -0.425197 0.637795 -0.645669 
vn -0.661417 -0.661417 -0.346457 
vn -0.637795 -0.425197 -0.645669 
vn -0.779528 -0.519685 -0.346457 
vn -0.425197 0.637795 0.645669 
vn -0.519685 0.779528 0.346457 
vn -0.291339 0.708661 0.645669 
vn -0.519685 0.779528 0.346457 
vn -0.354331 0.866142 0.346457 
vn -0.291339 0.708661 0.645669 
vn -0.519685 0.779528 -0.346457 
vn -0.291339 0.708661 -0.645669 
vn -0.354331 0.866142 -0.346457 
vn -0.661417 -0.661417 0.346457 
vn -0.637795 -0.425197 0.645669 
vn -0.543307 -0.543307 0.645669 
vn -0.637795 -0.425197 0.645669 
vn -0.661417 -0.661417 0.346457 
vn -0.779528 -0.519685 0.346457 
vn -0.149606 0.748031 -0.645669 
vn -0.354331 0.866142 -0.346457 
vn -0.291339 0.708661 -0.645669 
vn -0.543307 -0.543307 -0.645669 
vn -0.519685 -0.779528 -0.346457 
vn -0.425197 -0.637795 -0.645669 
vn -0.661417 -0.661417 -0.346457 
vn -0.354331 0.866142 0.346457 
vn -0.149606 0.748031 0.645669 
vn -0.291339 0.708661 0.645669 
vn -0.519685 -0.779528 0.346457 
vn -0.543307 -0.543307 0.645669 
vn -0.425197 -0.637795 0.645669 
vn -0.661417 -0.661417 0.346457 
vn -0.354331 0.866142 -0.346457 
vn -0.149606 0.748031 -0.645669 
vn -0.181102 0.92126 -0.346457 
vn 0 0.76378 -0.645669 
vn -0.149606 0.748031 0.645669 
vn -0.354331 0.866142 0.346457 
vn -0.181102 0.92126 0.346457 
vn 0 0.76378 0.645669 
vn -0.519685 -0.779528 -0.346457 
vn -0.354331 -0.866142 -0.346457 
vn -0.291339 -0.708661 -0.645669 
vn -0.425197 -0.637795 -0.645669 
vn -0.519685 -0.779528 -0.346457 
vn -0.291339 -0.708661 -0.645669 
vn -0.519685 -0.779528 0.346457 
vn -0.291339 -0.708661 0.645669 
vn -0.354331 -0.866142 0.346457 
vn -0.291339 -0.708661 0.645669 
vn -0.519685 -0.779528 0.346457 
vn -0.425197 -0.637795 0.645669 
vn -0.354331 -0.866142 -0.346457 
vn -0.149606 -0.748031 -0.645669 
vn -0.291339 -0.708661 -0.645669 
vn -0.149606 -0.748031 0.645669 
vn -0.354331 -0.866142 0.346457 
vn -0.291339 -0.708661 0.645669 
vn -0.661417 0.661417 0.346457 
vn -0.661417 0.661417 -0.346457 
vn -0.519685 0.779528 0.346457 
vn -0.519685 0.779528 -0.346457 
vn -0.354331 0.866142 0.346457 
vn -0.354331 0.866142 -0.346457 
vn -0.181102 0.92126 0.346457 
vn -0.181102 0.92126 -0.346457 
vn 0 0.937008 0.346457 
vn 0 0.937008 -0.346457 
vn -0.181102 0.92126 0.346457 
vn 0 0.76378 0.645669 
vn 0.181102 0.92126 0.346457 
vn 0.181102 0.92126 0.346457 
vn 0.181102 0.92126 -0.346457 
vn 0.275591 0.897638 0.338583 
vn -0.181102 0.92126 -0.346457 
vn 0 0.76378 -0.645669 
vn 0.181102 0.92126 -0.346457 
vn -0.582677 -0.496063 -0.645669 
vn -0.889764 -0.322835 -0.330709 
vn -0.716535 -0.259843 -0.645669 
vn -0.889764 -0.322835 -0.330709 
vn -0.582677 -0.496063 -0.645669 
vn -0.716535 -0.614173 -0.330709 
vn -0.889764 -0.322835 0.330709 
vn -0.582677 -0.496063 0.645669 
vn -0.716535 -0.259843 0.645669 
vn -0.582677 -0.496063 0.645669 
vn -0.889764 -0.322835 0.330709 
vn -0.716535 -0.614173 0.330709 
vn 0 0.76378 0.645669 
vn 0.181102 0.92126 0.346457 
vn 0.149606 0.748031 0.645669 
vn 0.275591 0.897638 0.338583 
vn 0 0.76378 -0.645669 
vn 0.149606 0.748031 -0.645669 
vn 0.181102 0.92126 -0.346457 
vn 0.362205 0.866142 -0.346457 
vn -0.0708661 -0.76378 0.637795 
vn -0.181102 -0.92126 0.346457 
vn -0.149606 -0.748031 0.645669 
vn -0.354331 -0.866142 0.346457 
vn -0.149606 -0.748031 -0.645669 
vn -0.181102 -0.92126 -0.346457 
vn 0 -0.76378 -0.645669 
vn -0.354331 -0.866142 -0.346457 
vn 0.149606 0.748031 0.645669 
vn 0.275591 0.897638 0.338583 
vn 0.220472 0.732283 0.637795 
vn 0.149606 0.748031 -0.645669 
vn 0.291339 0.708661 -0.645669 
vn 0.362205 0.866142 -0.346457 
vn 0.220472 0.732283 0.637795 
vn 0.362205 0.866142 0.346457 
vn 0.291339 0.708661 0.645669 
vn 0.362205 0.866142 -0.346457 
vn 0.291339 0.708661 -0.645669 
vn 0.519685 0.779528 -0.346457 
vn 0.291339 0.708661 -0.645669 
vn 0.425197 0.637795 -0.645669 
vn 0.519685 0.779528 -0.346457 
vn 0.519685 0.779528 0.346457 
vn 0.291339 0.708661 0.645669 
vn 0.362205 0.866142 0.346457 
vn 0.291339 0.708661 0.645669 
vn 0.519685 0.779528 0.346457 
vn 0.425197 0.637795 0.645669 
vn 0.275591 -0.897638 -0.338583 
vn 0.149606 -0.748031 -0.645669 
vn 0.181102 -0.92126 -0.346457 
vn 0 -0.76378 -0.645669 
vn 0.181102 -0.92126 0.346457 
vn 0.149606 -0.748031 0.645669 
vn 0.362205 -0.866142 0.346457 
vn 0 -0.76378 0.645669 
vn 0.181102 -0.92126 0.346457 
vn 0.275591 -0.897638 -0.338583 
vn 0.181102 -0.92126 -0.346457 
vn 0 -0.937008 -0.346457 
vn 0 -0.937008 0.346457 
vn -0.0944882 -0.937008 0.338583 
vn -0.181102 -0.92126 -0.346457 
vn 0 -0.76378 -0.645669 
vn 0.181102 -0.92126 -0.346457 
vn -0.181102 -0.92126 -0.346457 
vn -0.181102 -0.92126 0.346457 
vn -0.354331 -0.866142 -0.346457 
vn -0.354331 -0.866142 0.346457 
vn -0.519685 -0.779528 -0.346457 
vn -0.519685 -0.779528 0.346457 
vn -0.661417 -0.661417 -0.346457 
vn -0.661417 -0.661417 0.346457 
vn 0 -0.76378 0.645669 
vn 0.181102 -0.92126 0.346457 
vn -0.0708661 -0.76378 0.637795 
vn -0.0944882 -0.937008 0.338583 
vn -0.181102 -0.92126 0.346457 
vn 0.543307 0.543307 -0.645669 
vn 0.519685 0.779528 -0.346457 
vn 0.425197 0.637795 -0.645669 
vn 0.220472 -0.732283 -0.637795 
vn 0.362205 -0.866142 -0.346457 
vn 0.291339 -0.708661 -0.645669 
vn 0.543307 0.543307 0.645669 
vn 0.425197 0.637795 0.645669 
vn 0.519685 0.779528 0.346457 
vn 0.149606 -0.748031 0.645669 
vn 0.291339 -0.708661 0.645669 
vn 0.362205 -0.866142 0.346457 
vn 0.149606 -0.748031 -0.645669 
vn 0.275591 -0.897638 -0.338583 
vn 0.220472 -0.732283 -0.637795 
vn 0.362205 0.866142 0.346457 
vn 0.220472 0.732283 0.637795 
vn 0.275591 0.897638 0.338583 
vn 0.362205 0.866142 -0.346457 
vn 0.519685 0.779528 -0.346457 
vn 0.543307 0.543307 -0.645669 
vn 0.661417 0.661417 -0.346457 
vn 0.637795 0.425197 -0.645669 
vn 0.779528 0.519685 -0.346457 
vn 0.543307 0.543307 0.645669 
vn 0.519685 0.779528 0.346457 
vn 0.661417 0.661417 0.346457 
vn 0.637795 0.425197 0.645669 
vn 0.779528 0.519685 0.346457 
vn -0.0944882 -0.937008 0.338583 
vn 0 -0.937008 -0.346457 
vn -0.181102 -0.92126 -0.346457 
vn 0.362205 0.866142 -0.346457 
vn 0.275591 0.897638 0.338583 
vn 0.181102 0.92126 -0.346457 
vn -0.716535 -0.259843 -0.645669 
vn -0.913386 -0.149606 -0.385827 
vn -0.755906 -0.125984 -0.637795 
vn -0.913386 -0.149606 -0.385827 
vn -0.716535 -0.259843 -0.645669 
vn -0.889764 -0.322835 -0.330709 
vn -0.716535 -0.259843 0.645669 
vn -0.913386 -0.149606 0.385827 
vn -0.889764 -0.322835 0.330709 
vn -0.716535 -0.259843 0.645669 
vn -0.755906 -0.125984 0.637795 
vn -0.913386 -0.149606 0.385827 
vn 0.637795 0.425197 -0.645669 
vn 0.661417 0.661417 -0.346457 
vn 0.543307 0.543307 -0.645669 
vn 0.519685 -0.779528 -0.346457 
vn 0.291339 -0.708661 -0.645669 
vn 0.362205 -0.866142 -0.346457 
vn 0.637795 0.425197 0.645669 
vn 0.543307 0.543307 0.645669 
vn 0.661417 0.661417 0.346457 
vn 0.291339 -0.708661 0.645669 
vn 0.425197 -0.637795 0.645669 
vn 0.519685 -0.779528 0.346457 
vn 0.291339 -0.708661 -0.645669 
vn 0.519685 -0.779528 -0.346457 
vn 0.425197 -0.637795 -0.645669 
vn 0.362205 -0.866142 0.346457 
vn 0.291339 -0.708661 0.645669 
vn 0.519685 -0.779528 0.346457 
vn 0.488189 -0.590551 -0.637795 
vn 0.598425 -0.724409 -0.338583 
vn 0.543307 -0.543307 -0.645669 
vn 0.708661 0.291339 -0.645669 
vn 0.779528 0.519685 -0.346457 
vn 0.637795 0.425197 -0.645669 
vn 0.779528 0.519685 -0.346457 
vn 0.708661 0.291339 -0.645669 
vn 0.866142 0.362205 -0.346457 
vn 0.519685 -0.779528 -0.346457 
vn 0.598425 -0.724409 -0.338583 
vn 0.488189 -0.590551 -0.637795 
vn 0.488189 -0.590551 -0.637795 
vn 0.425197 -0.637795 -0.645669 
vn 0.519685 -0.779528 -0.346457 
vn 0.708661 0.291339 0.645669 
vn 0.637795 0.425197 0.645669 
vn 0.779528 0.519685 0.346457 
vn 0.708661 0.291339 0.645669 
vn 0.779528 0.519685 0.346457 
vn 0.866142 0.362205 0.346457 
vn 0.519685 -0.779528 0.346457 
vn 0.543307 -0.543307 0.645669 
vn 0.661417 -0.661417 0.346457 
vn 0.425197 -0.637795 0.645669 
vn 0.543307 -0.543307 -0.645669 
vn 0.598425 -0.724409 -0.338583 
vn 0.661417 -0.661417 -0.346457 
vn 0.543307 -0.543307 -0.645669 
vn 0.779528 -0.519685 -0.346457 
vn 0.637795 -0.425197 -0.645669 
vn 0.779528 -0.519685 -0.346457 
vn 0.543307 -0.543307 -0.645669 
vn 0.661417 -0.661417 -0.346457 
vn 0.748031 0.149606 -0.645669 
vn 0.866142 0.362205 -0.346457 
vn 0.708661 0.291339 -0.645669 
vn 0.748031 0.149606 0.645669 
vn 0.708661 0.291339 0.645669 
vn 0.866142 0.362205 0.346457 
vn 0.779528 -0.519685 0.346457 
vn 0.543307 -0.543307 0.645669 
vn 0.637795 -0.425197 0.645669 
vn 0.543307 -0.543307 0.645669 
vn 0.779528 -0.519685 0.346457 
vn 0.661417 -0.661417 0.346457 
vn 0.866142 0.362205 -0.346457 
vn 0.748031 0.149606 -0.645669 
vn 0.92126 0.181102 -0.346457 
vn 0.76378 0 -0.645669 
vn 0.92126 0.181102 0.346457 
vn 0.748031 0.149606 0.645669 
vn 0.866142 0.362205 0.346457 
vn 0.76378 0 0.645669 
vn 0.362205 -0.866142 -0.346457 
vn 0.220472 -0.732283 -0.637795 
vn 0.275591 -0.897638 -0.338583 
vn 0.362205 -0.866142 0.346457 
vn 0.779528 -0.519685 -0.346457 
vn 0.866142 -0.362205 -0.346457 
vn 0.708661 -0.291339 -0.645669 
vn 0.362205 0.866142 0.346457 
vn 0.362205 0.866142 -0.346457 
vn 0.519685 0.779528 0.346457 
vn 0.519685 0.779528 -0.346457 
vn 0.661417 0.661417 0.346457 
vn 0.661417 0.661417 -0.346457 
vn 0.779528 -0.519685 0.346457 
vn 0.708661 -0.291339 0.645669 
vn 0.866142 -0.362205 0.346457 
vn 0.866142 -0.362205 -0.346457 
vn 0.748031 -0.149606 -0.645669 
vn 0.708661 -0.291339 -0.645669 
vn 0.637795 -0.425197 -0.645669 
vn 0.779528 -0.519685 -0.346457 
vn 0.748031 -0.149606 0.645669 
vn 0.866142 -0.362205 0.346457 
vn 0.708661 -0.291339 0.645669 
vn 0.779528 -0.519685 0.346457 
vn 0.637795 -0.425197 0.645669 
vn 0.92126 -0.181102 -0.346457 
vn 0.76378 0 -0.645669 
vn 0.748031 -0.149606 -0.645669 
vn 0.866142 -0.362205 -0.346457 
vn 0.76378 0 0.645669 
vn 0.92126 -0.181102 0.346457 
vn 0.748031 -0.149606 0.645669 
vn 0.866142 -0.362205 0.346457 
vn 0.275591 -0.897638 -0.338583 
vn 0.181102 -0.92126 0.346457 
vn 0.362205 -0.866142 0.346457 
vn -0.889764 -0.322835 0.330709 
vn -0.913386 -0.149606 -0.385827 
vn -0.889764 -0.322835 -0.330709 
vn -0.913386 -0.149606 0.385827 
vn -0.716535 -0.614173 0.330709 
vn -0.716535 -0.614173 -0.330709 
vn 0.519685 -0.779528 0.346457 
vn 0.598425 -0.724409 -0.338583 
vn 0.519685 -0.779528 -0.346457 
vn 0.362205 -0.866142 -0.346457 
vn 0.362205 -0.866142 0.346457 
vn 0.598425 -0.724409 -0.338583 
vn 0.519685 -0.779528 0.346457 
vn 0.661417 -0.661417 0.346457 
vn 0.598425 -0.724409 -0.338583 
vn 0.661417 -0.661417 0.346457 
vn 0.661417 -0.661417 -0.346457 
vn 0.779528 0.519685 -0.346457 
vn 0.661417 0.661417 0.346457 
vn 0.661417 0.661417 -0.346457 
vn 0.779528 0.519685 0.346457 
vn 0.866142 0.362205 -0.346457 
vn 0.866142 0.362205 0.346457 
vn 0.92126 0.181102 -0.346457 
vn 0.92126 0.181102 0.346457 
vn 0.937008 0 -0.346457 
vn 0.937008 0 0.346457 
vn 0.92126 0.181102 -0.346457 
vn 0.76378 0 -0.645669 
vn 0.92126 -0.181102 -0.346457 
vn 0.92126 -0.181102 -0.346457 
vn 0.92126 -0.181102 0.346457 
vn 0.866142 -0.362205 -0.346457 
vn 0.866142 -0.362205 0.346457 
vn 0.779528 -0.519685 -0.346457 
vn 0.779528 -0.519685 0.346457 
vn 0.661417 -0.661417 -0.346457 
vn 0.661417 -0.661417 0.346457 
vn 0.76378 0 0.645669 
vn 0.92126 0.181102 0.346457 
vn 0.92126 -0.181102 0.346457 
vn -1 0 0 
vn -1 0 0 
vn -1 0 0 
vn -1 0 0 
vn -1 0 0 
vn -1 0 0 
vn -1 0 0 
vn -1 0 0 
vn -1 0 0 
vn -1 0 0 
vn -1 0 0 
vn -1 0 0 
vn -1 0 0 
vn -1 0 0 
vn -1 0 0 
vn -1 0 0 
vn -1 0 0 
vn -1 0 0 
vn -1 0 0 
vn -1 0 0 
vn -1 0 0 
vn -1 0 0 
vn -1 0 0 
vn -1 0 0 
vn -1 0 0 
vn -1 0 0 
vn -1 0 0 
vn -1 0 0 
vn -1 0 0 
vn -1 0 0 
vn -1 0 0 
vn -1 0 0 
vn -1 0 0 
vn -1 0 0 
vn -1 0 0 
vn -1 0 0 
vn -1 0 0 
vn -1 0 0 
vn -1 0 0 
vn -1 0 0 
vn -1 0 0 
vn -1 0 0 
vn -1 0 0 
vn -1 0 0 
vn -1 0 0 
vn -1 0 0 
vn -1 0 0 
vn -1 0 0 
vn -1 0 0 

vt 28.0003 -11.0022 
vt 27.9998 -11.0018 
vt 27.9998 -11.0022 
vt 28.0003 -11.0018 
vt 27.9998 -11.0014 
vt 28.0003 -11.0014 
vt 28.0003 -11.0005 
vt 27.9998 -11.0005 
vt 28.0002 -11.0013 
vt 28.0002 -11.0007 
vt 27.9997 -11.0007 
vt 27.9997 -11 
vt 27.9997 -11.0013 
vt 28.0002 -11.0019 
vt 27.9997 -11.0019 
vt 28.0002 -11 
vt 27.9997 -10.9994 
vt 28.0002 -10.9994 
vt 27.9997 -10.9988 
vt 28.0002 -10.9988 
vt 27.9997 -10.9982 
vt 28.0002 -10.9982 
vt 27.9997 -10.9975 
vt 28.0002 -10.9975 
vt 27.9997 -10.997 
vt 28.0002 -10.997 
vt 28.0025 -10.9941 
vt 27.9975 -10.9941 
vt 27.9975 -10.9964 
vt 28.0025 -10.9964 
vt 28.0003 -11.0014 
vt 28.0003 -11.0018 
vt 28.0006 -11.0017 
vt 28.0003 -11.0014 
vt 28.0006 -11.0017 
vt 28.0006 -11.0013 
vt 27.9998 -11.0014 
vt 27.9995 -11.0017 
vt 27.9998 -11.0018 
vt 27.9995 -11.0017 
vt 27.9998 -11.0014 
vt 27.9995 -11.0013 
vt 28.0006 -11.0013 
vt 28.0003 -11.0005 
vt 28.0003 -11.0014 
vt 27.9998 -11.0005 
vt 27.9995 -11.0013 
vt 27.9998 -11.0014 
vt 27.9995 -11.0013 
vt 27.9998 -11.0005 
vt 27.9995 -11.0002 
vt 28.0006 -11.0013 
vt 28.0006 -11.0002 
vt 28.0003 -11.0005 
vt 28.0034 -10.9941 
vt 27.9966 -10.9964 
vt 28.0034 -10.9964 
vt 27.9966 -10.9941 
vt 27.9971 -11.0019 
vt 27.9966 -11.0018 
vt 27.9969 -11.0022 
vt 27.9971 -11.0019 
vt 27.9969 -11.0017 
vt 27.9966 -11.0018 
vt 28.0034 -11.0018 
vt 28.0029 -11.0019 
vt 28.0031 -11.0022 
vt 28.0029 -11.0019 
vt 28.0034 -11.0018 
vt 28.0031 -11.0017 
vt 27.9994 -10.9989 
vt 27.9997 -10.9994 
vt 27.9997 -10.9988 
vt 28.0002 -10.9994 
vt 28.0005 -10.9989 
vt 28.0002 -10.9988 
vt 27.9997 -10.9988 
vt 27.9994 -10.9983 
vt 27.9994 -10.9989 
vt 27.9994 -10.9983 
vt 27.9997 -10.9988 
vt 27.9997 -10.9982 
vt 27.9997 -10.9994 
vt 27.9994 -10.9989 
vt 27.9994 -10.9994 
vt 27.9994 -11 
vt 28.0005 -10.9983 
vt 28.0002 -10.9988 
vt 28.0005 -10.9989 
vt 28.0002 -10.9988 
vt 28.0005 -10.9983 
vt 28.0002 -10.9982 
vt 28.0005 -11 
vt 28.0005 -10.9994 
vt 28.0002 -10.9994 
vt 28.0005 -10.9989 
vt 27.9997 -10.9994 
vt 27.9994 -11 
vt 27.9997 -11 
vt 27.9994 -11.0005 
vt 28.0005 -11.0005 
vt 28.0005 -11 
vt 28.0002 -11 
vt 28.0002 -10.9994 
vt 27.9997 -10.9982 
vt 27.9994 -10.9977 
vt 27.9994 -10.9983 
vt 27.9997 -10.9982 
vt 27.9997 -10.9975 
vt 27.9994 -10.9977 
vt 28.0005 -10.9977 
vt 28.0002 -10.9982 
vt 28.0005 -10.9983 
vt 28.0002 -10.9982 
vt 28.0005 -10.9977 
vt 28.0002 -10.9975 
vt 28.0059 -11.0045 
vt 28.0059 -11.0024 
vt 28.0036 -11.0045 
vt 28.0036 -11.0024 
vt 28.0059 -10.9965 
vt 28.0036 -10.9965 
vt 28.0036 -10.9955 
vt 28.0059 -10.9955 
vt 27.9997 -11 
vt 27.9994 -11.0005 
vt 27.9997 -11.0007 
vt 28.0002 -11.0007 
vt 28.0005 -11.0005 
vt 28.0002 -11 
vt 27.9964 -11.0024 
vt 27.9941 -11.0045 
vt 27.9964 -11.0045 
vt 27.9941 -11.0024 
vt 27.9964 -10.9965 
vt 27.9941 -10.9965 
vt 27.9941 -10.9955 
vt 27.9964 -10.9955 
vt 28.0058 -10.997 
vt 28.006 -10.9977 
vt 28.0063 -10.9975 
vt 28.006 -10.9977 
vt 28.0058 -10.997 
vt 28.0056 -10.9972 
vt 27.994 -10.9977 
vt 27.9942 -10.997 
vt 27.9937 -10.9975 
vt 27.9942 -10.997 
vt 27.994 -10.9977 
vt 27.9944 -10.9972 
vt 27.9997 -11.0007 
vt 27.9994 -11.0012 
vt 27.9997 -11.0013 
vt 27.9994 -11.0012 
vt 27.9997 -11.0007 
vt 27.9994 -11.0005 
vt 28.0053 -10.9965 
vt 28.0056 -10.9972 
vt 28.0058 -10.997 
vt 28.0002 -11.0013 
vt 28.0005 -11.0012 
vt 28.0002 -11.0007 
vt 28.0005 -11.0012 
vt 28.0005 -11.0005 
vt 28.0002 -11.0007 
vt 28.0056 -10.9972 
vt 28.0053 -10.9965 
vt 28.005 -10.9967 
vt 27.9949 -10.9967 
vt 27.9942 -10.997 
vt 27.9944 -10.9972 
vt 27.9942 -10.997 
vt 27.9949 -10.9967 
vt 27.9947 -10.9965 
vt 27.9997 -11.0047 
vt 27.9994 -11.005 
vt 27.9997 -11.0053 
vt 28.006 -11.0012 
vt 28.0058 -11.0019 
vt 28.0063 -11.0013 
vt 28.0058 -11.0019 
vt 28.006 -11.0012 
vt 28.0056 -11.0017 
vt 28.0002 -11.0047 
vt 28.0002 -11.0053 
vt 28.0005 -11.0051 
vt 27.994 -11.0012 
vt 27.9942 -11.0019 
vt 27.9944 -11.0017 
vt 28.0005 -11.0045 
vt 28.0002 -11.0047 
vt 28.0005 -11.0051 
vt 27.9942 -11.0019 
vt 27.994 -11.0012 
vt 27.9937 -11.0013 
vt 28.0051 -11.0021 
vt 28.0058 -11.0019 
vt 28.0056 -11.0017 
vt 28.0058 -11.0019 
vt 28.0051 -11.0021 
vt 28.0053 -11.0023 
vt 27.9942 -11.0019 
vt 27.9949 -11.0021 
vt 27.9944 -11.0017 
vt 27.9942 -11.0019 
vt 27.9947 -11.0023 
vt 27.9949 -11.0021 
vt 27.9997 -11.0053 
vt 27.9997 -11.0058 
vt 28.0002 -11.0058 
vt 28.0002 -11.0053 
vt 27.9997 -11.0047 
vt 28.0002 -11.0047 
vt 27.9997 -11.004 
vt 28.0002 -11.004 
vt 27.9997 -11.0032 
vt 28.0002 -11.0032 
vt 27.9997 -11.0025 
vt 28.0002 -11.0025 
vt 27.9997 -11.0018 
vt 28.0002 -11.0018 
vt 27.9997 -11.0012 
vt 28.0002 -11.0012 
vt 27.9997 -11.0007 
vt 28.0002 -11.0007 
vt 28.0005 -11.0026 
vt 28.0005 -11.0032 
vt 28.0005 -11.0039 
vt 28.0005 -11.0039 
vt 28.0002 -11.004 
vt 28.0005 -11.0045 
vt 28.0002 -11.004 
vt 28.0002 -11.0047 
vt 28.0005 -11.0045 
vt 27.9994 -11.005 
vt 27.9997 -11.0047 
vt 27.9994 -11.0047 
vt 27.9994 -11.004 
vt 27.9997 -11.004 
vt 27.9997 -11.0032 
vt 28.0003 -11.0047 
vt 28.0003 -11.0053 
vt 28.0006 -11.0051 
vt 28.0006 -11.0045 
vt 28.0003 -11.0047 
vt 28.0006 -11.0051 
vt 27.9998 -11.0047 
vt 27.9995 -11.0051 
vt 27.9998 -11.0053 
vt 27.9995 -11.0051 
vt 27.9998 -11.0047 
vt 27.9995 -11.0045 
vt 28.0002 -11.0032 
vt 28.0002 -11.004 
vt 28.0005 -11.0039 
vt 28.0003 -10.9973 
vt 28.0006 -10.9971 
vt 28.0003 -10.9969 
vt 27.9995 -10.9971 
vt 27.9998 -10.9973 
vt 27.9998 -10.9969 
vt 27.9994 -11.004 
vt 27.9997 -11.0032 
vt 27.9994 -11.0032 
vt 27.9997 -11.0025 
vt 27.9998 -11.004 
vt 27.9995 -11.0045 
vt 27.9998 -11.0047 
vt 28.0006 -11.0039 
vt 28.0003 -11.004 
vt 28.0006 -11.0045 
vt 28.0003 -11.004 
vt 28.0003 -11.0047 
vt 28.0006 -11.0045 
vt 27.9994 -11.0032 
vt 27.9997 -11.0025 
vt 27.9994 -11.0026 
vt 28.0002 -11.0032 
vt 28.0005 -11.0026 
vt 28.0002 -11.0025 
vt 27.9998 -11.0053 
vt 27.9998 -11.0058 
vt 28.0003 -11.0058 
vt 28.0003 -11.0053 
vt 27.9998 -11.0047 
vt 28.0003 -11.0047 
vt 27.9998 -11.004 
vt 28.0003 -11.004 
vt 27.9998 -11.0032 
vt 28.0003 -11.0032 
vt 27.9998 -11.0025 
vt 28.0003 -11.0025 
vt 27.9998 -11.0018 
vt 28.0003 -11.0018 
vt 27.9998 -11.0012 
vt 28.0003 -11.0012 
vt 27.9998 -11.0007 
vt 28.0003 -11.0007 
vt 28.0006 -11.0026 
vt 28.0006 -11.0032 
vt 28.0006 -11.0039 
vt 27.9995 -11.0045 
vt 27.9998 -11.004 
vt 27.9995 -11.004 
vt 27.9998 -11.0032 
vt 28.0003 -11.0032 
vt 28.0003 -11.004 
vt 28.0006 -11.0039 
vt 27.9997 -11.0018 
vt 27.9994 -11.0019 
vt 27.9997 -11.0025 
vt 27.9994 -11.0019 
vt 27.9994 -11.0026 
vt 27.9997 -11.0025 
vt 28.0005 -11.0019 
vt 28.0002 -11.0025 
vt 28.0005 -11.0026 
vt 28.0002 -11.0025 
vt 28.0005 -11.0019 
vt 28.0002 -11.0018 
vt 27.9995 -11.004 
vt 27.9998 -11.0032 
vt 27.9995 -11.0032 
vt 27.9995 -11.0026 
vt 28.0003 -11.0032 
vt 28.0006 -11.0026 
vt 28.0003 -11.0025 
vt 27.9998 -11.0032 
vt 27.9998 -11.0025 
vt 27.9995 -11.0026 
vt 27.9994 -11.0014 
vt 27.9994 -11.0019 
vt 27.9997 -11.0018 
vt 27.9997 -11.0012 
vt 27.9994 -11.0014 
vt 27.9997 -11.0018 
vt 28.0005 -11.0014 
vt 28.0002 -11.0018 
vt 28.0005 -11.0019 
vt 28.0002 -11.0018 
vt 28.0005 -11.0014 
vt 28.0002 -11.0012 
vt 27.9998 -10.9969 
vt 28.0003 -10.9975 
vt 28.0003 -10.9969 
vt 27.9998 -10.9975 
vt 28.0003 -10.9982 
vt 27.9998 -10.9982 
vt 28.0006 -11.0019 
vt 28.0003 -11.0025 
vt 28.0006 -11.0026 
vt 27.9998 -11.0018 
vt 27.9995 -11.0019 
vt 27.9998 -11.0025 
vt 28.0003 -11.0025 
vt 28.0006 -11.0019 
vt 28.0003 -11.0018 
vt 27.9995 -11.0019 
vt 27.9995 -11.0026 
vt 27.9998 -11.0025 
vt 28.0012 -10.9965 
vt 28.0009 -10.9971 
vt 28.0014 -10.9967 
vt 28.0009 -10.9971 
vt 28.0012 -10.9965 
vt 28.0007 -10.9969 
vt 27.9991 -10.9971 
vt 27.9988 -10.9965 
vt 27.9986 -10.9967 
vt 27.9988 -10.9965 
vt 27.9991 -10.9971 
vt 27.9993 -10.9969 
vt 28.0003 -10.9982 
vt 27.9998 -10.9979 
vt 27.9998 -10.9982 
vt 28.0003 -10.9979 
vt 27.9998 -10.9977 
vt 28.0003 -10.9977 
vt 27.9998 -10.9973 
vt 27.9995 -10.9976 
vt 27.9998 -10.9977 
vt 28.0003 -10.9973 
vt 27.9995 -10.9971 
vt 27.9995 -10.9973 
vt 27.9995 -10.9976 
vt 27.9998 -10.9969 
vt 28.0003 -10.9969 
vt 28.0006 -10.9976 
vt 28.0003 -10.9977 
vt 28.0006 -10.9976 
vt 28.0006 -10.9973 
vt 28.0006 -10.9971 
vt 28.0007 -10.9969 
vt 28.0004 -10.9976 
vt 28.0009 -10.9971 
vt 28.0004 -10.9976 
vt 28.0007 -10.9969 
vt 28.0002 -10.9975 
vt 27.9996 -10.9976 
vt 27.9993 -10.9969 
vt 27.9991 -10.9971 
vt 27.9993 -10.9969 
vt 27.9996 -10.9976 
vt 27.9998 -10.9975 
vt 28.0006 -11.0014 
vt 28.0003 -11.0018 
vt 28.0006 -11.0019 
vt 28.0003 -11.0018 
vt 28.0006 -11.0014 
vt 28.0003 -11.0012 
vt 27.9995 -11.0014 
vt 27.9995 -11.0019 
vt 27.9998 -11.0018 
vt 27.9998 -11.0012 
vt 27.9995 -11.0014 
vt 27.9998 -11.0018 
vt 27.9998 -11.0014 
vt 27.9998 -11.0019 
vt 28.0003 -11.0019 
vt 28.0003 -11.0014 
vt 27.9998 -11.0005 
vt 28.0003 -11.0005 
vt 28.0009 -11.0017 
vt 28.0012 -11.0024 
vt 28.0014 -11.0021 
vt 28.0012 -11.0024 
vt 28.0009 -11.0017 
vt 28.0007 -11.0019 
vt 27.9988 -11.0024 
vt 27.9991 -11.0017 
vt 27.9986 -11.0021 
vt 27.9991 -11.0017 
vt 27.9988 -11.0024 
vt 27.9993 -11.0019 
vt 28.0006 -10.9976 
vt 28.0003 -10.9982 
vt 28.0006 -10.9985 
vt 28.0003 -10.9982 
vt 28.0006 -10.9976 
vt 28.0003 -10.9975 
vt 27.9995 -10.9976 
vt 27.9998 -10.9982 
vt 27.9998 -10.9975 
vt 27.9995 -10.9976 
vt 27.9995 -10.9985 
vt 27.9998 -10.9982 
vt 28.0004 -11.0012 
vt 28.0007 -11.0019 
vt 28.0009 -11.0017 
vt 28.0007 -11.0019 
vt 28.0004 -11.0012 
vt 28.0002 -11.0014 
vt 27.9993 -11.0019 
vt 27.9996 -11.0012 
vt 27.9991 -11.0017 
vt 27.9996 -11.0012 
vt 27.9993 -11.0019 
vt 27.9998 -11.0014 
vt 28.0003 -11.0005 
vt 28.0003 -11.0014 
vt 28.0006 -11.0012 
vt 28.0006 -11.0012 
vt 28.0006 -11.0002 
vt 28.0003 -11.0005 
vt 27.9998 -11.0005 
vt 27.9995 -11.0012 
vt 27.9998 -11.0014 
vt 27.9995 -11.0012 
vt 27.9998 -11.0005 
vt 27.9995 -11.0002 
vt 28.0002 -10.9998 
vt 27.9997 -10.9934 
vt 27.9997 -10.9998 
vt 28.0002 -10.9934 
vt 27.9994 -10.9934 
vt 27.9994 -11 
vt 27.9997 -10.9998 
vt 27.9994 -10.9934 
vt 27.9997 -10.9998 
vt 27.9997 -10.9934 
vt 28.0005 -10.9934 
vt 28.0002 -10.9998 
vt 28.0005 -11 
vt 28.0002 -10.9998 
vt 28.0005 -10.9934 
vt 28.0002 -10.9934 
vt 28.0006 -10.9978 
vt 28.0003 -10.9977 
vt 28.0003 -10.9979 
vt 27.9998 -10.9977 
vt 27.9995 -10.9978 
vt 27.9998 -10.9979 
vt 28.0003 -10.9977 
vt 28.0006 -10.9978 
vt 28.0006 -10.9976 
vt 27.9995 -10.9978 
vt 27.9998 -10.9977 
vt 27.9995 -10.9976 
vt 28.0003 -10.9963 
vt 28.0003 -10.995 
vt 27.9998 -10.995 
vt 27.9998 -10.9963 
vt 27.9998 -10.9986 
vt 28.0003 -10.9998 
vt 28.0003 -10.9986 
vt 27.9998 -10.9998 
vt 28.0006 -10.9966 
vt 28.0003 -10.995 
vt 28.0003 -10.9963 
vt 28.0006 -10.9948 
vt 28.0006 -11 
vt 28.0003 -10.9986 
vt 28.0003 -10.9998 
vt 28.0003 -10.9986 
vt 28.0006 -11 
vt 28.0006 -10.9984 
vt 27.9998 -10.995 
vt 27.9995 -10.9966 
vt 27.9998 -10.9963 
vt 27.9995 -10.9948 
vt 27.9998 -10.9986 
vt 27.9995 -11 
vt 27.9998 -10.9998 
vt 27.9995 -11 
vt 27.9998 -10.9986 
vt 27.9995 -10.9984 
vt 28.0026 -11.0037 
vt 28.0036 -11.0024 
vt 28.0026 -11.0019 
vt 28.0028 -10.9962 
vt 28.0042 -10.9965 
vt 28.0034 -10.9955 
vt 28.0042 -10.9965 
vt 28.0028 -10.9962 
vt 28.0035 -10.9971 
vt 28.0042 -11.0024 
vt 28.0021 -11.0037 
vt 28.0025 -11.0045 
vt 27.9979 -10.9974 
vt 28.0025 -10.9964 
vt 27.9975 -10.9964 
vt 28.0021 -10.9974 
vt 27.9964 -11.0024 
vt 27.9974 -11.0037 
vt 27.9974 -11.0019 
vt 27.9974 -11.0037 
vt 27.9964 -11.0024 
vt 27.9964 -11.0045 
vt 27.9958 -10.9965 
vt 27.9972 -10.9962 
vt 27.9966 -10.9955 
vt 27.9972 -10.9962 
vt 27.9958 -10.9965 
vt 27.9965 -10.9971 
vt 28.0026 -10.9971 
vt 28.0036 -11.0024 
vt 28.0036 -10.9965 
vt 28.0036 -11.0024 
vt 28.0026 -10.9971 
vt 28.0026 -11.0019 
vt 28.0009 -10.9971 
vt 28.0015 -10.9982 
vt 28.0017 -10.9978 
vt 28.0015 -10.9982 
vt 28.0009 -10.9971 
vt 28.0004 -10.9976 
vt 28.0009 -10.9971 
vt 28.0017 -10.9978 
vt 28.0014 -10.9967 
vt 28.0004 -10.9976 
vt 28.0013 -10.9985 
vt 28.0015 -10.9982 
vt 28.0021 -10.9976 
vt 28.0014 -10.9967 
vt 28.0017 -10.9978 
vt 28.0014 -10.9967 
vt 28.0021 -10.9976 
vt 28.0019 -10.9964 
vt 28.0025 -10.9973 
vt 28.0019 -10.9964 
vt 28.0021 -10.9976 
vt 28.0019 -10.9964 
vt 28.0025 -10.9973 
vt 28.0026 -10.9962 
vt 28.0029 -10.9972 
vt 28.0026 -10.9962 
vt 28.0025 -10.9973 
vt 28.0026 -10.9962 
vt 28.0029 -10.9972 
vt 28.0032 -10.9962 
vt 28.0033 -10.9972 
vt 28.0032 -10.9962 
vt 28.0029 -10.9972 
vt 28.0033 -10.9972 
vt 28.004 -10.9963 
vt 28.0032 -10.9962 
vt 28.004 -10.9963 
vt 28.0033 -10.9972 
vt 28.0037 -10.9972 
vt 28.004 -10.9973 
vt 28.004 -10.9963 
vt 28.0037 -10.9972 
vt 28.004 -10.9973 
vt 28.0047 -10.9965 
vt 28.004 -10.9963 
vt 28.0047 -10.9965 
vt 28.004 -10.9973 
vt 28.0041 -10.9973 
vt 28.0047 -10.9965 
vt 28.0041 -10.9973 
vt 28.0045 -10.9976 
vt 28.0047 -10.9977 
vt 28.0047 -10.9965 
vt 28.0045 -10.9976 
vt 28.0047 -10.9965 
vt 28.0047 -10.9977 
vt 28.005 -10.9967 
vt 28.0047 -10.9977 
vt 28.0056 -10.9972 
vt 28.005 -10.9967 
vt 28.0056 -10.9972 
vt 28.0047 -10.9977 
vt 28.0049 -10.9978 
vt 28.0051 -10.9982 
vt 28.0056 -10.9972 
vt 28.0049 -10.9978 
vt 28.0056 -10.9972 
vt 28.0051 -10.9982 
vt 28.006 -10.9977 
vt 28.0053 -10.9985 
vt 28.006 -10.9977 
vt 28.0051 -10.9982 
vt 28.006 -10.9977 
vt 28.0053 -10.9985 
vt 28.0064 -10.9983 
vt 28.0055 -10.999 
vt 28.0064 -10.9983 
vt 28.0053 -10.9985 
vt 28.0064 -10.9983 
vt 28.0055 -10.999 
vt 28.0066 -10.9989 
vt 28.0055 -10.9994 
vt 28.0066 -10.9989 
vt 28.0055 -10.999 
vt 28.0066 -10.9989 
vt 28.0055 -10.9994 
vt 28.0066 -10.9994 
vt 28.0055 -10.9998 
vt 28.0066 -10.9994 
vt 28.0055 -10.9998 
vt 28.0066 -11 
vt 28.0066 -11 
vt 28.0055 -10.9998 
vt 28.0064 -11.0005 
vt 28.0064 -11.0005 
vt 28.0055 -10.9998 
vt 28.0053 -11.0002 
vt 28.0053 -11.0002 
vt 28.006 -11.0012 
vt 28.0064 -11.0005 
vt 28.006 -11.0012 
vt 28.0053 -11.0002 
vt 28.0051 -11.0006 
vt 28.0056 -11.0017 
vt 28.0049 -11.0009 
vt 28.0056 -11.0017 
vt 28.0051 -11.0006 
vt 28.0051 -11.0021 
vt 28.0045 -11.0012 
vt 28.0051 -11.0021 
vt 28.0049 -11.0009 
vt 28.0041 -11.0014 
vt 28.0051 -11.0021 
vt 28.0045 -11.0012 
vt 28.0051 -11.0021 
vt 28.0041 -11.0014 
vt 28.0045 -11.0024 
vt 28.0037 -11.0015 
vt 28.0045 -11.0024 
vt 28.0041 -11.0014 
vt 28.0045 -11.0024 
vt 28.0037 -11.0015 
vt 28.0039 -11.0026 
vt 28.0033 -11.0016 
vt 28.0039 -11.0026 
vt 28.0037 -11.0015 
vt 28.0039 -11.0026 
vt 28.0033 -11.0016 
vt 28.0032 -11.0027 
vt 28.0029 -11.0015 
vt 28.0032 -11.0027 
vt 28.0033 -11.0016 
vt 28.0032 -11.0027 
vt 28.0029 -11.0015 
vt 28.0026 -11.0026 
vt 28.0025 -11.0014 
vt 28.0026 -11.0026 
vt 28.0029 -11.0015 
vt 28.0026 -11.0026 
vt 28.0025 -11.0014 
vt 28.0019 -11.0024 
vt 28.0021 -11.0012 
vt 28.0019 -11.0024 
vt 28.0025 -11.0014 
vt 28.0021 -11.0012 
vt 28.0014 -11.0021 
vt 28.0019 -11.0024 
vt 28.0017 -11.0009 
vt 28.0009 -11.0017 
vt 28.0017 -11.0009 
vt 28.0014 -11.0021 
vt 28.0021 -11.0012 
vt 28.0015 -11.0006 
vt 28.0009 -11.0017 
vt 28.0017 -11.0009 
vt 28.0015 -11.0006 
vt 28.0004 -11.0012 
vt 28.0009 -11.0017 
vt 28.0013 -11.0002 
vt 28 -11.0002 
vt 28.0011 -10.9998 
vt 28.0013 -11.0002 
vt 28.0004 -11.0012 
vt 28.0015 -11.0006 
vt 28.0011 -10.9994 
vt 28 -11.0002 
vt 28.0011 -10.9998 
vt 28 -10.9985 
vt 27.9984 -11.0002 
vt 27.9966 -11.0002 
vt 27.9934 -10.9985 
vt 27.9967 -11.0013 
vt 27.9982 -11.0015 
vt 27.9948 -11.0002 
vt 27.9931 -11.0003 
vt 28 -11.0002 
vt 28.0011 -10.9994 
vt 28 -10.9985 
vt 28.0011 -10.999 
vt 28 -10.9985 
vt 28.0011 -10.9994 
vt 28.0013 -10.9985 
vt 28 -10.9985 
vt 28.0011 -10.999 
vt 28.0004 -10.9976 
vt 27.9982 -11.0015 
vt 27.9967 -11.0013 
vt 27.998 -11.0018 
vt 27.998 -11.0018 
vt 27.9967 -11.0013 
vt 27.9969 -11.0017 
vt 27.9969 -11.0017 
vt 27.9973 -11.002 
vt 27.998 -11.0018 
vt 27.9973 -11.002 
vt 27.9969 -11.0017 
vt 27.9971 -11.0019 
vt 27.9973 -11.002 
vt 27.9978 -11.002 
vt 27.998 -11.0018 
vt 27.9978 -11.002 
vt 27.9973 -11.002 
vt 27.9976 -11.002 
vt 27.9948 -11.0002 
vt 27.9931 -11.0003 
vt 27.9947 -11.0009 
vt 27.9931 -11.0003 
vt 27.9934 -10.9985 
vt 27.9931 -10.9987 
vt 27.9931 -10.9987 
vt 27.9934 -10.9985 
vt 27.9932 -10.9986 
vt 27.9931 -10.9987 
vt 27.9932 -10.9986 
vt 27.9932 -10.9986 
vt 27.9933 -11.0016 
vt 27.9947 -11.0009 
vt 27.9931 -11.0003 
vt 27.9947 -11.0009 
vt 27.9933 -11.0016 
vt 27.9947 -11.0013 
vt 27.9933 -11.0016 
vt 27.9946 -11.0016 
vt 27.9947 -11.0013 
vt 27.9934 -11.0018 
vt 27.9938 -11.002 
vt 27.9938 -11.002 
vt 27.9934 -11.0018 
vt 27.9937 -11.002 
vt 27.9941 -11.002 
vt 27.9946 -11.0016 
vt 27.9938 -11.002 
vt 27.9943 -11.0019 
vt 27.9946 -11.0016 
vt 27.9941 -11.002 
vt 27.9946 -11.0016 
vt 27.9943 -11.0019 
vt 27.9944 -11.0018 
vt 27.9966 -10.9964 
vt 28.0028 -10.9974 
vt 28.0034 -10.9964 
vt 27.9972 -10.9974 
vt 28.0066 -10.9985 
vt 28.0069 -11.0003 
vt 28.0069 -10.9987 
vt 28.0066 -10.9985 
vt 28.0069 -10.9987 
vt 28.0068 -10.9986 
vt 28.0068 -10.9986 
vt 28.0069 -10.9987 
vt 28.0068 -10.9986 
vt 28.0069 -11.0003 
vt 28.0066 -10.9985 
vt 28.0052 -11.0002 
vt 28.0034 -11.0002 
vt 28 -10.9985 
vt 28.0016 -11.0002 
vt 28 -11.0002 
vt 28.0033 -11.0013 
vt 28.0018 -11.0015 
vt 27.9989 -10.9998 
vt 27.9989 -10.9994 
vt 28.0053 -11.0009 
vt 28.0069 -11.0003 
vt 28.0052 -11.0002 
vt 28.0069 -11.0003 
vt 28.0053 -11.0009 
vt 28.0067 -11.0016 
vt 28.0053 -11.0013 
vt 28.0067 -11.0016 
vt 28.0053 -11.0009 
vt 28.0054 -11.0016 
vt 28.0067 -11.0016 
vt 28.0053 -11.0013 
vt 28.0066 -11.0018 
vt 28.0062 -11.002 
vt 28.0066 -11.0018 
vt 28.0062 -11.002 
vt 28.0063 -11.002 
vt 28.0054 -11.0016 
vt 28.0059 -11.002 
vt 28.0062 -11.002 
vt 28.0059 -11.002 
vt 28.0054 -11.0016 
vt 28.0057 -11.0019 
vt 28.0057 -11.0019 
vt 28.0054 -11.0016 
vt 28.0056 -11.0018 
vt 28.002 -11.0018 
vt 28.0033 -11.0013 
vt 28.0018 -11.0015 
vt 28.0033 -11.0013 
vt 28.002 -11.0018 
vt 28.0031 -11.0017 
vt 28.002 -11.0018 
vt 28.0027 -11.002 
vt 28.0031 -11.0017 
vt 28.0031 -11.0017 
vt 28.0027 -11.002 
vt 28.0029 -11.0019 
vt 28.0027 -11.002 
vt 28.002 -11.0018 
vt 28.0022 -11.002 
vt 28.0027 -11.002 
vt 28.0022 -11.002 
vt 28.0024 -11.002 
vt 28 -10.9985 
vt 27.9989 -10.9994 
vt 28 -11.0002 
vt 27.9989 -10.9994 
vt 28 -10.9985 
vt 27.9989 -10.999 
vt 27.9987 -11.0002 
vt 28 -11.0002 
vt 27.9989 -10.9998 
vt 27.9996 -11.0012 
vt 27.9985 -11.0006 
vt 27.9991 -11.0017 
vt 28 -10.9985 
vt 27.9987 -10.9985 
vt 27.9989 -10.999 
vt 27.9996 -10.9976 
vt 27.9985 -11.0006 
vt 27.9996 -11.0012 
vt 27.9987 -11.0002 
vt 27.9996 -10.9976 
vt 27.9985 -10.9982 
vt 27.9987 -10.9985 
vt 27.9991 -10.9971 
vt 27.9985 -10.9982 
vt 27.9996 -10.9976 
vt 27.9991 -11.0017 
vt 27.9985 -11.0006 
vt 27.9983 -11.0009 
vt 27.9985 -10.9982 
vt 27.9991 -10.9971 
vt 27.9983 -10.9978 
vt 27.9983 -11.0009 
vt 27.9986 -11.0021 
vt 27.9991 -11.0017 
vt 27.9979 -11.0012 
vt 27.9981 -11.0024 
vt 27.9986 -10.9967 
vt 27.9983 -10.9978 
vt 27.9991 -10.9971 
vt 27.9986 -11.0021 
vt 27.9983 -11.0009 
vt 27.9979 -11.0012 
vt 27.9983 -10.9978 
vt 27.9986 -10.9967 
vt 27.9979 -10.9976 
vt 27.9981 -10.9964 
vt 27.9979 -10.9976 
vt 27.9986 -10.9967 
vt 27.9975 -11.0014 
vt 27.9981 -11.0024 
vt 27.9979 -11.0012 
vt 27.9979 -10.9976 
vt 27.9981 -10.9964 
vt 27.9975 -10.9973 
vt 27.9981 -11.0024 
vt 27.9975 -11.0014 
vt 27.9974 -11.0026 
vt 27.9974 -10.9962 
vt 27.9975 -10.9973 
vt 27.9981 -10.9964 
vt 27.9971 -11.0015 
vt 27.9974 -11.0026 
vt 27.9975 -11.0014 
vt 27.9975 -10.9973 
vt 27.9974 -10.9962 
vt 27.9971 -10.9972 
vt 27.9974 -11.0026 
vt 27.9971 -11.0015 
vt 27.9968 -11.0027 
vt 27.9968 -10.9962 
vt 27.9971 -10.9972 
vt 27.9974 -10.9962 
vt 27.9967 -11.0016 
vt 27.9968 -11.0027 
vt 27.9971 -11.0015 
vt 27.9971 -10.9972 
vt 27.9968 -10.9962 
vt 27.9968 -10.9972 
vt 27.9968 -11.0027 
vt 27.9967 -11.0016 
vt 27.996 -11.0026 
vt 27.9968 -10.9962 
vt 27.9967 -10.9972 
vt 27.9968 -10.9972 
vt 27.996 -11.0026 
vt 27.9967 -11.0016 
vt 27.9963 -11.0015 
vt 27.9961 -10.9962 
vt 27.9967 -10.9972 
vt 27.9968 -10.9962 
vt 27.996 -11.0026 
vt 27.9963 -11.0015 
vt 27.996 -11.0015 
vt 27.9967 -10.9972 
vt 27.9961 -10.9962 
vt 27.9963 -10.9972 
vt 27.996 -11.0015 
vt 27.9955 -11.0025 
vt 27.996 -11.0026 
vt 27.9961 -10.9962 
vt 27.9959 -10.9973 
vt 27.9963 -10.9972 
vt 27.9955 -11.0025 
vt 27.996 -11.0015 
vt 27.9959 -11.0014 
vt 27.9959 -10.9973 
vt 27.9961 -10.9962 
vt 27.9955 -10.9964 
vt 27.9955 -11.0025 
vt 27.9959 -11.0014 
vt 27.9949 -11.0021 
vt 27.9951 -11.0009 
vt 27.9955 -11.0012 
vt 27.9955 -10.9964 
vt 27.9955 -10.9976 
vt 27.9959 -10.9973 
vt 27.9955 -11.0012 
vt 27.9949 -11.0021 
vt 27.9959 -11.0014 
vt 27.9949 -10.9967 
vt 27.9955 -10.9976 
vt 27.9955 -10.9964 
vt 27.9955 -10.9976 
vt 27.9949 -10.9967 
vt 27.9951 -10.9978 
vt 27.9949 -11.0021 
vt 27.9951 -11.0009 
vt 27.9944 -11.0017 
vt 27.9949 -11.0006 
vt 27.9944 -10.9972 
vt 27.9951 -10.9978 
vt 27.9949 -10.9967 
vt 27.9944 -10.9972 
vt 27.9949 -10.9982 
vt 27.9951 -10.9978 
vt 27.9944 -11.0017 
vt 27.9949 -11.0006 
vt 27.994 -11.0012 
vt 27.9947 -11.0002 
vt 27.9949 -10.9982 
vt 27.9944 -10.9972 
vt 27.994 -10.9977 
vt 27.994 -10.9977 
vt 27.9947 -10.9985 
vt 27.9949 -10.9982 
vt 27.994 -11.0012 
vt 27.9947 -11.0002 
vt 27.9936 -11.0005 
vt 27.9936 -10.9983 
vt 27.9947 -10.9985 
vt 27.994 -10.9977 
vt 27.9945 -10.9998 
vt 27.9936 -11.0005 
vt 27.9947 -11.0002 
vt 27.9947 -10.9985 
vt 27.9936 -10.9983 
vt 27.9945 -10.999 
vt 27.9936 -11.0005 
vt 27.9945 -10.9998 
vt 27.9934 -11 
vt 27.9934 -10.9989 
vt 27.9945 -10.999 
vt 27.9936 -10.9983 
vt 27.9934 -11 
vt 27.9945 -10.9998 
vt 27.9934 -10.9994 
vt 27.9945 -10.999 
vt 27.9934 -10.9989 
vt 27.9945 -10.9994 
vt 27.9945 -10.9994 
vt 27.9934 -10.9994 
vt 27.9945 -10.9998 
vt 27.9934 -10.9989 
vt 27.9964 -10.9965 
vt 27.9964 -11.0024 
vt 27.9974 -10.9971 
vt 27.9974 -10.9971 
vt 27.9964 -11.0024 
vt 27.9974 -11.0019 
vt 27.9994 -10.9998 
vt 27.9997 -11.0001 
vt 27.9997 -10.9998 
vt 27.9994 -10.9994 
vt 28.0002 -11.0001 
vt 28.0005 -10.9998 
vt 28.0002 -10.9998 
vt 28.0005 -10.9994 
vt 27.9997 -11.0001 
vt 27.9994 -10.9998 
vt 27.9994 -11.0002 
vt 28.0005 -10.9998 
vt 28.0002 -11.0001 
vt 28.0005 -11.0002 
vt 27.9994 -11.0002 
vt 27.9997 -11.0005 
vt 27.9997 -11.0001 
vt 27.9997 -11.0005 
vt 27.9994 -11.0002 
vt 27.9994 -11.0006 
vt 28.0002 -11.0005 
vt 28.0005 -11.0002 
vt 28.0002 -11.0001 
vt 28.0005 -11.0002 
vt 28.0002 -11.0005 
vt 28.0005 -11.0006 
vt 27.9997 -10.9986 
vt 27.9994 -10.999 
vt 27.9997 -10.999 
vt 27.9994 -10.9994 
vt 28.0002 -10.999 
vt 28.0005 -10.999 
vt 28.0002 -10.9986 
vt 28.0005 -10.9994 
vt 27.9997 -11.0001 
vt 28.0002 -11.0001 
vt 27.9997 -10.9998 
vt 28.0002 -10.9998 
vt 28.0002 -11.0005 
vt 27.9997 -11.0005 
vt 28.0002 -11.0007 
vt 27.9997 -11.0007 
vt 27.9997 -10.9994 
vt 28.0002 -10.9994 
vt 27.9997 -10.999 
vt 27.9994 -10.9994 
vt 27.9997 -10.9998 
vt 27.9997 -10.999 
vt 28.0002 -10.999 
vt 27.9997 -10.9986 
vt 28.0002 -10.9986 
vt 27.9997 -10.9983 
vt 28.0002 -10.9983 
vt 27.9997 -10.998 
vt 28.0002 -10.998 
vt 28.0005 -10.9994 
vt 28.0002 -10.999 
vt 28.0002 -10.9998 
vt 28.0019 -11.0007 
vt 28.0015 -11.0006 
vt 28.0017 -11.0009 
vt 27.9985 -11.0006 
vt 27.9981 -11.0007 
vt 27.9983 -11.0009 
vt 27.9979 -11.0022 
vt 27.9982 -11.002 
vt 27.998 -11.0018 
vt 27.9979 -11.0022 
vt 27.998 -11.0018 
vt 27.9978 -11.002 
vt 28.0021 -11.0022 
vt 28.002 -11.0018 
vt 28.0018 -11.002 
vt 28.002 -11.0018 
vt 28.0021 -11.0022 
vt 28.0022 -11.002 
vt 28.0015 -11.0006 
vt 28.0019 -11.0007 
vt 28.0017 -11.0005 
vt 28.0017 -11.0009 
vt 28.0022 -11.001 
vt 27.9994 -10.9985 
vt 27.9997 -10.9983 
vt 27.9994 -10.9982 
vt 27.9994 -10.999 
vt 27.9997 -10.9986 
vt 27.9981 -11.0007 
vt 27.9985 -11.0006 
vt 27.9983 -11.0005 
vt 27.9978 -11.001 
vt 27.9983 -11.0009 
vt 28.0005 -10.9985 
vt 28.0005 -10.9982 
vt 28.0002 -10.9983 
vt 28.0005 -10.999 
vt 28.0002 -10.9986 
vt 28.0022 -11.001 
vt 28.0017 -11.0009 
vt 28.0021 -11.0012 
vt 27.9983 -11.0009 
vt 27.9978 -11.001 
vt 27.9979 -11.0012 
vt 28.0002 -10.9986 
vt 28.0005 -10.9985 
vt 28.0002 -10.9983 
vt 27.9997 -10.9983 
vt 27.9994 -10.9985 
vt 27.9997 -10.9986 
vt 28.0015 -10.9982 
vt 28.0019 -10.998 
vt 28.0017 -10.9978 
vt 27.9994 -11.0025 
vt 27.9997 -11.0022 
vt 27.9994 -11.0021 
vt 28.0019 -10.998 
vt 28.0015 -10.9982 
vt 28.0017 -10.9983 
vt 28.0005 -11.0021 
vt 28.0002 -11.0022 
vt 28.0005 -11.0025 
vt 28.0002 -11.0022 
vt 28.0002 -11.0026 
vt 28.0005 -11.0025 
vt 27.9997 -11.0022 
vt 27.9994 -11.0025 
vt 27.9997 -11.0026 
vt 27.9981 -10.998 
vt 27.9985 -10.9982 
vt 27.9983 -10.9978 
vt 27.9985 -10.9982 
vt 27.9981 -10.998 
vt 27.9983 -10.9983 
vt 27.9994 -11.0029 
vt 27.9997 -11.0026 
vt 27.9994 -11.0025 
vt 28.0017 -10.9978 
vt 28.0022 -10.9978 
vt 28.0021 -10.9976 
vt 28.0019 -10.998 
vt 28.0002 -11.0026 
vt 28.0005 -11.0029 
vt 28.0005 -11.0025 
vt 27.9978 -10.9978 
vt 27.9983 -10.9978 
vt 27.9979 -10.9976 
vt 27.9981 -10.998 
vt 27.9997 -11.0026 
vt 27.9994 -11.0029 
vt 27.9997 -11.0029 
vt 27.9994 -11.0033 
vt 28.0005 -11.0029 
vt 28.0002 -11.0026 
vt 28.0002 -11.0029 
vt 28.0005 -11.0033 
vt 28.0003 -11.0022 
vt 28.0003 -11.0026 
vt 28.0006 -11.0025 
vt 28.0006 -11.0021 
vt 28.0003 -11.0022 
vt 28.0006 -11.0025 
vt 27.9998 -11.0022 
vt 27.9995 -11.0025 
vt 27.9998 -11.0026 
vt 27.9995 -11.0025 
vt 27.9998 -11.0022 
vt 27.9995 -11.0021 
vt 28.0003 -11.0026 
vt 28.0006 -11.0029 
vt 28.0006 -11.0025 
vt 27.9995 -11.0029 
vt 27.9998 -11.0026 
vt 27.9995 -11.0025 
vt 28.0002 -11.0019 
vt 27.9997 -11.0019 
vt 28.0002 -11.0022 
vt 27.9997 -11.0022 
vt 28.0002 -11.0026 
vt 27.9997 -11.0026 
vt 28.0002 -11.0029 
vt 27.9997 -11.0029 
vt 28.0002 -11.0033 
vt 27.9997 -11.0033 
vt 28.0002 -11.0029 
vt 28.0005 -11.0033 
vt 28.0002 -11.0037 
vt 28.0002 -11.0037 
vt 27.9997 -11.0037 
vt 28.0002 -11.004 
vt 27.9997 -11.0029 
vt 27.9994 -11.0033 
vt 27.9997 -11.0037 
vt 27.9994 -11.0018 
vt 27.9997 -11.0016 
vt 27.9994 -11.0015 
vt 27.9997 -11.0016 
vt 27.9994 -11.0018 
vt 27.9997 -11.002 
vt 28.0002 -11.0016 
vt 28.0005 -11.0018 
vt 28.0005 -11.0015 
vt 28.0005 -11.0018 
vt 28.0002 -11.0016 
vt 28.0002 -11.002 
vt 28.0005 -11.0033 
vt 28.0002 -11.0037 
vt 28.0005 -11.0037 
vt 28.0002 -11.004 
vt 27.9994 -11.0033 
vt 27.9994 -11.0037 
vt 27.9997 -11.0037 
vt 27.9997 -11.004 
vt 27.9995 -11.0032 
vt 27.9998 -11.0029 
vt 27.9995 -11.0029 
vt 27.9998 -11.0026 
vt 28.0006 -11.0029 
vt 28.0003 -11.0029 
vt 28.0006 -11.0033 
vt 28.0003 -11.0026 
vt 28.0005 -11.0037 
vt 28.0002 -11.004 
vt 28.0005 -11.004 
vt 27.9994 -11.0037 
vt 27.9994 -11.0041 
vt 27.9997 -11.004 
vt 28.0005 -11.004 
vt 28.0002 -11.004 
vt 28.0005 -11.0041 
vt 27.9997 -11.004 
vt 27.9994 -11.0041 
vt 27.9997 -11.0044 
vt 27.9994 -11.0041 
vt 27.9994 -11.0045 
vt 27.9997 -11.0044 
vt 28.0002 -11.0044 
vt 28.0005 -11.0041 
vt 28.0002 -11.004 
vt 28.0005 -11.0041 
vt 28.0002 -11.0044 
vt 28.0005 -11.0045 
vt 28.0003 -11.004 
vt 28.0006 -11.0037 
vt 28.0003 -11.0037 
vt 28.0006 -11.0033 
vt 27.9998 -11.0037 
vt 27.9995 -11.0037 
vt 27.9998 -11.004 
vt 27.9995 -11.0033 
vt 27.9998 -11.0037 
vt 28.0003 -11.004 
vt 28.0003 -11.0037 
vt 28.0003 -11.0033 
vt 27.9998 -11.0033 
vt 27.9998 -11.0032 
vt 28.0003 -11.0029 
vt 28.0006 -11.0033 
vt 28.0003 -11.0037 
vt 28.0003 -11.0029 
vt 27.9998 -11.0029 
vt 28.0003 -11.0026 
vt 27.9998 -11.0026 
vt 28.0003 -11.0022 
vt 27.9998 -11.0022 
vt 28.0003 -11.0019 
vt 27.9998 -11.0019 
vt 27.9995 -11.0033 
vt 27.9998 -11.0037 
vt 27.9995 -11.0032 
vt 27.9998 -11.0032 
vt 27.9998 -11.0029 
vt 28.0049 -11.0009 
vt 28.0044 -11.001 
vt 28.0045 -11.0012 
vt 28.0006 -11.004 
vt 28.0003 -11.004 
vt 28.0006 -11.0041 
vt 27.9951 -11.0009 
vt 27.9955 -11.0012 
vt 27.9956 -11.001 
vt 27.9995 -11.0037 
vt 27.9995 -11.0041 
vt 27.9998 -11.004 
vt 28.0006 -11.0037 
vt 28.0003 -11.004 
vt 28.0006 -11.004 
vt 28.0002 -11.004 
vt 28.0005 -11.004 
vt 28.0002 -11.004 
vt 27.9997 -11.004 
vt 28.0044 -11.001 
vt 28.0049 -11.0009 
vt 28.0047 -11.0007 
vt 28.0051 -11.0006 
vt 28.0049 -11.0005 
vt 27.9951 -11.0009 
vt 27.9956 -11.001 
vt 27.9953 -11.0007 
vt 27.9949 -11.0006 
vt 27.9951 -11.0005 
vt 27.9998 -11.0032 
vt 28.0003 -11.0033 
vt 28.0003 -11.0029 
vt 27.9997 -11.004 
vt 28.0002 -11.004 
vt 27.9997 -11.0037 
vt 27.9994 -11.0015 
vt 27.9997 -11.0005 
vt 27.9994 -11.0002 
vt 27.9997 -11.0005 
vt 27.9994 -11.0015 
vt 27.9997 -11.0016 
vt 28.0005 -11.0015 
vt 28.0002 -11.0005 
vt 28.0002 -11.0016 
vt 28.0005 -11.0015 
vt 28.0005 -11.0002 
vt 28.0002 -11.0005 
vt 28.0051 -11.0006 
vt 28.0047 -11.0007 
vt 28.0049 -11.0009 
vt 28.0003 -11.0044 
vt 28.0006 -11.0041 
vt 28.0003 -11.004 
vt 27.9949 -11.0006 
vt 27.9951 -11.0009 
vt 27.9953 -11.0007 
vt 27.9995 -11.0041 
vt 27.9995 -11.0045 
vt 27.9998 -11.0044 
vt 28.0006 -11.0041 
vt 28.0003 -11.0044 
vt 28.0006 -11.0045 
vt 27.9998 -11.004 
vt 27.9995 -11.0041 
vt 27.9998 -11.0044 
vt 28.0047 -10.9977 
vt 28.0047 -10.998 
vt 28.0049 -10.9978 
vt 28.0006 -11.0002 
vt 28.0003 -11.0005 
vt 28.0006 -11.0006 
vt 28.0003 -11.0005 
vt 28.0006 -11.0002 
vt 28.0003 -11.0001 
vt 28.0044 -10.9978 
vt 28.0047 -10.998 
vt 28.0047 -10.9977 
vt 28.0047 -10.9977 
vt 28.0045 -10.9976 
vt 28.0044 -10.9978 
vt 27.9995 -11.0002 
vt 27.9995 -11.0006 
vt 27.9998 -11.0005 
vt 27.9995 -11.0002 
vt 27.9998 -11.0005 
vt 27.9998 -11.0001 
vt 27.9956 -10.9978 
vt 27.9951 -10.9978 
vt 27.9953 -10.998 
vt 27.9955 -10.9976 
vt 28.0049 -10.9978 
vt 28.0047 -10.998 
vt 28.0047 -10.998 
vt 28.0049 -10.9978 
vt 28.0049 -10.9983 
vt 28.0051 -10.9982 
vt 28.0049 -10.9983 
vt 28.0049 -10.9978 
vt 28.0047 -10.998 
vt 28.0006 -10.9998 
vt 28.0003 -11.0001 
vt 28.0006 -11.0002 
vt 27.9995 -10.9998 
vt 27.9995 -11.0002 
vt 27.9998 -11.0001 
vt 27.9951 -10.9983 
vt 27.9951 -10.9978 
vt 27.9949 -10.9982 
vt 27.9951 -10.9978 
vt 27.9951 -10.9983 
vt 27.9953 -10.998 
vt 28.0003 -11.0001 
vt 28.0006 -10.9998 
vt 28.0003 -10.9998 
vt 28.0006 -10.9994 
vt 27.9998 -10.9998 
vt 27.9995 -10.9998 
vt 27.9998 -11.0001 
vt 27.9995 -10.9994 
vt 28.0003 -11.004 
vt 28.0006 -11.004 
vt 28.0003 -11.004 
vt 27.9998 -11.004 
vt 28.0003 -10.9983 
vt 28.0003 -10.9986 
vt 28.0006 -10.9985 
vt 28.0002 -11.004 
vt 27.9997 -11.004 
vt 28.0002 -11.0044 
vt 27.9997 -11.0044 
vt 28.0002 -11.0047 
vt 27.9997 -11.0047 
vt 27.9998 -10.9983 
vt 27.9995 -10.9985 
vt 27.9998 -10.9986 
vt 28.0003 -10.9986 
vt 28.0006 -10.999 
vt 28.0006 -10.9985 
vt 28.0006 -10.9982 
vt 28.0003 -10.9983 
vt 27.9995 -10.999 
vt 27.9998 -10.9986 
vt 27.9995 -10.9985 
vt 27.9998 -10.9983 
vt 27.9995 -10.9982 
vt 28.0003 -10.999 
vt 28.0006 -10.9994 
vt 28.0006 -10.999 
vt 28.0003 -10.9986 
vt 27.9995 -10.9994 
vt 27.9998 -10.999 
vt 27.9995 -10.999 
vt 27.9998 -10.9986 
vt 28.0003 -11.004 
vt 27.9998 -11.0037 
vt 27.9998 -11.004 
vt 28.0002 -11.0016 
vt 27.9997 -11.0005 
vt 27.9997 -11.0016 
vt 28.0002 -11.0005 
vt 28.0002 -11.002 
vt 27.9997 -11.002 
vt 27.9998 -11.0044 
vt 28.0003 -11.0047 
vt 28.0003 -11.0044 
vt 28.0003 -11.004 
vt 27.9998 -11.004 
vt 28.0003 -11.0047 
vt 27.9998 -11.0044 
vt 27.9998 -11.0047 
vt 28.0003 -11.0047 
vt 27.9998 -11.0047 
vt 28.0003 -11.0047 
vt 28.0003 -11.0005 
vt 27.9998 -11.0007 
vt 28.0003 -11.0007 
vt 27.9998 -11.0005 
vt 28.0003 -11.0001 
vt 27.9998 -11.0001 
vt 28.0003 -10.9998 
vt 27.9998 -10.9998 
vt 28.0003 -10.9994 
vt 27.9998 -10.9994 
vt 28.0003 -10.9998 
vt 28.0006 -10.9994 
vt 28.0003 -10.999 
vt 28.0003 -10.999 
vt 27.9998 -10.999 
vt 28.0003 -10.9986 
vt 27.9998 -10.9986 
vt 28.0003 -10.9983 
vt 27.9998 -10.9983 
vt 28.0003 -10.998 
vt 27.9998 -10.998 
vt 27.9995 -10.9994 
vt 27.9998 -10.9998 
vt 27.9998 -10.999 
vt 28.0028 -10.9962 
vt 28.0001 -10.9971 
vt 28.0035 -10.9971 
vt 28.001 -10.9975 
vt 27.9972 -10.9962 
vt 28 -10.997 
vt 27.9999 -10.9971 
vt 27.9965 -10.9971 
vt 27.999 -10.9975 
vt 28.0001 -10.9971 
vt 28.0028 -10.9962 
vt 28 -10.997 
vt 28.0014 -10.9984 
vt 28.0035 -10.9971 
vt 28.001 -10.9975 
vt 27.9972 -10.9962 
vt 27.9999 -10.9971 
vt 28 -10.997 
vt 27.9965 -10.9971 
vt 27.9986 -10.9984 
vt 27.999 -10.9975 
vt 28.0035 -11.0019 
vt 28.0035 -10.9971 
vt 28.0014 -10.9984 
vt 28.001 -10.9994 
vt 28.0035 -11.0019 
vt 28.0014 -10.9984 
vt 28.0035 -11.0019 
vt 28.001 -10.9994 
vt 28.0016 -11.0019 
vt 28.0017 -11.0024 
vt 27.9983 -11.0024 
vt 28.0021 -11.0037 
vt 27.9979 -11.0037 
vt 27.9984 -11.0019 
vt 27.9965 -11.0019 
vt 27.999 -10.9994 
vt 28.0035 -11.0019 
vt 28.0017 -11.0024 
vt 28.0021 -11.0037 
vt 27.9965 -11.0019 
vt 27.9986 -10.9984 
vt 27.9965 -10.9971 
vt 27.9983 -11.0024 
vt 27.9965 -11.0019 
vt 27.9979 -11.0037 
vt 27.9965 -11.0019 
vt 27.999 -10.9994 
vt 27.9986 -10.9984 

usemtl Default31Mtl

f 919/919/919 920/920/920 921/921/921 
f 920/920/920 919/919/919 922/922/922 
f 922/922/922 923/923/923 920/920/920 
f 923/923/923 922/922/922 924/924/924 
f 925/925/925 923/923/923 924/924/924 
f 926/926/926 923/923/923 925/925/925 
f 927/927/927 928/928/928 929/929/929 
f 929/929/929 928/928/928 930/930/930 
f 931/931/931 927/927/927 929/929/929 
f 932/932/932 927/927/927 931/931/931 
f 933/933/933 932/932/932 931/931/931 
f 928/928/928 934/934/934 930/930/930 
f 930/930/930 934/934/934 935/935/935 
f 934/934/934 936/936/936 935/935/935 
f 936/936/936 937/937/937 935/935/935 
f 937/937/937 936/936/936 938/938/938 
f 938/938/938 939/939/939 937/937/937 
f 939/939/939 938/938/938 940/940/940 
f 940/940/940 941/941/941 939/939/939 
f 941/941/941 940/940/940 942/942/942 
f 942/942/942 943/943/943 941/941/941 
f 943/943/943 942/942/942 944/944/944 
f 945/945/945 946/946/946 947/947/947 
f 945/945/945 947/947/947 948/948/948 
f 949/949/949 950/950/950 951/951/951 
f 952/952/952 953/953/953 954/954/954 
f 955/955/955 956/956/956 957/957/957 
f 958/958/958 959/959/959 960/960/960 
f 961/961/961 962/962/962 963/963/963 
f 964/964/964 965/965/965 966/966/966 
f 967/967/967 968/968/968 969/969/969 
f 970/970/970 971/971/971 972/972/972 
f 973/973/973 974/974/974 975/975/975 
f 973/973/973 976/976/976 974/974/974 
f 977/977/977 978/978/978 979/979/979 
f 980/980/980 981/981/981 982/982/982 
f 983/983/983 984/984/984 985/985/985 
f 986/986/986 987/987/987 988/988/988 
f 989/989/989 990/990/990 991/991/991 
f 992/992/992 993/993/993 994/994/994 
f 995/995/995 996/996/996 997/997/997 
f 998/998/998 999/999/999 1000/1000/1000 
f 1001/1001/1001 1002/1002/1002 1003/1003/1003 
f 1004/1004/1004 1001/1001/1001 1003/1003/1003 
f 1005/1005/1005 1006/1006/1006 1007/1007/1007 
f 1008/1008/1008 1009/1009/1009 1010/1010/1010 
f 1011/1011/1011 1012/1012/1012 1013/1013/1013 
f 1014/1014/1014 1013/1013/1013 1012/1012/1012 
f 1015/1015/1015 1016/1016/1016 1017/1017/1017 
f 1018/1018/1018 1017/1017/1017 1016/1016/1016 
f 1019/1019/1019 1020/1020/1020 1021/1021/1021 
f 1022/1022/1022 1021/1021/1021 1020/1020/1020 
f 1023/1023/1023 1024/1024/1024 1025/1025/1025 
f 1026/1026/1026 1027/1027/1027 1028/1028/1028 
f 1029/1029/1029 1030/1030/1030 1031/1031/1031 
f 1032/1032/1032 1033/1033/1033 1034/1034/1034 
f 1035/1035/1035 1036/1036/1036 1037/1037/1037 
f 1036/1036/1036 1038/1038/1038 1037/1037/1037 
f 1036/1036/1036 1039/1039/1039 1038/1038/1038 
f 1040/1040/1040 1038/1038/1038 1039/1039/1039 
f 1039/1039/1039 1041/1041/1041 1040/1040/1040 
f 1041/1041/1041 1039/1039/1039 1042/1042/1042 
f 1043/1043/1043 1044/1044/1044 1045/1045/1045 
f 1046/1046/1046 1047/1047/1047 1048/1048/1048 
f 1049/1049/1049 1050/1050/1050 1051/1051/1051 
f 1050/1050/1050 1049/1049/1049 1052/1052/1052 
f 1053/1053/1053 1052/1052/1052 1049/1049/1049 
f 1052/1052/1052 1053/1053/1053 1054/1054/1054 
f 1054/1054/1054 1053/1053/1053 1055/1055/1055 
f 1055/1055/1055 1053/1053/1053 1056/1056/1056 
f 1057/1057/1057 1058/1058/1058 1059/1059/1059 
f 1060/1060/1060 1061/1061/1061 1062/1062/1062 
f 1063/1063/1063 1064/1064/1064 1065/1065/1065 
f 1066/1066/1066 1067/1067/1067 1068/1068/1068 
f 1069/1069/1069 1070/1070/1070 1071/1071/1071 
f 1072/1072/1072 1073/1073/1073 1074/1074/1074 
f 1075/1075/1075 1076/1076/1076 1077/1077/1077 
f 1078/1078/1078 1079/1079/1079 1080/1080/1080 
f 1081/1081/1081 1082/1082/1082 1083/1083/1083 
f 1084/1084/1084 1085/1085/1085 1086/1086/1086 
f 1087/1087/1087 1088/1088/1088 1089/1089/1089 
f 1090/1090/1090 1091/1091/1091 1092/1092/1092 
f 1093/1093/1093 1094/1094/1094 1095/1095/1095 
f 1096/1096/1096 1097/1097/1097 1098/1098/1098 
f 1099/1099/1099 1100/1100/1100 1101/1101/1101 
f 1102/1102/1102 1103/1103/1103 1104/1104/1104 
f 1105/1105/1105 1106/1106/1106 1107/1107/1107 
f 1108/1108/1108 1109/1109/1109 1110/1110/1110 
f 1111/1111/1111 1112/1112/1112 1113/1113/1113 
f 1114/1114/1114 1115/1115/1115 1116/1116/1116 
f 1117/1117/1117 1118/1118/1118 1119/1119/1119 
f 1120/1120/1120 1121/1121/1121 1122/1122/1122 
f 1123/1123/1123 1124/1124/1124 1125/1125/1125 
f 1126/1126/1126 1127/1127/1127 1128/1128/1128 
f 1129/1129/1129 1126/1126/1126 1128/1128/1128 
f 1130/1130/1130 1126/1126/1126 1129/1129/1129 
f 1131/1131/1131 1130/1130/1130 1129/1129/1129 
f 1132/1132/1132 1130/1130/1130 1131/1131/1131 
f 1133/1133/1133 1132/1132/1132 1131/1131/1131 
f 1134/1134/1134 1132/1132/1132 1133/1133/1133 
f 1135/1135/1135 1134/1134/1134 1133/1133/1133 
f 1136/1136/1136 1134/1134/1134 1135/1135/1135 
f 1137/1137/1137 1136/1136/1136 1135/1135/1135 
f 1138/1138/1138 1136/1136/1136 1137/1137/1137 
f 1139/1139/1139 1138/1138/1138 1137/1137/1137 
f 1140/1140/1140 1138/1138/1138 1139/1139/1139 
f 1141/1141/1141 1140/1140/1140 1139/1139/1139 
f 1142/1142/1142 1140/1140/1140 1141/1141/1141 
f 1143/1143/1143 1142/1142/1142 1141/1141/1141 
f 1144/1144/1144 1135/1135/1135 1145/1145/1145 
f 1146/1146/1146 1145/1145/1145 1135/1135/1135 
f 1147/1147/1147 1148/1148/1148 1149/1149/1149 
f 1150/1150/1150 1151/1151/1151 1152/1152/1152 
f 1153/1153/1153 1154/1154/1154 1155/1155/1155 
f 1156/1156/1156 1155/1155/1155 1154/1154/1154 
f 1154/1154/1154 1157/1157/1157 1156/1156/1156 
f 1158/1158/1158 1156/1156/1156 1157/1157/1157 
f 1159/1159/1159 1160/1160/1160 1161/1161/1161 
f 1162/1162/1162 1163/1163/1163 1164/1164/1164 
f 1165/1165/1165 1166/1166/1166 1167/1167/1167 
f 1168/1168/1168 1169/1169/1169 1170/1170/1170 
f 1171/1171/1171 1172/1172/1172 1173/1173/1173 
f 1174/1174/1174 1175/1175/1175 1176/1176/1176 
f 1177/1177/1177 1178/1178/1178 1179/1179/1179 
f 1180/1180/1180 1181/1181/1181 1182/1182/1182 
f 1183/1183/1183 1182/1182/1182 1181/1181/1181 
f 1184/1184/1184 1185/1185/1185 1186/1186/1186 
f 1187/1187/1187 1188/1188/1188 1189/1189/1189 
f 1190/1190/1190 1191/1191/1191 1192/1192/1192 
f 1193/1193/1193 1194/1194/1194 1195/1195/1195 
f 1196/1196/1196 1197/1197/1197 1198/1198/1198 
f 1199/1199/1199 1200/1200/1200 1201/1201/1201 
f 1202/1202/1202 1199/1199/1199 1201/1201/1201 
f 1203/1203/1203 1199/1199/1199 1202/1202/1202 
f 1204/1204/1204 1203/1203/1203 1202/1202/1202 
f 1205/1205/1205 1203/1203/1203 1204/1204/1204 
f 1206/1206/1206 1205/1205/1205 1204/1204/1204 
f 1207/1207/1207 1205/1205/1205 1206/1206/1206 
f 1208/1208/1208 1207/1207/1207 1206/1206/1206 
f 1209/1209/1209 1207/1207/1207 1208/1208/1208 
f 1210/1210/1210 1209/1209/1209 1208/1208/1208 
f 1211/1211/1211 1209/1209/1209 1210/1210/1210 
f 1212/1212/1212 1211/1211/1211 1210/1210/1210 
f 1213/1213/1213 1211/1211/1211 1212/1212/1212 
f 1214/1214/1214 1213/1213/1213 1212/1212/1212 
f 1215/1215/1215 1213/1213/1213 1214/1214/1214 
f 1216/1216/1216 1215/1215/1215 1214/1214/1214 
f 1217/1217/1217 1208/1208/1208 1218/1218/1218 
f 1219/1219/1219 1218/1218/1218 1208/1208/1208 
f 1220/1220/1220 1221/1221/1221 1222/1222/1222 
f 1223/1223/1223 1222/1222/1222 1221/1221/1221 
f 1224/1224/1224 1225/1225/1225 1226/1226/1226 
f 1227/1227/1227 1228/1228/1228 1229/1229/1229 
f 1230/1230/1230 1231/1231/1231 1232/1232/1232 
f 1233/1233/1233 1234/1234/1234 1235/1235/1235 
f 1236/1236/1236 1237/1237/1237 1238/1238/1238 
f 1239/1239/1239 1240/1240/1240 1241/1241/1241 
f 1242/1242/1242 1241/1241/1241 1240/1240/1240 
f 1243/1243/1243 1244/1244/1244 1245/1245/1245 
f 1246/1246/1246 1247/1247/1247 1248/1248/1248 
f 1249/1249/1249 1250/1250/1250 1251/1251/1251 
f 1252/1252/1252 1253/1253/1253 1254/1254/1254 
f 1255/1255/1255 1256/1256/1256 1257/1257/1257 
f 1258/1258/1258 1259/1259/1259 1260/1260/1260 
f 1261/1261/1261 1262/1262/1262 1263/1263/1263 
f 1262/1262/1262 1261/1261/1261 1264/1264/1264 
f 1264/1264/1264 1265/1265/1265 1262/1262/1262 
f 1265/1265/1265 1264/1264/1264 1266/1266/1266 
f 1267/1267/1267 1268/1268/1268 1269/1269/1269 
f 1270/1270/1270 1271/1271/1271 1272/1272/1272 
f 1273/1273/1273 1274/1274/1274 1275/1275/1275 
f 1276/1276/1276 1277/1277/1277 1278/1278/1278 
f 1279/1279/1279 1280/1280/1280 1281/1281/1281 
f 1282/1282/1282 1283/1283/1283 1284/1284/1284 
f 1285/1285/1285 1286/1286/1286 1287/1287/1287 
f 1288/1288/1288 1289/1289/1289 1290/1290/1290 
f 1291/1291/1291 1292/1292/1292 1293/1293/1293 
f 1292/1292/1292 1291/1291/1291 1294/1294/1294 
f 1294/1294/1294 1295/1295/1295 1292/1292/1292 
f 1295/1295/1295 1294/1294/1294 1296/1296/1296 
f 1296/1296/1296 1297/1297/1297 1295/1295/1295 
f 1297/1297/1297 1298/1298/1298 1299/1299/1299 
f 1297/1297/1297 1296/1296/1296 1300/1300/1300 
f 1297/1297/1297 1301/1301/1301 1302/1302/1302 
f 1303/1303/1303 1297/1297/1297 1302/1302/1302 
f 1300/1300/1300 1304/1304/1304 1297/1297/1297 
f 1304/1304/1304 1300/1300/1300 1305/1305/1305 
f 1306/1306/1306 1300/1300/1300 1307/1307/1307 
f 1300/1300/1300 1308/1308/1308 1309/1309/1309 
f 1310/1310/1310 1300/1300/1300 1309/1309/1309 
f 1311/1311/1311 1312/1312/1312 1313/1313/1313 
f 1314/1314/1314 1315/1315/1315 1316/1316/1316 
f 1317/1317/1317 1318/1318/1318 1319/1319/1319 
f 1320/1320/1320 1321/1321/1321 1322/1322/1322 
f 1323/1323/1323 1324/1324/1324 1325/1325/1325 
f 1326/1326/1326 1327/1327/1327 1328/1328/1328 
f 1329/1329/1329 1330/1330/1330 1331/1331/1331 
f 1332/1332/1332 1333/1333/1333 1334/1334/1334 
f 1335/1335/1335 1336/1336/1336 1337/1337/1337 
f 1338/1338/1338 1335/1335/1335 1337/1337/1337 
f 1339/1339/1339 1335/1335/1335 1338/1338/1338 
f 1338/1338/1338 1340/1340/1340 1339/1339/1339 
f 1341/1341/1341 1342/1342/1342 1343/1343/1343 
f 1344/1344/1344 1345/1345/1345 1346/1346/1346 
f 1347/1347/1347 1348/1348/1348 1349/1349/1349 
f 1350/1350/1350 1351/1351/1351 1352/1352/1352 
f 1353/1353/1353 1354/1354/1354 1355/1355/1355 
f 1356/1356/1356 1357/1357/1357 1358/1358/1358 
f 1359/1359/1359 1360/1360/1360 1361/1361/1361 
f 1362/1362/1362 1363/1363/1363 1364/1364/1364 
f 1365/1365/1365 1366/1366/1366 1367/1367/1367 
f 1368/1368/1368 1369/1369/1369 1370/1370/1370 
f 1371/1371/1371 1372/1372/1372 1373/1373/1373 
f 1374/1374/1374 1375/1375/1375 1376/1376/1376 
f 1377/1377/1377 1378/1378/1378 1379/1379/1379 
f 1380/1380/1380 1381/1381/1381 1382/1382/1382 
f 1383/1383/1383 1384/1384/1384 1385/1385/1385 
f 1386/1386/1386 1387/1387/1387 1388/1388/1388 
f 1389/1389/1389 1390/1390/1390 1391/1391/1391 
f 1390/1390/1390 1389/1389/1389 1392/1392/1392 
f 1393/1393/1393 1394/1394/1394 1395/1395/1395 
f 1396/1396/1396 1397/1397/1397 1398/1398/1398 
f 1399/1399/1399 1400/1400/1400 1401/1401/1401 
f 1402/1402/1402 1403/1403/1403 1404/1404/1404 
f 1405/1405/1405 1406/1406/1406 1407/1407/1407 
f 1408/1408/1408 1409/1409/1409 1410/1410/1410 
f 1411/1411/1411 1412/1412/1412 1413/1413/1413 
f 1414/1414/1414 1415/1415/1415 1416/1416/1416 
f 1417/1417/1417 1418/1418/1418 1419/1419/1419 
f 1419/1419/1419 1420/1420/1420 1417/1417/1417 
f 1421/1421/1421 1422/1422/1422 1423/1423/1423 
f 1422/1422/1422 1421/1421/1421 1424/1424/1424 
f 1425/1425/1425 1426/1426/1426 1427/1427/1427 
f 1425/1425/1425 1428/1428/1428 1426/1426/1426 
f 1429/1429/1429 1430/1430/1430 1431/1431/1431 
f 1432/1432/1432 1433/1433/1433 1434/1434/1434 
f 1435/1435/1435 1436/1436/1436 1437/1437/1437 
f 1436/1436/1436 1435/1435/1435 1438/1438/1438 
f 1439/1439/1439 1440/1440/1440 1441/1441/1441 
f 1442/1442/1442 1443/1443/1443 1444/1444/1444 
f 1445/1445/1445 1446/1446/1446 1447/1447/1447 
f 1448/1448/1448 1449/1449/1449 1450/1450/1450 
f 1451/1451/1451 1452/1452/1452 1453/1453/1453 
f 1454/1454/1454 1455/1455/1455 1456/1456/1456 
f 1457/1457/1457 1458/1458/1458 1459/1459/1459 
f 1458/1458/1458 1457/1457/1457 1460/1460/1460 
f 1461/1461/1461 1462/1462/1462 1463/1463/1463 
f 1464/1464/1464 1465/1465/1465 1466/1466/1466 
f 1467/1467/1467 1468/1468/1468 1469/1469/1469 
f 1470/1470/1470 1471/1471/1471 1472/1472/1472 
f 1473/1473/1473 1474/1474/1474 1475/1475/1475 
f 1476/1476/1476 1477/1477/1477 1478/1478/1478 
f 1479/1479/1479 1480/1480/1480 1481/1481/1481 
f 1482/1482/1482 1483/1483/1483 1484/1484/1484 
f 1485/1485/1485 1486/1486/1486 1487/1487/1487 
f 1488/1488/1488 1489/1489/1489 1490/1490/1490 
f 1491/1491/1491 1492/1492/1492 1493/1493/1493 
f 1494/1494/1494 1495/1495/1495 1496/1496/1496 
f 1497/1497/1497 1498/1498/1498 1499/1499/1499 
f 1500/1500/1500 1501/1501/1501 1502/1502/1502 
f 1503/1503/1503 1504/1504/1504 1505/1505/1505 
f 1506/1506/1506 1507/1507/1507 1508/1508/1508 
f 1509/1509/1509 1510/1510/1510 1511/1511/1511 
f 1512/1512/1512 1513/1513/1513 1514/1514/1514 
f 1515/1515/1515 1516/1516/1516 1517/1517/1517 
f 1518/1518/1518 1519/1519/1519 1520/1520/1520 
f 1521/1521/1521 1522/1522/1522 1523/1523/1523 
f 1524/1524/1524 1525/1525/1525 1526/1526/1526 
f 1527/1527/1527 1528/1528/1528 1529/1529/1529 
f 1530/1530/1530 1531/1531/1531 1532/1532/1532 
f 1533/1533/1533 1534/1534/1534 1535/1535/1535 
f 1536/1536/1536 1537/1537/1537 1538/1538/1538 
f 1539/1539/1539 1540/1540/1540 1541/1541/1541 
f 1542/1542/1542 1543/1543/1543 1544/1544/1544 
f 1545/1545/1545 1546/1546/1546 1547/1547/1547 
f 1548/1548/1548 1549/1549/1549 1550/1550/1550 
f 1551/1551/1551 1552/1552/1552 1553/1553/1553 
f 1554/1554/1554 1555/1555/1555 1556/1556/1556 
f 1557/1557/1557 1558/1558/1558 1559/1559/1559 
f 1560/1560/1560 1561/1561/1561 1562/1562/1562 
f 1563/1563/1563 1564/1564/1564 1565/1565/1565 
f 1566/1566/1566 1565/1565/1565 1564/1564/1564 
f 1567/1567/1567 1568/1568/1568 1569/1569/1569 
f 1570/1570/1570 1571/1571/1571 1572/1572/1572 
f 1573/1573/1573 1574/1574/1574 1575/1575/1575 
f 1576/1576/1576 1577/1577/1577 1578/1578/1578 
f 1579/1579/1579 1580/1580/1580 1581/1581/1581 
f 1579/1579/1579 1581/1581/1581 1582/1582/1582 
f 1583/1583/1583 1584/1584/1584 1585/1585/1585 
f 1584/1584/1584 1583/1583/1583 1586/1586/1586 
f 1587/1587/1587 1588/1588/1588 1589/1589/1589 
f 1590/1590/1590 1591/1591/1591 1592/1592/1592 
f 1593/1593/1593 1594/1594/1594 1595/1595/1595 
f 1596/1596/1596 1597/1597/1597 1598/1598/1598 
f 1599/1599/1599 1600/1600/1600 1601/1601/1601 
f 1602/1602/1602 1603/1603/1603 1604/1604/1604 
f 1605/1605/1605 1606/1606/1606 1607/1607/1607 
f 1608/1608/1608 1609/1609/1609 1610/1610/1610 
f 1611/1611/1611 1612/1612/1612 1613/1613/1613 
f 1614/1614/1614 1615/1615/1615 1616/1616/1616 
f 1617/1617/1617 1618/1618/1618 1619/1619/1619 
f 1620/1620/1620 1621/1621/1621 1622/1622/1622 
f 1623/1623/1623 1624/1624/1624 1625/1625/1625 
f 1624/1624/1624 1626/1626/1626 1627/1627/1627 
f 1628/1628/1628 1629/1629/1629 1630/1630/1630 
f 1631/1631/1631 1632/1632/1632 1633/1633/1633 
f 1634/1634/1634 1635/1635/1635 1636/1636/1636 
f 1635/1635/1635 1637/1637/1637 1638/1638/1638 
f 1639/1639/1639 1638/1638/1638 1637/1637/1637 
f 1640/1640/1640 1641/1641/1641 1642/1642/1642 
f 1643/1643/1643 1644/1644/1644 1645/1645/1645 
f 1644/1644/1644 1646/1646/1646 1647/1647/1647 
f 1646/1646/1646 1648/1648/1648 1647/1647/1647 
f 1646/1646/1646 1649/1649/1649 1648/1648/1648 
f 1650/1650/1650 1647/1647/1647 1648/1648/1648 
f 1647/1647/1647 1650/1650/1650 1651/1651/1651 
f 1648/1648/1648 1649/1649/1649 1652/1652/1652 
f 1653/1653/1653 1652/1652/1652 1649/1649/1649 
f 1654/1654/1654 1655/1655/1655 1656/1656/1656 
f 1657/1657/1657 1658/1658/1658 1659/1659/1659 
f 1660/1660/1660 1661/1661/1661 1662/1662/1662 
f 1661/1661/1661 1660/1660/1660 1663/1663/1663 
f 1664/1664/1664 1665/1665/1665 1666/1666/1666 
f 1667/1667/1667 1668/1668/1668 1669/1669/1669 
f 1670/1670/1670 1671/1671/1671 1672/1672/1672 
f 1673/1673/1673 1674/1674/1674 1675/1675/1675 
f 1676/1676/1676 1677/1677/1677 1678/1678/1678 
f 1679/1679/1679 1680/1680/1680 1681/1681/1681 
f 1682/1682/1682 1683/1683/1683 1684/1684/1684 
f 1685/1685/1685 1686/1686/1686 1687/1687/1687 
f 1688/1688/1688 1689/1689/1689 1690/1690/1690 
f 1691/1691/1691 1692/1692/1692 1693/1693/1693 
f 1694/1694/1694 1695/1695/1695 1696/1696/1696 
f 1697/1697/1697 1698/1698/1698 1699/1699/1699 
f 1700/1700/1700 1701/1701/1701 1702/1702/1702 
f 1701/1701/1701 1700/1700/1700 1703/1703/1703 
f 1704/1704/1704 1701/1701/1701 1703/1703/1703 
f 1705/1705/1705 1706/1706/1706 1707/1707/1707 
f 1708/1708/1708 1709/1709/1709 1710/1710/1710 
f 1711/1711/1711 1712/1712/1712 1713/1713/1713 
f 1714/1714/1714 1715/1715/1715 1716/1716/1716 
f 1717/1717/1717 1718/1718/1718 1719/1719/1719 
f 1718/1718/1718 1717/1717/1717 1720/1720/1720 
f 1721/1721/1721 1722/1722/1722 1723/1723/1723 
f 1724/1724/1724 1725/1725/1725 1726/1726/1726 
f 1727/1727/1727 1728/1728/1728 1729/1729/1729 
f 1730/1730/1730 1731/1731/1731 1732/1732/1732 
f 1732/1732/1732 1731/1731/1731 1733/1733/1733 
f 1731/1731/1731 1734/1734/1734 1733/1733/1733 
f 1733/1733/1733 1734/1734/1734 1735/1735/1735 
f 1736/1736/1736 1735/1735/1735 1734/1734/1734 
f 1735/1735/1735 1737/1737/1737 1733/1733/1733 
f 1738/1738/1738 1737/1737/1737 1735/1735/1735 
f 1739/1739/1739 1736/1736/1736 1740/1740/1740 
f 1741/1741/1741 1742/1742/1742 1743/1743/1743 
f 1744/1744/1744 1745/1745/1745 1746/1746/1746 
f 1747/1747/1747 1748/1748/1748 1749/1749/1749 
f 1750/1750/1750 1751/1751/1751 1752/1752/1752 
f 1751/1751/1751 1750/1750/1750 1753/1753/1753 
f 1754/1754/1754 1753/1753/1753 1750/1750/1750 
f 1755/1755/1755 1756/1756/1756 1757/1757/1757 
f 1758/1758/1758 1759/1759/1759 1760/1760/1760 
f 1761/1761/1761 1762/1762/1762 1763/1763/1763 
f 1764/1764/1764 1765/1765/1765 1766/1766/1766 
f 1767/1767/1767 1768/1768/1768 1769/1769/1769 
f 1770/1770/1770 1771/1771/1771 1772/1772/1772 
f 1773/1773/1773 1774/1774/1774 1775/1775/1775 
f 1776/1776/1776 1777/1777/1777 1778/1778/1778 
f 1779/1779/1779 1780/1780/1780 1781/1781/1781 
f 1782/1782/1782 1783/1783/1783 1784/1784/1784 
f 1785/1785/1785 1786/1786/1786 1787/1787/1787 
f 1788/1788/1788 1789/1789/1789 1790/1790/1790 
f 1791/1791/1791 1792/1792/1792 1793/1793/1793 
f 1792/1792/1792 1791/1791/1791 1794/1794/1794 
f 1794/1794/1794 1795/1795/1795 1796/1796/1796 
f 1797/1797/1797 1798/1798/1798 1799/1799/1799 
f 1798/1798/1798 1797/1797/1797 1800/1800/1800 
f 1801/1801/1801 1802/1802/1802 1803/1803/1803 
f 1804/1804/1804 1805/1805/1805 1806/1806/1806 
f 1807/1807/1807 1808/1808/1808 1809/1809/1809 
f 1810/1810/1810 1811/1811/1811 1812/1812/1812 
f 1813/1813/1813 1814/1814/1814 1815/1815/1815 
f 1816/1816/1816 1817/1817/1817 1818/1818/1818 
f 1817/1817/1817 1819/1819/1819 1820/1820/1820 
f 1821/1821/1821 1822/1822/1822 1823/1823/1823 
f 1824/1824/1824 1825/1825/1825 1826/1826/1826 
f 1827/1827/1827 1828/1828/1828 1829/1829/1829 
f 1830/1830/1830 1831/1831/1831 1832/1832/1832 
f 1833/1833/1833 1834/1834/1834 1835/1835/1835 
f 1836/1836/1836 1837/1837/1837 1838/1838/1838 
f 1839/1839/1839 1840/1840/1840 1841/1841/1841 
f 1842/1842/1842 1843/1843/1843 1844/1844/1844 
f 1845/1845/1845 1846/1846/1846 1847/1847/1847 
f 1848/1848/1848 1849/1849/1849 1850/1850/1850 
f 1851/1851/1851 1852/1852/1852 1853/1853/1853 
f 1854/1854/1854 1855/1855/1855 1856/1856/1856 
f 1857/1857/1857 1858/1858/1858 1859/1859/1859 
f 1860/1860/1860 1861/1861/1861 1862/1862/1862 
f 1863/1863/1863 1864/1864/1864 1865/1865/1865 
f 1866/1866/1866 1867/1867/1867 1868/1868/1868 
f 1869/1869/1869 1870/1870/1870 1871/1871/1871 
f 1872/1872/1872 1873/1873/1873 1874/1874/1874 
f 1875/1875/1875 1876/1876/1876 1877/1877/1877 
f 1878/1878/1878 1879/1879/1879 1880/1880/1880 
f 1881/1881/1881 1882/1882/1882 1883/1883/1883 
f 1884/1884/1884 1885/1885/1885 1886/1886/1886 
f 1887/1887/1887 1888/1888/1888 1889/1889/1889 
f 1890/1890/1890 1891/1891/1891 1892/1892/1892 
f 1893/1893/1893 1894/1894/1894 1895/1895/1895 
f 1896/1896/1896 1895/1895/1895 1897/1897/1897 
f 1898/1898/1898 1899/1899/1899 1900/1900/1900 
f 1901/1901/1901 1902/1902/1902 1903/1903/1903 
f 1904/1904/1904 1905/1905/1905 1906/1906/1906 
f 1907/1907/1907 1908/1908/1908 1909/1909/1909 
f 1910/1910/1910 1911/1911/1911 1912/1912/1912 
f 1913/1913/1913 1912/1912/1912 1911/1911/1911 
f 1914/1914/1914 1915/1915/1915 1916/1916/1916 
f 1917/1917/1917 1918/1918/1918 1919/1919/1919 
f 1920/1920/1920 1921/1921/1921 1922/1922/1922 
f 1923/1923/1923 1922/1922/1922 1921/1921/1921 
f 1924/1924/1924 1925/1925/1925 1926/1926/1926 
f 1927/1927/1927 1928/1928/1928 1929/1929/1929 
f 1930/1930/1930 1931/1931/1931 1932/1932/1932 
f 1933/1933/1933 1934/1934/1934 1935/1935/1935 
f 1936/1936/1936 1937/1937/1937 1938/1938/1938 
f 1939/1939/1939 1940/1940/1940 1941/1941/1941 
f 1942/1942/1942 1943/1943/1943 1944/1944/1944 
f 1945/1945/1945 1946/1946/1946 1947/1947/1947 
f 1948/1948/1948 1949/1949/1949 1950/1950/1950 
f 1951/1951/1951 1952/1952/1952 1953/1953/1953 
f 1954/1954/1954 1955/1955/1955 1956/1956/1956 
f 1955/1955/1955 1954/1954/1954 1957/1957/1957 
f 1958/1958/1958 1959/1959/1959 1960/1960/1960 
f 1961/1961/1961 1962/1962/1962 1963/1963/1963 
f 1964/1964/1964 1965/1965/1965 1966/1966/1966 
f 1966/1966/1966 1967/1967/1967 1964/1964/1964 
f 1968/1968/1968 1969/1969/1969 1970/1970/1970 
f 1971/1971/1971 1970/1970/1970 1969/1969/1969 
f 1972/1972/1972 1973/1973/1973 1974/1974/1974 
f 1975/1975/1975 1976/1976/1976 1977/1977/1977 
f 1978/1978/1978 1979/1979/1979 1980/1980/1980 
f 1981/1981/1981 1982/1982/1982 1983/1983/1983 
f 1984/1984/1984 1985/1985/1985 1986/1986/1986 
f 1987/1987/1987 1988/1988/1988 1989/1989/1989 
f 1990/1990/1990 1991/1991/1991 1992/1992/1992 
f 1993/1993/1993 1992/1992/1992 1991/1991/1991 
f 1994/1994/1994 1995/1995/1995 1996/1996/1996 
f 1997/1997/1997 1995/1995/1995 1994/1994/1994 
f 1998/1998/1998 1999/1999/1999 2000/2000/2000 
f 1999/1999/1999 2001/2001/2001 2000/2000/2000 
f 2002/2002/2002 1999/1999/1999 1998/1998/1998 
f 2003/2003/2003 2002/2002/2002 1998/1998/1998 
f 2003/2003/2003 2004/2004/2004 2002/2002/2002 
f 2004/2004/2004 2003/2003/2003 2005/2005/2005 
f 2000/2000/2000 2001/2001/2001 2006/2006/2006 
f 2001/2001/2001 2007/2007/2007 2006/2006/2006 
f 2008/2008/2008 2009/2009/2009 2006/2006/2006 
f 2009/2009/2009 2010/2010/2010 2006/2006/2006 
f 2006/2006/2006 2007/2007/2007 2011/2011/2011 
f 2007/2007/2007 2012/2012/2012 2011/2011/2011 
f 2011/2011/2011 2012/2012/2012 2013/2013/2013 
f 2012/2012/2012 2014/2014/2014 2013/2013/2013 
f 2013/2013/2013 2014/2014/2014 2015/2015/2015 
f 2014/2014/2014 2016/2016/2016 2015/2015/2015 
f 2015/2015/2015 2016/2016/2016 2017/2017/2017 
f 2016/2016/2016 2018/2018/2018 2017/2017/2017 
f 2007/2007/2007 2019/2019/2019 2020/2020/2020 
f 2021/2021/2021 2019/2019/2019 2007/2007/2007 
f 2022/2022/2022 2023/2023/2023 2024/2024/2024 
f 2025/2025/2025 2026/2026/2026 2027/2027/2027 
f 2028/2028/2028 2029/2029/2029 2030/2030/2030 
f 2031/2031/2031 2032/2032/2032 2033/2033/2033 
f 2034/2034/2034 2035/2035/2035 2036/2036/2036 
f 2037/2037/2037 2038/2038/2038 2039/2039/2039 
f 2040/2040/2040 2041/2041/2041 2042/2042/2042 
f 2043/2043/2043 2044/2044/2044 2041/2041/2041 
f 2045/2045/2045 2046/2046/2046 2047/2047/2047 
f 2048/2048/2048 2049/2049/2049 2045/2045/2045 
f 2050/2050/2050 2051/2051/2051 2052/2052/2052 
f 2053/2053/2053 2054/2054/2054 2050/2050/2050 
f 2055/2055/2055 2056/2056/2056 2057/2057/2057 
f 2058/2058/2058 2055/2055/2055 2059/2059/2059 
f 2060/2060/2060 2061/2061/2061 2062/2062/2062 
f 2063/2063/2063 2064/2064/2064 2065/2065/2065 
f 2066/2066/2066 2067/2067/2067 2068/2068/2068 
f 2069/2069/2069 2070/2070/2070 2071/2071/2071 
f 2072/2072/2072 2073/2073/2073 2074/2074/2074 
f 2075/2075/2075 2076/2076/2076 2077/2077/2077 
f 2078/2078/2078 2079/2079/2079 2080/2080/2080 
f 2081/2081/2081 2082/2082/2082 2083/2083/2083 
f 2084/2084/2084 2085/2085/2085 2086/2086/2086 
f 2087/2087/2087 2088/2088/2088 2089/2089/2089 
f 2090/2090/2090 2091/2091/2091 2092/2092/2092 
f 2093/2093/2093 2094/2094/2094 2095/2095/2095 
f 2096/2096/2096 2097/2097/2097 2098/2098/2098 
f 2099/2099/2099 2100/2100/2100 2101/2101/2101 
f 2100/2100/2100 2099/2099/2099 2102/2102/2102 
f 2103/2103/2103 2104/2104/2104 2105/2105/2105 
f 2106/2106/2106 2107/2107/2107 2108/2108/2108 
f 2107/2107/2107 2106/2106/2106 2109/2109/2109 
f 2110/2110/2110 2111/2111/2111 2112/2112/2112 
f 2113/2113/2113 2112/2112/2112 2111/2111/2111 
f 2114/2114/2114 2115/2115/2115 2116/2116/2116 
f 2114/2114/2114 2116/2116/2116 2117/2117/2117 
f 2118/2118/2118 2119/2119/2119 2120/2120/2120 
f 2121/2121/2121 2122/2122/2122 2123/2123/2123 
f 2124/2124/2124 2125/2125/2125 2126/2126/2126 
f 2127/2127/2127 2128/2128/2128 2129/2129/2129 
f 2130/2130/2130 2131/2131/2131 2132/2132/2132 
f 2133/2133/2133 2134/2134/2134 2135/2135/2135 
f 2136/2136/2136 2137/2137/2137 2138/2138/2138 
f 2137/2137/2137 2139/2139/2139 2138/2138/2138 
f 2138/2138/2138 2139/2139/2139 2140/2140/2140 
f 2139/2139/2139 2141/2141/2141 2140/2140/2140 
f 2140/2140/2140 2141/2141/2141 2142/2142/2142 
f 2141/2141/2141 2143/2143/2143 2142/2142/2142 
f 2142/2142/2142 2143/2143/2143 2144/2144/2144 
f 2143/2143/2143 2145/2145/2145 2144/2144/2144 
f 2146/2146/2146 2144/2144/2144 2147/2147/2147 
f 2148/2148/2148 2147/2147/2147 2144/2144/2144 
f 2145/2145/2145 2149/2149/2149 2144/2144/2144 
f 2149/2149/2149 2145/2145/2145 2150/2150/2150 
f 2149/2149/2149 2150/2150/2150 2151/2151/2151 
f 2152/2152/2152 2153/2153/2153 2145/2145/2145 
f 2145/2145/2145 2153/2153/2153 2154/2154/2154 
f 2155/2155/2155 2156/2156/2156 2157/2157/2157 
f 2158/2158/2158 2159/2159/2159 2160/2160/2160 
f 2161/2161/2161 2162/2162/2162 2163/2163/2163 
f 2164/2164/2164 2165/2165/2165 2166/2166/2166 
f 2167/2167/2167 2168/2168/2168 2169/2169/2169 
f 2170/2170/2170 2169/2169/2169 2168/2168/2168 
f 2171/2171/2171 2172/2172/2172 2173/2173/2173 
f 2173/2173/2173 2172/2172/2172 2174/2174/2174 
f 2175/2175/2175 2176/2176/2176 2177/2177/2177 
f 2178/2178/2178 2177/2177/2177 2176/2176/2176 
f 2179/2179/2179 2180/2180/2180 2181/2181/2181 
f 2179/2179/2179 2182/2182/2182 2180/2180/2180 
f 2183/2183/2183 2184/2184/2184 2185/2185/2185 
f 2186/2186/2186 2187/2187/2187 2188/2188/2188 
f 2189/2189/2189 2190/2190/2190 2191/2191/2191 
f 2192/2192/2192 2193/2193/2193 2194/2194/2194 
f 2195/2195/2195 2196/2196/2196 2197/2197/2197 
f 2198/2198/2198 2199/2199/2199 2200/2200/2200 
f 2201/2201/2201 2202/2202/2202 2203/2203/2203 
f 2204/2204/2204 2205/2205/2205 2206/2206/2206 
f 2207/2207/2207 2206/2206/2206 2205/2205/2205 
f 2208/2208/2208 2209/2209/2209 2210/2210/2210 
f 2211/2211/2211 2209/2209/2209 2208/2208/2208 
f 2212/2212/2212 2213/2213/2213 2214/2214/2214 
f 2215/2215/2215 2212/2212/2212 2214/2214/2214 
f 2216/2216/2216 2212/2212/2212 2215/2215/2215 
f 2215/2215/2215 2217/2217/2217 2216/2216/2216 
f 2218/2218/2218 2215/2215/2215 2219/2219/2219 
f 2220/2220/2220 2219/2219/2219 2215/2215/2215 
f 2217/2217/2217 2221/2221/2221 2222/2222/2222 
f 2223/2223/2223 2222/2222/2222 2221/2221/2221 
f 2223/2223/2223 2224/2224/2224 2222/2222/2222 
f 2225/2225/2225 2224/2224/2224 2223/2223/2223 
f 2225/2225/2225 2226/2226/2226 2224/2224/2224 
f 2227/2227/2227 2226/2226/2226 2225/2225/2225 
f 2227/2227/2227 2228/2228/2228 2226/2226/2226 
f 2216/2216/2216 2229/2229/2229 2230/2230/2230 
f 2229/2229/2229 2216/2216/2216 2231/2231/2231 
f 2232/2232/2232 2231/2231/2231 2216/2216/2216 
f 2233/2233/2233 2231/2231/2231 2232/2232/2232 
f 2234/2234/2234 2235/2235/2235 2236/2236/2236 
f 2237/2237/2237 2238/2238/2238 2239/2239/2239 
f 2240/2240/2240 2241/2241/2241 2242/2242/2242 
f 2243/2243/2243 2244/2244/2244 2245/2245/2245 
f 2246/2246/2246 2247/2247/2247 2248/2248/2248 
f 2249/2249/2249 2250/2250/2250 2251/2251/2251 
f 2251/2251/2251 2252/2252/2252 2249/2249/2249 
f 2253/2253/2253 2254/2254/2254 2255/2255/2255 
f 2255/2255/2255 2256/2256/2256 2257/2257/2257 
f 2258/2258/2258 2259/2259/2259 2260/2260/2260 
f 2261/2261/2261 2260/2260/2260 2262/2262/2262 
f 2263/2263/2263 2264/2264/2264 2265/2265/2265 
f 2266/2266/2266 2267/2267/2267 2268/2268/2268 
f 2269/2269/2269 2270/2270/2270 2271/2271/2271 
f 2272/2272/2272 2273/2273/2273 2274/2274/2274 
f 2275/2275/2275 2276/2276/2276 2277/2277/2277 
f 2278/2278/2278 2279/2279/2279 2280/2280/2280 
f 2281/2281/2281 2282/2282/2282 2283/2283/2283 
f 2284/2284/2284 2285/2285/2285 2286/2286/2286 
f 2287/2287/2287 2288/2288/2288 2289/2289/2289 
f 2290/2290/2290 2291/2291/2291 2292/2292/2292 
f 2293/2293/2293 2294/2294/2294 2295/2295/2295 
f 2296/2296/2296 2297/2297/2297 2298/2298/2298 
f 2299/2299/2299 2300/2300/2300 2301/2301/2301 
f 2302/2302/2302 2303/2303/2303 2304/2304/2304 
f 2305/2305/2305 2306/2306/2306 2307/2307/2307 
f 2308/2308/2308 2309/2309/2309 2310/2310/2310 
f 2311/2311/2311 2312/2312/2312 2313/2313/2313 
f 2314/2314/2314 2315/2315/2315 2316/2316/2316 
f 2317/2317/2317 2318/2318/2318 2319/2319/2319 
f 2320/2320/2320 2321/2321/2321 2322/2322/2322 
f 2321/2321/2321 2320/2320/2320 2323/2323/2323 
f 2324/2324/2324 2325/2325/2325 2326/2326/2326 
f 2327/2327/2327 2328/2328/2328 2329/2329/2329 
f 2330/2330/2330 2331/2331/2331 2332/2332/2332 
f 2333/2333/2333 2334/2334/2334 2335/2335/2335 
f 2336/2336/2336 2337/2337/2337 2338/2338/2338 
f 2339/2339/2339 2340/2340/2340 2341/2341/2341 
f 2342/2342/2342 2343/2343/2343 2344/2344/2344 
f 2345/2345/2345 2346/2346/2346 2347/2347/2347 
f 2348/2348/2348 2347/2347/2347 2346/2346/2346 
f 2349/2349/2349 2350/2350/2350 2351/2351/2351 
f 2352/2352/2352 2350/2350/2350 2349/2349/2349 
f 2353/2353/2353 2354/2354/2354 2355/2355/2355 
f 2355/2355/2355 2356/2356/2356 2353/2353/2353 
f 2357/2357/2357 2358/2358/2358 2359/2359/2359 
f 2360/2360/2360 2361/2361/2361 2362/2362/2362 
f 2361/2361/2361 2363/2363/2363 2362/2362/2362 
f 2362/2362/2362 2363/2363/2363 2364/2364/2364 
f 2363/2363/2363 2365/2365/2365 2364/2364/2364 
f 2366/2366/2366 2367/2367/2367 2368/2368/2368 
f 2369/2369/2369 2370/2370/2370 2371/2371/2371 
f 2372/2372/2372 2373/2373/2373 2371/2371/2371 
f 2374/2374/2374 2375/2375/2375 2376/2376/2376 
f 2376/2376/2376 2377/2377/2377 2378/2378/2378 
f 2379/2379/2379 2380/2380/2380 2381/2381/2381 
f 2381/2381/2381 2382/2382/2382 2379/2379/2379 
f 2383/2383/2383 2384/2384/2384 2385/2385/2385 
f 2386/2386/2386 2385/2385/2385 2384/2384/2384 
f 2387/2387/2387 2388/2388/2388 2389/2389/2389 
f 2390/2390/2390 2391/2391/2391 2392/2392/2392 
f 2391/2391/2391 2390/2390/2390 2393/2393/2393 
f 2392/2392/2392 2394/2394/2394 2390/2390/2390 
f 2394/2394/2394 2392/2392/2392 2395/2395/2395 
f 2396/2396/2396 2397/2397/2397 2398/2398/2398 
f 2399/2399/2399 2396/2396/2396 2398/2398/2398 
f 2399/2399/2399 2400/2400/2400 2396/2396/2396 
f 2401/2401/2401 2402/2402/2402 2403/2403/2403 
f 2404/2404/2404 2405/2405/2405 2406/2406/2406 
f 2407/2407/2407 2408/2408/2408 2409/2409/2409 
f 2408/2408/2408 2407/2407/2407 2410/2410/2410 
f 2411/2411/2411 2410/2410/2410 2407/2407/2407 
f 2412/2412/2412 2410/2410/2410 2411/2411/2411 
f 2413/2413/2413 2412/2412/2412 2411/2411/2411 
f 2412/2412/2412 2413/2413/2413 2414/2414/2414 
f 2415/2415/2415 2414/2414/2414 2413/2413/2413 
f 2416/2416/2416 2414/2414/2414 2415/2415/2415 
f 2417/2417/2417 2418/2418/2418 2415/2415/2415 
f 2418/2418/2418 2419/2419/2419 2415/2415/2415 
f 2420/2420/2420 2416/2416/2416 2415/2415/2415 
f 2421/2421/2421 2416/2416/2416 2420/2420/2420 
f 2422/2422/2422 2421/2421/2421 2420/2420/2420 
f 2421/2421/2421 2422/2422/2422 2423/2423/2423 
f 2424/2424/2424 2423/2423/2423 2422/2422/2422 
f 2425/2425/2425 2423/2423/2423 2424/2424/2424 
f 2426/2426/2426 2425/2425/2425 2424/2424/2424 
f 2425/2425/2425 2426/2426/2426 2427/2427/2427 
f 2416/2416/2416 2428/2428/2428 2429/2429/2429 
f 2430/2430/2430 2428/2428/2428 2416/2416/2416 
f 2431/2431/2431 2432/2432/2432 2433/2433/2433 
f 2433/2433/2433 2432/2432/2432 2434/2434/2434 
f 2431/2431/2431 2435/2435/2435 2436/2436/2436 
f 2437/2437/2437 2435/2435/2435 2438/2438/2438 
f 2437/2437/2437 2438/2438/2438 2439/2439/2439 
f 2440/2440/2440 2441/2441/2441 2442/2442/2442 
f 2443/2443/2443 2444/2444/2444 2445/2445/2445 
f 2446/2446/2446 2447/2447/2447 2448/2448/2448 
f 2449/2449/2449 2450/2450/2450 2451/2451/2451 
f 2452/2452/2452 2453/2453/2453 2454/2454/2454 
f 2455/2455/2455 2456/2456/2456 2457/2457/2457 
f 2458/2458/2458 2459/2459/2459 2460/2460/2460 
f 2461/2461/2461 2458/2458/2458 2460/2460/2460 
f 2462/2462/2462 2463/2463/2463 2461/2461/2461 
f 2463/2463/2463 2462/2462/2462 2464/2464/2464 
f 2465/2465/2465 2466/2466/2466 2462/2462/2462 
f 2467/2467/2467 2466/2466/2466 2465/2465/2465 
f 2468/2468/2468 2469/2469/2469 2470/2470/2470 
f 2471/2471/2471 2472/2472/2472 2473/2473/2473 
f 2474/2474/2474 2475/2475/2475 2476/2476/2476 
f 2477/2477/2477 2478/2478/2478 2479/2479/2479 

