# This file is brought to you by Roblox Corporation
# Generated by Roblox Studio

mtllib Back.mtl

g Meshpart1

v 0.260149 0.0577435 -0.137249 
v 0.285879 0.0470852 0.126782 
v 0.285879 0.0470852 -0.137249 
v 0.296537 0.0213556 0.126782 
v 0.296537 0.0213556 -0.137249 
v 0.234417 -0.00437713 -0.137249 
v 0.285879 -0.00437713 0.126782 
v 0.285879 -0.00437713 -0.137249 
v -0.109667 -2.45138 0.126782 
v -0.109667 -2.45138 -0.137249 
v -0.0839376 -2.46204 0.126782 
v -0.0839376 -2.46204 -0.137249 
v -0.0732791 -2.48777 0.126782 
v -0.0732791 -2.48777 -0.137249 
v -0.0839376 -2.5135 0.126782 
v -0.0839376 -2.5135 -0.137249 
v 0.234417 0.0470852 -0.137249 
v 0.260149 0.0577435 0.126782 
v 0.260149 0.0577435 -0.137249 
v 0.285879 0.0470852 0.126782 
v 0.234417 0.0470852 0.126782 
v 0.285879 0.0470852 -0.137249 
v 0.296537 0.0213556 0.126782 
v 0.296537 0.0213556 -0.137249 
v -0.1354 -2.46204 -0.137249 
v -0.109667 -2.45138 0.126782 
v -0.109667 -2.45138 -0.137249 
v -0.0839376 -2.46204 0.126782 
v -0.1354 -2.46204 0.126782 
v -0.0839376 -2.46204 -0.137249 
v 0.223761 0.0213556 0.126782 
v 0.285879 0.0470852 0.126782 
v 0.260149 0.0577435 0.126782 
v 0.234417 0.0470852 0.126782 
v 0.260149 -0.0150323 0.126782 
v 0.234417 -0.00437713 0.126782 
v 0.296537 0.0213556 0.126782 
v 0.285879 -0.00437713 0.126782 
v -0.146055 -2.48777 0.126782 
v -0.109667 -2.52415 0.126782 
v -0.0839376 -2.5135 0.126782 
v -0.1354 -2.5135 0.126782 
v -0.0839376 -2.46204 0.126782 
v -0.0732791 -2.48777 0.126782 
v -0.109667 -2.45138 0.126782 
v -0.1354 -2.46204 0.126782 
v 0.234417 0.0470852 -0.137249 
v 0.260149 0.0577435 0.126782 
v 0.260149 0.0577435 -0.137249 
v 0.234417 0.0470852 0.126782 
v 0.223762 0.0213556 -0.137249 
v 0.296537 0.0213556 0.126782 
v 0.223761 0.0213556 0.126782 
v 0.234417 -0.00437713 -0.137249 
v 0.234417 -0.00437713 0.126782 
v -0.1354 -2.46204 -0.137249 
v -0.109667 -2.45138 0.126782 
v -0.1354 -2.46204 0.126782 
v -0.146055 -2.48777 -0.137249 
v -0.146055 -2.48777 0.126782 
v -0.1354 -2.5135 -0.137249 
v -0.1354 -2.5135 0.126782 
v 0.296537 0.0213556 0.126782 
v 0.296537 0.0213556 -0.137249 
v 0.234417 -0.00437713 -0.137249 
v 0.285879 -0.00437713 0.126782 
v 0.234417 -0.00437713 0.126782 
v 0.285879 -0.00437713 -0.137249 
v 0.260149 -0.0150323 -0.137249 
v 0.260149 -0.0150323 0.126782 
v -0.0732791 -2.48777 0.126782 
v -0.0732791 -2.48777 -0.137249 
v -0.1354 -2.5135 -0.137249 
v -0.0839376 -2.5135 0.126782 
v -0.1354 -2.5135 0.126782 
v -0.0839376 -2.5135 -0.137249 
v -0.109667 -2.52415 -0.137249 
v -0.109667 -2.52415 0.126782 
v 0.260149 -0.0150323 -0.137249 
v 0.285879 0.0470852 -0.137249 
v 0.296537 0.0213556 -0.137249 
v 0.285879 -0.00437713 -0.137249 
v 0.223762 0.0213556 -0.137249 
v 0.234417 -0.00437713 -0.137249 
v 0.260149 0.0577435 -0.137249 
v 0.234417 0.0470852 -0.137249 
v -0.0839376 -2.46204 -0.137249 
v -0.146055 -2.48777 -0.137249 
v -0.109667 -2.45138 -0.137249 
v -0.1354 -2.46204 -0.137249 
v -0.0839376 -2.5135 -0.137249 
v -0.0732791 -2.48777 -0.137249 
v -0.109667 -2.52415 -0.137249 
v -0.1354 -2.5135 -0.137249 

vn 0 1 0 
vn 0.708661 0.708661 0 
vn 0.708661 0.708661 0 
vn 1 0 0 
vn 1 0 0 
vn -0.708661 -0.708661 0 
vn 0.708661 -0.708661 0 
vn 0.708661 -0.708661 0 
vn 0 1 0 
vn 0 1 0 
vn 0.708661 0.708661 0 
vn 0.708661 0.708661 0 
vn 1 0 0 
vn 1 0 0 
vn 0.708661 -0.708661 0 
vn 0.708661 -0.708661 0 
vn -0.708661 0.708661 0 
vn 0 1 0 
vn 0 1 0 
vn 0.708661 0.708661 0 
vn -0.708661 0.708661 0 
vn 0.708661 0.708661 0 
vn 1 0 0 
vn 1 0 0 
vn -0.708661 0.708661 0 
vn 0 1 0 
vn 0 1 0 
vn 0.708661 0.708661 0 
vn -0.708661 0.708661 0 
vn 0.708661 0.708661 0 
vn 0 0 1 
vn 0 0 1 
vn 0 0 1 
vn 0 0 1 
vn 0 0 1 
vn 0 0 1 
vn 0 0 1 
vn 0 0 1 
vn 0 0 1 
vn 0 0 1 
vn 0 0 1 
vn 0 0 1 
vn 0 0 1 
vn 0 0 1 
vn 0 0 1 
vn 0 0 1 
vn -0.708661 0.708661 0 
vn 0 1 0 
vn 0 1 0 
vn -0.708661 0.708661 0 
vn -1 0 0 
vn 1 0 0 
vn -1 0 0 
vn -0.708661 -0.708661 0 
vn -0.708661 -0.708661 0 
vn -0.708661 0.708661 0 
vn 0 1 0 
vn -0.708661 0.708661 0 
vn -1 0 0 
vn -1 0 0 
vn -0.708661 -0.708661 0 
vn -0.708661 -0.708661 0 
vn 1 0 0 
vn 1 0 0 
vn -0.708661 -0.708661 0 
vn 0.708661 -0.708661 0 
vn -0.708661 -0.708661 0 
vn 0.708661 -0.708661 0 
vn 0 -1 0 
vn 0 -1 0 
vn 1 0 0 
vn 1 0 0 
vn -0.708661 -0.708661 0 
vn 0.708661 -0.708661 0 
vn -0.708661 -0.708661 0 
vn 0.708661 -0.708661 0 
vn 0 -1 0 
vn 0 -1 0 
vn 0 0 -1 
vn 0 0 -1 
vn 0 0 -1 
vn 0 0 -1 
vn 0 0 -1 
vn 0 0 -1 
vn 0 0 -1 
vn 0 0 -1 
vn 0 0 -1 
vn 0 0 -1 
vn 0 0 -1 
vn 0 0 -1 
vn 0 0 -1 
vn 0 0 -1 
vn 0 0 -1 
vn 0 0 -1 

vt -0.406737 1.74823 
vt -0.439741 1.7469 
vt -0.406737 1.7469 
vt -0.439741 1.74368 
vt -0.406737 1.74368 
vt -0.406737 1.74047 
vt -0.439741 1.74047 
vt -0.406737 1.74047 
vt -0.439741 1.43459 
vt -0.406737 1.43459 
vt -0.439741 1.43326 
vt -0.406737 1.43326 
vt -0.439741 1.43004 
vt -0.406737 1.43004 
vt -0.439741 1.42683 
vt -0.406737 1.42683 
vt -0.443136 1.57036 
vt -0.446353 1.60336 
vt -0.446353 1.57036 
vt -0.449569 1.60336 
vt -0.443136 1.60336 
vt -0.449569 1.57036 
vt -0.450901 1.60336 
vt -0.450901 1.57036 
vt -0.396909 1.57036 
vt -0.400126 1.60336 
vt -0.400126 1.57036 
vt -0.403342 1.60336 
vt -0.396909 1.60336 
vt -0.403342 1.57036 
vt -0.404674 1.74368 
vt -0.396909 1.7469 
vt -0.400126 1.74823 
vt -0.403342 1.7469 
vt -0.400126 1.73913 
vt -0.403342 1.74047 
vt -0.395577 1.74368 
vt -0.396909 1.74047 
vt -0.450901 1.43004 
vt -0.446353 1.42549 
vt -0.443136 1.42683 
vt -0.449569 1.42683 
vt -0.443136 1.43326 
vt -0.441804 1.43004 
vt -0.446353 1.43459 
vt -0.449569 1.43326 
vt -0.439741 1.7469 
vt -0.406737 1.74823 
vt -0.439741 1.74823 
vt -0.406737 1.7469 
vt -0.439741 1.74368 
vt -0.406737 1.74368 
vt -0.406737 1.74368 
vt -0.439741 1.74047 
vt -0.406737 1.74047 
vt -0.439741 1.43326 
vt -0.406737 1.43459 
vt -0.406737 1.43326 
vt -0.439741 1.43004 
vt -0.406737 1.43004 
vt -0.439741 1.42683 
vt -0.406737 1.42683 
vt -0.395577 1.60336 
vt -0.395577 1.57036 
vt -0.403342 1.57036 
vt -0.396909 1.60336 
vt -0.403342 1.60336 
vt -0.396909 1.57036 
vt -0.400126 1.57036 
vt -0.400126 1.60336 
vt -0.441804 1.60336 
vt -0.441804 1.57036 
vt -0.449569 1.57036 
vt -0.443136 1.60336 
vt -0.449569 1.60336 
vt -0.443136 1.57036 
vt -0.446353 1.57036 
vt -0.446353 1.60336 
vt -0.446353 1.73913 
vt -0.449569 1.7469 
vt -0.450901 1.74368 
vt -0.449569 1.74047 
vt -0.441804 1.74368 
vt -0.443136 1.74047 
vt -0.446353 1.74823 
vt -0.443136 1.7469 
vt -0.403342 1.43326 
vt -0.395577 1.43004 
vt -0.400126 1.43459 
vt -0.396909 1.43326 
vt -0.403342 1.42683 
vt -0.404674 1.43004 
vt -0.400126 1.42549 
vt -0.396909 1.42683 

usemtl Meshpart1Mtl

f 4/4/4 3/3/3 2/2/2 
f 3/3/3 4/4/4 5/5/5 
f 7/7/7 5/5/5 4/4/4 
f 5/5/5 7/7/7 8/8/8 
f 13/13/13 12/12/12 11/11/11 
f 12/12/12 13/13/13 14/14/14 
f 15/15/15 14/14/14 13/13/13 
f 14/14/14 15/15/15 16/16/16 
f 17/17/17 18/18/18 19/19/19 
f 20/20/20 19/19/19 18/18/18 
f 18/18/18 17/17/17 21/21/21 
f 19/19/19 20/20/20 22/22/22 
f 25/25/25 26/26/26 27/27/27 
f 28/28/28 27/27/27 26/26/26 
f 26/26/26 25/25/25 29/29/29 
f 27/27/27 28/28/28 30/30/30 
f 31/31/31 32/32/32 33/33/33 
f 31/31/31 33/33/33 34/34/34 
f 32/32/32 31/31/31 35/35/35 
f 35/35/35 31/31/31 36/36/36 
f 32/32/32 35/35/35 37/37/37 
f 37/37/37 35/35/35 38/38/38 
f 39/39/39 40/40/40 41/41/41 
f 40/40/40 39/39/39 42/42/42 
f 43/43/43 39/39/39 41/41/41 
f 43/43/43 41/41/41 44/44/44 
f 39/39/39 43/43/43 45/45/45 
f 39/39/39 45/45/45 46/46/46 
f 51/51/51 50/50/50 47/47/47 
f 50/50/50 51/51/51 53/53/53 
f 54/54/54 53/53/53 51/51/51 
f 53/53/53 54/54/54 55/55/55 
f 59/59/59 58/58/58 56/56/56 
f 58/58/58 59/59/59 60/60/60 
f 61/61/61 60/60/60 59/59/59 
f 60/60/60 61/61/61 62/62/62 
f 69/69/69 67/67/67 65/65/65 
f 70/70/70 68/68/68 66/66/66 
f 67/67/67 69/69/69 70/70/70 
f 68/68/68 70/70/70 69/69/69 
f 77/77/77 75/75/75 73/73/73 
f 78/78/78 76/76/76 74/74/74 
f 75/75/75 77/77/77 78/78/78 
f 76/76/76 78/78/78 77/77/77 
f 79/79/79 80/80/80 81/81/81 
f 79/79/79 81/81/81 82/82/82 
f 83/83/83 80/80/80 79/79/79 
f 83/83/83 79/79/79 84/84/84 
f 80/80/80 83/83/83 85/85/85 
f 85/85/85 83/83/83 86/86/86 
f 87/87/87 88/88/88 89/89/89 
f 89/89/89 88/88/88 90/90/90 
f 88/88/88 87/87/87 91/91/91 
f 91/91/91 87/87/87 92/92/92 
f 88/88/88 91/91/91 93/93/93 
f 88/88/88 93/93/93 94/94/94 

g Meshpart2

v 0.400074 -0.833766 -0.0293136 
v 0.30563 -0.833766 -0.0293136 
v 0.400074 -0.833766 -0.143376 
v 0.419637 -0.890249 -0.0293136 
v 0.419637 -0.890249 -0.143376 
v 0.41232 -1.17298 -0.0293136 
v 0.41232 -1.17298 -0.143376 
v 0.395734 -1.43805 -0.0293136 
v 0.395734 -1.43805 -0.143376 
v 0.332614 -1.78557 -0.0293136 
v 0.332614 -1.78557 -0.143376 
v 0.272817 -1.98879 -0.0293136 
v 0.272817 -1.98879 -0.143376 
v 0.221108 -2.04966 -0.0293136 
v 0.221108 -2.04966 -0.143376 
v 0.400074 -0.833766 0.132909 
v 0.30563 -0.833766 0.132909 
v 0.400074 -0.833766 0.0188466 
v 0.419637 -0.890249 0.132909 
v 0.419637 -0.890249 0.0188466 
v 0.41232 -1.17298 0.132909 
v 0.41232 -1.17298 0.0188466 
v 0.395734 -1.43805 0.132909 
v 0.395734 -1.43805 0.0188466 
v 0.332614 -1.78557 0.132909 
v 0.332614 -1.78557 0.0188466 
v 0.272817 -1.98879 0.132909 
v 0.272817 -1.98879 0.0188466 
v 0.221108 -2.04966 0.132909 
v 0.221108 -2.04966 0.0188466 
v 0.306974 -0.359074 -0.143376 
v 0.296667 -0.2219 -0.143376 
v 0.306974 -0.359074 -0.0293136 
v 0.296667 -0.2219 -0.0293136 
v 0.333971 -0.475748 -0.0293136 
v 0.30495 -0.114195 -0.0293136 
v 0.333971 -0.475748 -0.143376 
v 0.30495 -0.114195 -0.143376 
v 0.330955 -0.491092 -0.143376 
v 0.311261 -0.0790819 -0.0293136 
v 0.330955 -0.491092 -0.0293136 
v 0.311261 -0.079082 -0.143376 
v 0.316709 -0.507257 -0.143376 
v 0.297061 -0.0593553 -0.0293136 
v 0.316709 -0.507257 -0.0293136 
v 0.297061 -0.0593553 -0.143376 
v 0.264379 -0.493829 -0.0293136 
v 0.216577 -0.0968373 -0.0293136 
v 0.306974 -0.359074 0.0188466 
v 0.296667 -0.2219 0.0188466 
v 0.306974 -0.359074 0.132909 
v 0.296667 -0.2219 0.132909 
v 0.333971 -0.475748 0.132909 
v 0.30495 -0.114195 0.132909 
v 0.333971 -0.475748 0.0188466 
v 0.30495 -0.114195 0.0188466 
v 0.330955 -0.491092 0.0188466 
v 0.311261 -0.0790818 0.132909 
v 0.330955 -0.491092 0.132909 
v 0.311261 -0.0790819 0.0188466 
v 0.316709 -0.507257 0.0188466 
v 0.297061 -0.0593552 0.132909 
v 0.316709 -0.507257 0.132909 
v 0.297061 -0.0593553 0.0188466 
v 0.30563 -0.833766 -0.143376 
v 0.352854 -0.810369 -0.0293136 
v 0.352854 -0.81037 -0.143376 
v 0.400074 -0.833766 -0.0293136 
v 0.30563 -0.833766 -0.0293136 
v 0.400074 -0.833766 -0.143376 
v 0.419637 -0.890249 -0.0293136 
v 0.30563 -0.833766 0.0188466 
v 0.352854 -0.810369 0.132909 
v 0.352854 -0.810369 0.0188466 
v 0.400074 -0.833766 0.132909 
v 0.30563 -0.833766 0.132909 
v 0.400074 -0.833766 0.0188466 
v 0.419637 -0.890249 0.132909 
v 0.297061 -0.0593553 -0.0293136 
v 0.297061 -0.0593553 -0.143376 
v 0.260762 -0.0569897 -0.0293136 
v 0.260762 -0.0569897 -0.143376 
v 0.228806 -0.0727703 -0.0293136 
v 0.228806 -0.0727704 -0.143376 
v 0.216577 -0.0968373 -0.0293136 
v 0.216577 -0.0968373 -0.143376 
v 0.297061 -0.0593552 0.132909 
v 0.297061 -0.0593553 0.0188466 
v 0.260762 -0.0569896 0.132909 
v 0.260762 -0.0569897 0.0188466 
v 0.228806 -0.0727702 0.132909 
v 0.228806 -0.0727703 0.0188466 
v 0.296667 -0.2219 0.132909 
v 0.219731 -0.313828 0.132909 
v 0.306974 -0.359074 0.132909 
v 0.252873 -0.461775 0.132909 
v 0.212237 -0.184421 0.132909 
v 0.333971 -0.475748 0.132909 
v 0.264379 -0.493829 0.132909 
v 0.29205 -0.509994 0.132909 
v 0.330955 -0.491092 0.132909 
v 0.316709 -0.507257 0.132909 
v 0.30495 -0.114195 0.132909 
v 0.216577 -0.0968372 0.132909 
v 0.228806 -0.0727702 0.132909 
v 0.260762 -0.0569896 0.132909 
v 0.311261 -0.0790818 0.132909 
v 0.297061 -0.0593552 0.132909 
v 0.41232 -1.17298 0.132909 
v 0.275452 -1.24759 0.132909 
v 0.395734 -1.43805 0.132909 
v 0.257847 -1.38798 0.132909 
v 0.286071 -0.890249 0.132909 
v 0.194728 -1.69427 0.132909 
v 0.419637 -0.890249 0.132909 
v 0.332614 -1.78557 0.132909 
v 0.400074 -0.833766 0.132909 
v 0.30563 -0.833766 0.132909 
v 0.352854 -0.810369 0.132909 
v 0.10374 -1.98093 0.132909 
v 0.272817 -1.98879 0.132909 
v 0.221108 -2.04966 0.132909 
v 0.159552 -2.05653 0.132909 
v 0.109486 -2.02315 0.132909 
v 0.400074 -0.833766 -0.143376 
v 0.109487 -2.02315 -0.143376 
v 0.221108 -2.04966 -0.0293136 
v 0.400074 -0.833766 0.0188466 
v 0.109487 -2.02315 0.0188466 
v 0.221108 -2.04966 0.132909 
v 0.296667 -0.2219 -0.0293136 
v 0.219731 -0.313828 -0.0293136 
v 0.306974 -0.359074 -0.0293136 
v 0.252873 -0.461775 -0.0293136 
v 0.212237 -0.184421 -0.0293136 
v 0.333971 -0.475748 -0.0293136 
v 0.264379 -0.493829 -0.0293136 
v 0.292051 -0.509994 -0.0293136 
v 0.330955 -0.491092 -0.0293136 
v 0.316709 -0.507257 -0.0293136 
v 0.30495 -0.114195 -0.0293136 
v 0.216577 -0.0968373 -0.0293136 
v 0.228806 -0.0727703 -0.0293136 
v 0.260762 -0.0569897 -0.0293136 
v 0.311261 -0.0790819 -0.0293136 
v 0.297061 -0.0593553 -0.0293136 
v 0.41232 -1.17298 -0.0293136 
v 0.275452 -1.24759 -0.0293136 
v 0.395734 -1.43805 -0.0293136 
v 0.257847 -1.38798 -0.0293136 
v 0.286071 -0.890249 -0.0293136 
v 0.194728 -1.69427 -0.0293136 
v 0.419637 -0.890249 -0.0293136 
v 0.332614 -1.78557 -0.0293136 
v 0.400074 -0.833766 -0.0293136 
v 0.30563 -0.833766 -0.0293136 
v 0.352854 -0.810369 -0.0293136 
v 0.10374 -1.98093 -0.0293136 
v 0.272817 -1.98879 -0.0293136 
v 0.221108 -2.04966 -0.0293136 
v 0.159552 -2.05653 -0.0293136 
v 0.109487 -2.02315 -0.0293136 
v 0.30563 -0.833766 -0.143376 
v 0.30563 -0.833766 -0.0293136 
v 0.400074 -0.833766 -0.143376 
v 0.286071 -0.890249 -0.143376 
v 0.419637 -0.890249 -0.0293136 
v 0.286071 -0.890249 -0.0293136 
v 0.275452 -1.24759 -0.143376 
v 0.275452 -1.24759 -0.0293136 
v 0.257847 -1.38798 -0.0293136 
v 0.257847 -1.38798 -0.143376 
v 0.194728 -1.69427 -0.143376 
v 0.194728 -1.69427 -0.0293136 
v 0.10374 -1.98093 -0.143376 
v 0.10374 -1.98093 -0.0293136 
v 0.272817 -1.98879 -0.143376 
v 0.109487 -2.02315 -0.143376 
v 0.221108 -2.04966 -0.0293136 
v 0.109487 -2.02315 -0.0293136 
v 0.30563 -0.833766 0.0188466 
v 0.30563 -0.833766 0.132909 
v 0.400074 -0.833766 0.0188466 
v 0.286071 -0.890249 0.0188466 
v 0.419637 -0.890249 0.132909 
v 0.286071 -0.890249 0.132909 
v 0.275452 -1.24759 0.0188466 
v 0.275452 -1.24759 0.132909 
v 0.257847 -1.38798 0.132909 
v 0.257847 -1.38798 0.0188466 
v 0.194728 -1.69427 0.0188466 
v 0.194728 -1.69427 0.132909 
v 0.10374 -1.98093 0.0188466 
v 0.10374 -1.98093 0.132909 
v 0.272817 -1.98879 0.0188466 
v 0.109487 -2.02315 0.0188466 
v 0.221108 -2.04966 0.132909 
v 0.109486 -2.02315 0.132909 
v 0.316709 -0.507257 -0.143376 
v 0.264379 -0.493829 -0.143376 
v 0.228806 -0.0727703 -0.0293136 
v 0.264379 -0.493829 -0.0293136 
v 0.228806 -0.0727704 -0.143376 
v 0.252873 -0.461775 -0.143376 
v 0.216577 -0.0968373 -0.0293136 
v 0.252873 -0.461775 -0.0293136 
v 0.216577 -0.0968373 -0.143376 
v 0.219731 -0.313828 -0.143376 
v 0.212237 -0.184421 -0.0293136 
v 0.219731 -0.313828 -0.0293136 
v 0.212237 -0.184421 -0.143376 
v 0.316709 -0.507257 0.0188466 
v 0.264379 -0.493829 0.0188466 
v 0.228806 -0.0727702 0.132909 
v 0.264379 -0.493829 0.132909 
v 0.228806 -0.0727703 0.0188466 
v 0.252873 -0.461775 0.0188466 
v 0.216577 -0.0968372 0.132909 
v 0.252873 -0.461775 0.132909 
v 0.216577 -0.0968373 0.0188466 
v 0.219731 -0.313828 0.0188466 
v 0.212237 -0.184421 0.132909 
v 0.219731 -0.313828 0.132909 
v 0.212237 -0.184421 0.0188466 
v 0.272817 -1.98879 -0.143376 
v 0.109487 -2.02315 -0.143376 
v 0.221108 -2.04966 -0.0293136 
v 0.109487 -2.02315 -0.0293136 
v 0.221108 -2.04966 -0.143376 
v 0.159552 -2.05653 -0.143376 
v 0.159552 -2.05653 -0.0293136 
v 0.272817 -1.98879 0.0188466 
v 0.109487 -2.02315 0.0188466 
v 0.221108 -2.04966 0.132909 
v 0.109486 -2.02315 0.132909 
v 0.221108 -2.04966 0.0188466 
v 0.159552 -2.05653 0.0188466 
v 0.159552 -2.05653 0.132909 
v 0.333971 -0.475748 -0.0293136 
v 0.316709 -0.507257 -0.143376 
v 0.316709 -0.507257 -0.0293136 
v 0.297061 -0.0593553 -0.143376 
v 0.292051 -0.509994 -0.143376 
v 0.292051 -0.509994 -0.0293136 
v 0.264379 -0.493829 -0.143376 
v 0.264379 -0.493829 -0.0293136 
v 0.216577 -0.0968373 -0.0293136 
v 0.216577 -0.0968373 -0.143376 
v 0.333971 -0.475748 0.132909 
v 0.316709 -0.507257 0.0188466 
v 0.316709 -0.507257 0.132909 
v 0.297061 -0.0593553 0.0188466 
v 0.292051 -0.509994 0.0188466 
v 0.29205 -0.509994 0.132909 
v 0.264379 -0.493829 0.0188466 
v 0.264379 -0.493829 0.132909 
v 0.252873 -0.461775 -0.143376 
v 0.333971 -0.475748 -0.143376 
v 0.264379 -0.493829 -0.143376 
v 0.292051 -0.509994 -0.143376 
v 0.330955 -0.491092 -0.143376 
v 0.316709 -0.507257 -0.143376 
v 0.306974 -0.359074 -0.143376 
v 0.219731 -0.313828 -0.143376 
v 0.296667 -0.2219 -0.143376 
v 0.212237 -0.184421 -0.143376 
v 0.30495 -0.114195 -0.143376 
v 0.216577 -0.0968373 -0.143376 
v 0.228806 -0.0727704 -0.143376 
v 0.260762 -0.0569897 -0.143376 
v 0.311261 -0.079082 -0.143376 
v 0.297061 -0.0593553 -0.143376 
v 0.221108 -2.04966 -0.143376 
v 0.10374 -1.98093 -0.143376 
v 0.272817 -1.98879 -0.143376 
v 0.159552 -2.05653 -0.143376 
v 0.109487 -2.02315 -0.143376 
v 0.332614 -1.78557 -0.143376 
v 0.194728 -1.69427 -0.143376 
v 0.395734 -1.43805 -0.143376 
v 0.257847 -1.38798 -0.143376 
v 0.275452 -1.24759 -0.143376 
v 0.41232 -1.17298 -0.143376 
v 0.286071 -0.890249 -0.143376 
v 0.419637 -0.890249 -0.143376 
v 0.400074 -0.833766 -0.143376 
v 0.30563 -0.833766 -0.143376 
v 0.352854 -0.81037 -0.143376 
v 0.252873 -0.461775 0.0188466 
v 0.333971 -0.475748 0.0188466 
v 0.264379 -0.493829 0.0188466 
v 0.292051 -0.509994 0.0188466 
v 0.330955 -0.491092 0.0188466 
v 0.316709 -0.507257 0.0188466 
v 0.306974 -0.359074 0.0188466 
v 0.219731 -0.313828 0.0188466 
v 0.296667 -0.2219 0.0188466 
v 0.212237 -0.184421 0.0188466 
v 0.30495 -0.114195 0.0188466 
v 0.216577 -0.0968373 0.0188466 
v 0.228806 -0.0727703 0.0188466 
v 0.260762 -0.0569897 0.0188466 
v 0.311261 -0.0790819 0.0188466 
v 0.297061 -0.0593553 0.0188466 
v 0.221108 -2.04966 0.0188466 
v 0.10374 -1.98093 0.0188466 
v 0.272817 -1.98879 0.0188466 
v 0.159552 -2.05653 0.0188466 
v 0.109487 -2.02315 0.0188466 
v 0.332614 -1.78557 0.0188466 
v 0.194728 -1.69427 0.0188466 
v 0.395734 -1.43805 0.0188466 
v 0.257847 -1.38798 0.0188466 
v 0.275452 -1.24759 0.0188466 
v 0.41232 -1.17298 0.0188466 
v 0.286071 -0.890249 0.0188466 
v 0.419637 -0.890249 0.0188466 
v 0.400074 -0.833766 0.0188466 
v 0.30563 -0.833766 0.0188466 
v 0.352854 -0.810369 0.0188466 

vn 0.748031 0.661417 0 
vn -0.748031 0.661417 0 
vn 0.748031 0.661417 0 
vn 0.992126 0.149606 0 
vn 0.992126 0.149606 0 
vn 1 -0.0472441 0 
vn 1 -0.0472441 0 
vn 0.992126 -0.11811 0 
vn 0.992126 -0.11811 0 
vn 0.976378 -0.228346 0 
vn 0.976378 -0.228346 0 
vn 0.88189 -0.472441 0 
vn 0.88189 -0.472441 0 
vn 0.472441 -0.88189 0 
vn 0.472441 -0.88189 0 
vn 0.748031 0.661417 0 
vn -0.748031 0.661417 0 
vn 0.748031 0.661417 0 
vn 0.992126 0.149606 0 
vn 0.992126 0.149606 0 
vn 1 -0.0472441 0 
vn 1 -0.0472441 0 
vn 0.992126 -0.11811 0 
vn 0.992126 -0.11811 0 
vn 0.976378 -0.228346 0 
vn 0.976378 -0.228346 0 
vn 0.88189 -0.472441 0 
vn 0.88189 -0.472441 0 
vn 0.472441 -0.88189 0 
vn 0.472441 -0.88189 0 
vn 0.992126 0.149606 0 
vn 1 0 0 
vn 0.992126 0.149606 0 
vn 1 0 0 
vn 1 0.015748 0 
vn 0.992126 -0.125984 0 
vn 1 0.015748 0 
vn 0.992126 -0.125984 0 
vn 0.897638 -0.440945 0 
vn 0.976378 0.220472 0 
vn 0.897638 -0.440945 0 
vn 0.976378 0.220472 0 
vn 0.464567 -0.889764 0 
vn 0.480315 0.874016 0 
vn 0.464567 -0.889764 0 
vn 0.480315 0.874016 0 
vn -0.771654 -0.637795 0 
vn -0.968504 0.259843 0 
vn 0.992126 0.149606 0 
vn 1 0 0 
vn 0.992126 0.149606 0 
vn 1 0 0 
vn 1 0.015748 0 
vn 0.992126 -0.125984 0 
vn 1 0.015748 0 
vn 0.992126 -0.125984 0 
vn 0.897638 -0.440945 0 
vn 0.976378 0.220472 0 
vn 0.897638 -0.440945 0 
vn 0.976378 0.220472 0 
vn 0.464567 -0.889764 0 
vn 0.480315 0.874016 0 
vn 0.464567 -0.889764 0 
vn 0.480315 0.874016 0 
vn -0.748031 0.661417 0 
vn 0 1 0 
vn 0 1 0 
vn 0.748031 0.661417 0 
vn -0.748031 0.661417 0 
vn 0.748031 0.661417 0 
vn 0.992126 0.149606 0 
vn -0.748031 0.661417 0 
vn 0 1 0 
vn 0 1 0 
vn 0.748031 0.661417 0 
vn -0.748031 0.661417 0 
vn 0.748031 0.661417 0 
vn 0.992126 0.149606 0 
vn 0.480315 0.874016 0 
vn 0.480315 0.874016 0 
vn -0.19685 0.984252 0 
vn -0.19685 0.984252 0 
vn -0.700787 0.708661 0 
vn -0.700787 0.708661 0 
vn -0.968504 0.259843 0 
vn -0.968504 0.259843 0 
vn 0.480315 0.874016 0 
vn 0.480315 0.874016 0 
vn -0.19685 0.984252 0 
vn -0.19685 0.984252 0 
vn -0.700787 0.708661 0 
vn -0.700787 0.708661 0 
vn 0 0 1 
vn 0 0 1 
vn 0 0 1 
vn 0 0 1 
vn 0 0 1 
vn 0 0 1 
vn 0 0 1 
vn 0 0 1 
vn 0 0 1 
vn 0 0 1 
vn 0 0 1 
vn 0 0 1 
vn 0 0 1 
vn 0 0 1 
vn 0 0 1 
vn 0 0 1 
vn 0 0 1 
vn 0 0 1 
vn 0 0 1 
vn 0 0 1 
vn 0 0 1 
vn 0 0 1 
vn 0 0 1 
vn 0 0 1 
vn 0 0 1 
vn 0 0 1 
vn 0 0 1 
vn 0 0 1 
vn 0 0 1 
vn 0 0 1 
vn 0 0 1 
vn 0 0 1 
vn 0.748031 0.661417 0 
vn -0.850394 -0.527559 0 
vn 0.472441 -0.88189 0 
vn 0.748031 0.661417 0 
vn -0.850394 -0.527559 0 
vn 0.472441 -0.88189 0 
vn 0 0 1 
vn 0 0 1 
vn 0 0 1 
vn 0 0 1 
vn 0 0 1 
vn 0 0 1 
vn 0 0 1 
vn 0 0 1 
vn 0 0 1 
vn 0 0 1 
vn 0 0 1 
vn 0 0 1 
vn 0 0 1 
vn 0 0 1 
vn 0 0 1 
vn 0 0 1 
vn 0 0 1 
vn 0 0 1 
vn 0 0 1 
vn 0 0 1 
vn 0 0 1 
vn 0 0 1 
vn 0 0 1 
vn 0 0 1 
vn 0 0 1 
vn 0 0 1 
vn 0 0 1 
vn 0 0 1 
vn 0 0 1 
vn 0 0 1 
vn 0 0 1 
vn 0 0 1 
vn -0.748031 0.661417 0 
vn -0.748031 0.661417 0 
vn 0.748031 0.661417 0 
vn -0.984252 0.181102 0 
vn 0.992126 0.149606 0 
vn -0.984252 0.181102 0 
vn -1 0.0787402 0 
vn -1 0.0787402 0 
vn -0.984252 0.165354 0 
vn -0.984252 0.165354 0 
vn -0.968504 0.251969 0 
vn -0.968504 0.251969 0 
vn -1 0.0866142 0 
vn -1 0.0866142 0 
vn 0.88189 -0.472441 0 
vn -0.850394 -0.527559 0 
vn 0.472441 -0.88189 0 
vn -0.850394 -0.527559 0 
vn -0.748031 0.661417 0 
vn -0.748031 0.661417 0 
vn 0.748031 0.661417 0 
vn -0.984252 0.181102 0 
vn 0.992126 0.149606 0 
vn -0.984252 0.181102 0 
vn -1 0.0787402 0 
vn -1 0.0787402 0 
vn -0.984252 0.165354 0 
vn -0.984252 0.165354 0 
vn -0.968504 0.251969 0 
vn -0.968504 0.251969 0 
vn -1 0.0866142 0 
vn -1 0.0866142 0 
vn 0.88189 -0.472441 0 
vn -0.850394 -0.527559 0 
vn 0.472441 -0.88189 0 
vn -0.850394 -0.527559 0 
vn 0.464567 -0.889764 0 
vn -0.771654 -0.637795 0 
vn -0.700787 0.708661 0 
vn -0.771654 -0.637795 0 
vn -0.700787 0.708661 0 
vn -0.96063 -0.275591 0 
vn -0.968504 0.259843 0 
vn -0.96063 -0.275591 0 
vn -0.968504 0.259843 0 
vn -0.992126 -0.141732 0 
vn -1 -0.00787402 0 
vn -0.992126 -0.141732 0 
vn -1 -0.00787402 0 
vn 0.464567 -0.889764 0 
vn -0.771654 -0.637795 0 
vn -0.700787 0.708661 0 
vn -0.771654 -0.637795 0 
vn -0.700787 0.708661 0 
vn -0.96063 -0.275591 0 
vn -0.968504 0.259843 0 
vn -0.96063 -0.275591 0 
vn -0.968504 0.259843 0 
vn -0.992126 -0.141732 0 
vn -1 -0.00787402 0 
vn -0.992126 -0.141732 0 
vn -1 -0.00787402 0 
vn 0.88189 -0.472441 0 
vn -0.850394 -0.527559 0 
vn 0.472441 -0.88189 0 
vn -0.850394 -0.527559 0 
vn 0.472441 -0.88189 0 
vn -0.23622 -0.968504 0 
vn -0.23622 -0.968504 0 
vn 0.88189 -0.472441 0 
vn -0.850394 -0.527559 0 
vn 0.472441 -0.88189 0 
vn -0.850394 -0.527559 0 
vn 0.472441 -0.88189 0 
vn -0.23622 -0.968504 0 
vn -0.23622 -0.968504 0 
vn 1 0.015748 0 
vn 0.464567 -0.889764 0 
vn 0.464567 -0.889764 0 
vn 0.480315 0.874016 0 
vn -0.204724 -0.976378 0 
vn -0.204724 -0.976378 0 
vn -0.771654 -0.637795 0 
vn -0.771654 -0.637795 0 
vn -0.968504 0.259843 0 
vn -0.968504 0.259843 0 
vn 1 0.015748 0 
vn 0.464567 -0.889764 0 
vn 0.464567 -0.889764 0 
vn 0.480315 0.874016 0 
vn -0.204724 -0.976378 0 
vn -0.204724 -0.976378 0 
vn -0.771654 -0.637795 0 
vn -0.771654 -0.637795 0 
vn 0 0 -1 
vn 0 0 -1 
vn 0 0 -1 
vn 0 0 -1 
vn 0 0 -1 
vn 0 0 -1 
vn 0 0 -1 
vn 0 0 -1 
vn 0 0 -1 
vn 0 0 -1 
vn 0 0 -1 
vn 0 0 -1 
vn 0 0 -1 
vn 0 0 -1 
vn 0 0 -1 
vn 0 0 -1 
vn 0 0 -1 
vn 0 0 -1 
vn 0 0 -1 
vn 0 0 -1 
vn 0 0 -1 
vn 0 0 -1 
vn 0 0 -1 
vn 0 0 -1 
vn 0 0 -1 
vn 0 0 -1 
vn 0 0 -1 
vn 0 0 -1 
vn 0 0 -1 
vn 0 0 -1 
vn 0 0 -1 
vn 0 0 -1 
vn 0 0 -1 
vn 0 0 -1 
vn 0 0 -1 
vn 0 0 -1 
vn 0 0 -1 
vn 0 0 -1 
vn 0 0 -1 
vn 0 0 -1 
vn 0 0 -1 
vn 0 0 -1 
vn 0 0 -1 
vn 0 0 -1 
vn 0 0 -1 
vn 0 0 -1 
vn 0 0 -1 
vn 0 0 -1 
vn 0 0 -1 
vn 0 0 -1 
vn 0 0 -1 
vn 0 0 -1 
vn 0 0 -1 
vn 0 0 -1 
vn 0 0 -1 
vn 0 0 -1 
vn 0 0 -1 
vn 0 0 -1 
vn 0 0 -1 
vn 0 0 -1 
vn 0 0 -1 
vn 0 0 -1 
vn 0 0 -1 
vn 0 0 -1 

vt 0.470216 1.49039 
vt 0.470216 1.49039 
vt 0.484474 1.49039 
vt 0.470216 1.48333 
vt 0.484474 1.48333 
vt 0.470216 1.44798 
vt 0.484474 1.44798 
vt 0.470216 1.41485 
vt 0.484474 1.41485 
vt 0.470216 1.37141 
vt 0.484474 1.37141 
vt 0.470216 1.34601 
vt 0.484474 1.34601 
vt 0.470216 1.3384 
vt 0.484474 1.3384 
vt 0.449938 1.49039 
vt 0.449938 1.49039 
vt 0.464196 1.49039 
vt 0.449938 1.48333 
vt 0.464196 1.48333 
vt 0.449938 1.44798 
vt 0.464196 1.44798 
vt 0.449938 1.41485 
vt 0.464196 1.41485 
vt 0.449938 1.37141 
vt 0.464196 1.37141 
vt 0.449938 1.34601 
vt 0.464196 1.34601 
vt 0.449938 1.3384 
vt 0.464196 1.3384 
vt 0.484474 1.54972 
vt 0.484474 1.56687 
vt 0.470216 1.54972 
vt 0.470216 1.56687 
vt 0.470216 1.53514 
vt 0.470216 1.58033 
vt 0.484474 1.53514 
vt 0.484474 1.58033 
vt 0.484474 1.53322 
vt 0.470216 1.58472 
vt 0.470216 1.53322 
vt 0.484474 1.58472 
vt 0.484474 1.5312 
vt 0.470216 1.58719 
vt 0.470216 1.5312 
vt 0.484474 1.58719 
vt 0.470216 1.53288 
vt 0.470216 1.5825 
vt 0.464196 1.54972 
vt 0.464196 1.56687 
vt 0.449938 1.54972 
vt 0.449938 1.56687 
vt 0.449938 1.53514 
vt 0.449938 1.58033 
vt 0.464196 1.53514 
vt 0.464196 1.58033 
vt 0.464196 1.53322 
vt 0.449938 1.58472 
vt 0.449938 1.53322 
vt 0.464196 1.58472 
vt 0.464196 1.5312 
vt 0.449938 1.58719 
vt 0.449938 1.5312 
vt 0.464196 1.58719 
vt 0.461714 1.44524 
vt 0.455811 1.4595 
vt 0.455811 1.44524 
vt 0.449908 1.4595 
vt 0.461714 1.4595 
vt 0.449908 1.44524 
vt 0.447463 1.4595 
vt 0.461714 1.46552 
vt 0.455811 1.47978 
vt 0.455811 1.46552 
vt 0.449908 1.47978 
vt 0.461714 1.47978 
vt 0.449908 1.46552 
vt 0.447463 1.47978 
vt 0.462785 1.4595 
vt 0.462785 1.44524 
vt 0.467322 1.4595 
vt 0.467322 1.44524 
vt 0.471317 1.4595 
vt 0.471317 1.44524 
vt 0.472845 1.4595 
vt 0.472845 1.44524 
vt 0.462785 1.47978 
vt 0.462785 1.46552 
vt 0.467322 1.47978 
vt 0.467322 1.46552 
vt 0.471317 1.47978 
vt 0.471317 1.46552 
vt 0.471579 1.56687 
vt 0.461962 1.55538 
vt 0.472867 1.54972 
vt 0.466104 1.53689 
vt 0.461025 1.57155 
vt 0.476242 1.53514 
vt 0.467543 1.53288 
vt 0.471002 1.53086 
vt 0.475865 1.53322 
vt 0.474084 1.5312 
vt 0.472614 1.58033 
vt 0.461567 1.5825 
vt 0.463096 1.58551 
vt 0.467091 1.58748 
vt 0.473403 1.58472 
vt 0.471628 1.58719 
vt 0.486035 1.44798 
vt 0.468927 1.43866 
vt 0.483962 1.41485 
vt 0.466726 1.42111 
vt 0.470254 1.48333 
vt 0.458836 1.38282 
vt 0.48695 1.48333 
vt 0.476072 1.37141 
vt 0.484505 1.49039 
vt 0.472699 1.49039 
vt 0.478602 1.49331 
vt 0.447463 1.34699 
vt 0.468597 1.34601 
vt 0.462134 1.3384 
vt 0.454439 1.33754 
vt 0.448181 1.34171 
vt 0.484505 1.49039 
vt 0.448181 1.34171 
vt 0.462134 1.3384 
vt 0.484505 1.49039 
vt 0.448181 1.34171 
vt 0.462134 1.3384 
vt 0.471579 1.56687 
vt 0.461962 1.55538 
vt 0.472867 1.54972 
vt 0.466104 1.53689 
vt 0.461025 1.57155 
vt 0.476242 1.53514 
vt 0.467543 1.53288 
vt 0.471002 1.53086 
vt 0.475865 1.53322 
vt 0.474084 1.5312 
vt 0.472614 1.58033 
vt 0.461567 1.5825 
vt 0.463096 1.58551 
vt 0.467091 1.58748 
vt 0.473403 1.58472 
vt 0.471628 1.58719 
vt 0.486035 1.44798 
vt 0.468927 1.43866 
vt 0.483962 1.41485 
vt 0.466726 1.42111 
vt 0.470254 1.48333 
vt 0.458836 1.38282 
vt 0.48695 1.48333 
vt 0.476072 1.37141 
vt 0.484505 1.49039 
vt 0.472699 1.49039 
vt 0.478602 1.49331 
vt 0.447463 1.34699 
vt 0.468597 1.34601 
vt 0.462134 1.3384 
vt 0.454439 1.33754 
vt 0.448181 1.34171 
vt 0.449938 1.49039 
vt 0.464196 1.49039 
vt 0.449938 1.49039 
vt 0.449938 1.48333 
vt 0.464196 1.48333 
vt 0.464196 1.48333 
vt 0.449938 1.43866 
vt 0.464196 1.43866 
vt 0.464196 1.42111 
vt 0.449938 1.42111 
vt 0.449938 1.38282 
vt 0.464196 1.38282 
vt 0.449938 1.34699 
vt 0.464196 1.34699 
vt 0.449938 1.34601 
vt 0.449938 1.34171 
vt 0.464196 1.3384 
vt 0.464196 1.34171 
vt 0.470216 1.49039 
vt 0.484474 1.49039 
vt 0.470216 1.49039 
vt 0.470216 1.48333 
vt 0.484474 1.48333 
vt 0.484474 1.48333 
vt 0.470216 1.43866 
vt 0.484474 1.43866 
vt 0.484474 1.42111 
vt 0.470216 1.42111 
vt 0.470216 1.38282 
vt 0.484474 1.38282 
vt 0.470216 1.34699 
vt 0.484474 1.34699 
vt 0.470216 1.34601 
vt 0.470216 1.34171 
vt 0.484474 1.3384 
vt 0.484474 1.34171 
vt 0.449938 1.5312 
vt 0.449938 1.53288 
vt 0.464196 1.58551 
vt 0.464196 1.53288 
vt 0.449938 1.58551 
vt 0.449938 1.53689 
vt 0.464196 1.5825 
vt 0.464196 1.53689 
vt 0.449938 1.5825 
vt 0.449938 1.55538 
vt 0.464196 1.57155 
vt 0.464196 1.55538 
vt 0.449938 1.57155 
vt 0.470216 1.5312 
vt 0.470216 1.53288 
vt 0.484474 1.58551 
vt 0.484474 1.53288 
vt 0.470216 1.58551 
vt 0.470216 1.53689 
vt 0.484474 1.5825 
vt 0.484474 1.53689 
vt 0.470216 1.5825 
vt 0.470216 1.55538 
vt 0.484474 1.57155 
vt 0.484474 1.55538 
vt 0.470216 1.57155 
vt 0.468597 1.44524 
vt 0.448181 1.44524 
vt 0.462134 1.4595 
vt 0.448181 1.4595 
vt 0.462134 1.44524 
vt 0.454439 1.44524 
vt 0.454439 1.4595 
vt 0.468597 1.46552 
vt 0.448181 1.46552 
vt 0.462134 1.47978 
vt 0.448181 1.47978 
vt 0.462134 1.46552 
vt 0.454439 1.46552 
vt 0.454439 1.47978 
vt 0.476242 1.4595 
vt 0.474084 1.44524 
vt 0.474084 1.4595 
vt 0.471628 1.44524 
vt 0.471002 1.44524 
vt 0.471002 1.4595 
vt 0.467543 1.44524 
vt 0.467543 1.4595 
vt 0.461567 1.4595 
vt 0.461567 1.44524 
vt 0.476242 1.47978 
vt 0.474084 1.46552 
vt 0.474084 1.47978 
vt 0.471628 1.46552 
vt 0.471002 1.46552 
vt 0.471002 1.47978 
vt 0.467543 1.46552 
vt 0.467543 1.47978 
vt 0.468308 1.53689 
vt 0.458171 1.53514 
vt 0.46687 1.53288 
vt 0.463411 1.53086 
vt 0.458548 1.53322 
vt 0.460329 1.5312 
vt 0.461546 1.54972 
vt 0.472451 1.55538 
vt 0.462834 1.56687 
vt 0.473388 1.57155 
vt 0.461799 1.58033 
vt 0.472845 1.5825 
vt 0.471317 1.58551 
vt 0.467322 1.58748 
vt 0.46101 1.58472 
vt 0.462785 1.58719 
vt 0.472279 1.3384 
vt 0.48695 1.34699 
vt 0.465815 1.34601 
vt 0.479973 1.33754 
vt 0.486232 1.34171 
vt 0.458341 1.37141 
vt 0.475576 1.38282 
vt 0.450451 1.41485 
vt 0.467686 1.42111 
vt 0.465486 1.43866 
vt 0.448377 1.44798 
vt 0.464159 1.48333 
vt 0.447463 1.48333 
vt 0.449908 1.49039 
vt 0.461714 1.49039 
vt 0.455811 1.49331 
vt 0.468308 1.53689 
vt 0.458171 1.53514 
vt 0.46687 1.53288 
vt 0.463411 1.53086 
vt 0.458548 1.53322 
vt 0.460329 1.5312 
vt 0.461546 1.54972 
vt 0.472451 1.55538 
vt 0.462834 1.56687 
vt 0.473388 1.57155 
vt 0.461799 1.58033 
vt 0.472845 1.5825 
vt 0.471317 1.58551 
vt 0.467322 1.58748 
vt 0.46101 1.58472 
vt 0.462785 1.58719 
vt 0.472279 1.3384 
vt 0.48695 1.34699 
vt 0.465815 1.34601 
vt 0.479973 1.33754 
vt 0.486232 1.34171 
vt 0.458341 1.37141 
vt 0.475576 1.38282 
vt 0.450451 1.41485 
vt 0.467686 1.42111 
vt 0.465486 1.43866 
vt 0.448377 1.44798 
vt 0.464159 1.48333 
vt 0.447463 1.48333 
vt 0.449908 1.49039 
vt 0.461714 1.49039 
vt 0.455811 1.49331 

usemtl Meshpart2Mtl

f 98/98/98 97/97/97 95/95/95 
f 97/97/97 98/98/98 99/99/99 
f 98/98/98 100/100/100 99/99/99 
f 101/101/101 99/99/99 100/100/100 
f 100/100/100 102/102/102 101/101/101 
f 103/103/103 101/101/101 102/102/102 
f 102/102/102 104/104/104 103/103/103 
f 105/105/105 103/103/103 104/104/104 
f 104/104/104 106/106/106 105/105/105 
f 107/107/107 105/105/105 106/106/106 
f 107/107/107 106/106/106 108/108/108 
f 108/108/108 109/109/109 107/107/107 
f 113/113/113 112/112/112 110/110/110 
f 112/112/112 113/113/113 114/114/114 
f 113/113/113 115/115/115 114/114/114 
f 116/116/116 114/114/114 115/115/115 
f 115/115/115 117/117/117 116/116/116 
f 118/118/118 116/116/116 117/117/117 
f 117/117/117 119/119/119 118/118/118 
f 120/120/120 118/118/118 119/119/119 
f 119/119/119 121/121/121 120/120/120 
f 122/122/122 120/120/120 121/121/121 
f 122/122/122 121/121/121 123/123/123 
f 123/123/123 124/124/124 122/122/122 
f 125/125/125 126/126/126 127/127/127 
f 126/126/126 128/128/128 127/127/127 
f 125/125/125 127/127/127 129/129/129 
f 126/126/126 130/130/130 128/128/128 
f 131/131/131 125/125/125 129/129/129 
f 132/132/132 130/130/130 126/126/126 
f 129/129/129 133/133/133 131/131/131 
f 132/132/132 134/134/134 130/130/130 
f 133/133/133 129/129/129 135/135/135 
f 136/136/136 134/134/134 132/132/132 
f 135/135/135 137/137/137 133/133/133 
f 136/136/136 138/138/138 134/134/134 
f 137/137/137 135/135/135 139/139/139 
f 140/140/140 138/138/138 136/136/136 
f 143/143/143 144/144/144 145/145/145 
f 144/144/144 146/146/146 145/145/145 
f 143/143/143 145/145/145 147/147/147 
f 144/144/144 148/148/148 146/146/146 
f 149/149/149 143/143/143 147/147/147 
f 150/150/150 148/148/148 144/144/144 
f 147/147/147 151/151/151 149/149/149 
f 150/150/150 152/152/152 148/148/148 
f 151/151/151 147/147/147 153/153/153 
f 154/154/154 152/152/152 150/150/150 
f 151/151/151 153/153/153 155/155/155 
f 154/154/154 156/156/156 152/152/152 
f 155/155/155 153/153/153 157/157/157 
f 156/156/156 154/154/154 158/158/158 
f 159/159/159 160/160/160 161/161/161 
f 162/162/162 161/161/161 160/160/160 
f 160/160/160 159/159/159 163/163/163 
f 161/161/161 162/162/162 164/164/164 
f 166/166/166 167/167/167 168/168/168 
f 169/169/169 168/168/168 167/167/167 
f 167/167/167 166/166/166 170/170/170 
f 168/168/168 169/169/169 171/171/171 
f 174/174/174 175/175/175 173/173/173 
f 176/176/176 175/175/175 174/174/174 
f 176/176/176 177/177/177 175/175/175 
f 177/177/177 176/176/176 178/178/178 
f 182/182/182 183/183/183 181/181/181 
f 184/184/184 183/183/183 182/182/182 
f 184/184/184 185/185/185 183/183/183 
f 186/186/186 185/185/185 184/184/184 
f 187/187/187 188/188/188 189/189/189 
f 189/189/189 188/188/188 190/190/190 
f 188/188/188 187/187/187 191/191/191 
f 190/190/190 192/192/192 189/189/189 
f 192/192/192 190/190/190 193/193/193 
f 192/192/192 193/193/193 194/194/194 
f 194/194/194 195/195/195 192/192/192 
f 195/195/195 194/194/194 196/196/196 
f 197/197/197 191/191/191 187/187/187 
f 191/191/191 197/197/197 198/198/198 
f 198/198/198 197/197/197 199/199/199 
f 199/199/199 197/197/197 200/200/200 
f 200/200/200 197/197/197 201/201/201 
f 200/200/200 201/201/201 202/202/202 
f 203/203/203 204/204/204 205/205/205 
f 206/206/206 205/205/205 204/204/204 
f 203/203/203 207/207/207 204/204/204 
f 208/208/208 205/205/205 206/206/206 
f 209/209/209 207/207/207 203/203/203 
f 205/205/205 208/208/208 210/210/210 
f 211/211/211 207/207/207 209/209/209 
f 207/207/207 211/211/211 212/212/212 
f 212/212/212 211/211/211 213/213/213 
f 214/214/214 210/210/210 208/208/208 
f 214/214/214 215/215/215 210/210/210 
f 215/215/215 214/214/214 216/216/216 
f 216/216/216 214/214/214 217/217/217 
f 217/217/217 214/214/214 218/218/218 
f 225/225/225 226/226/226 227/227/227 
f 227/227/227 226/226/226 228/228/228 
f 226/226/226 225/225/225 229/229/229 
f 228/228/228 230/230/230 227/227/227 
f 230/230/230 228/228/228 231/231/231 
f 230/230/230 231/231/231 232/232/232 
f 232/232/232 233/233/233 230/230/230 
f 233/233/233 232/232/232 234/234/234 
f 235/235/235 229/229/229 225/225/225 
f 229/229/229 235/235/235 236/236/236 
f 236/236/236 235/235/235 237/237/237 
f 237/237/237 235/235/235 238/238/238 
f 238/238/238 235/235/235 239/239/239 
f 238/238/238 239/239/239 240/240/240 
f 241/241/241 242/242/242 243/243/243 
f 244/244/244 243/243/243 242/242/242 
f 241/241/241 245/245/245 242/242/242 
f 246/246/246 243/243/243 244/244/244 
f 247/247/247 245/245/245 241/241/241 
f 243/243/243 246/246/246 248/248/248 
f 249/249/249 245/245/245 247/247/247 
f 245/245/245 249/249/249 250/250/250 
f 250/250/250 249/249/249 251/251/251 
f 252/252/252 248/248/248 246/246/246 
f 252/252/252 253/253/253 248/248/248 
f 253/253/253 252/252/252 254/254/254 
f 254/254/254 252/252/252 255/255/255 
f 255/255/255 252/252/252 256/256/256 
f 260/260/260 258/258/258 257/257/257 
f 258/258/258 260/260/260 262/262/262 
f 263/263/263 262/262/262 260/260/260 
f 262/262/262 263/263/263 264/264/264 
f 263/263/263 265/265/265 264/264/264 
f 263/263/263 266/266/266 265/265/265 
f 266/266/266 267/267/267 265/265/265 
f 268/268/268 265/265/265 267/267/267 
f 267/267/267 269/269/269 268/268/268 
f 270/270/270 268/268/268 269/269/269 
f 270/270/270 269/269/269 272/272/272 
f 272/272/272 274/274/274 270/270/270 
f 278/278/278 276/276/276 275/275/275 
f 276/276/276 278/278/278 280/280/280 
f 281/281/281 280/280/280 278/278/278 
f 280/280/280 281/281/281 282/282/282 
f 281/281/281 283/283/283 282/282/282 
f 281/281/281 284/284/284 283/283/283 
f 284/284/284 285/285/285 283/283/283 
f 286/286/286 283/283/283 285/285/285 
f 285/285/285 287/287/287 286/286/286 
f 288/288/288 286/286/286 287/287/287 
f 288/288/288 287/287/287 290/290/290 
f 290/290/290 292/292/292 288/288/288 
f 296/296/296 298/298/298 294/294/294 
f 297/297/297 299/299/299 295/295/295 
f 298/298/298 296/296/296 300/300/300 
f 301/301/301 299/299/299 297/297/297 
f 298/298/298 300/300/300 302/302/302 
f 301/301/301 303/303/303 299/299/299 
f 302/302/302 300/300/300 304/304/304 
f 305/305/305 303/303/303 301/301/301 
f 304/304/304 305/305/305 302/302/302 
f 305/305/305 304/304/304 303/303/303 
f 309/309/309 311/311/311 307/307/307 
f 310/310/310 312/312/312 308/308/308 
f 311/311/311 309/309/309 313/313/313 
f 314/314/314 312/312/312 310/310/310 
f 311/311/311 313/313/313 315/315/315 
f 314/314/314 316/316/316 312/312/312 
f 315/315/315 313/313/313 317/317/317 
f 318/318/318 316/316/316 314/314/314 
f 317/317/317 318/318/318 315/315/315 
f 318/318/318 317/317/317 316/316/316 
f 322/322/322 320/320/320 324/324/324 
f 323/323/323 321/321/321 325/325/325 
f 324/324/324 325/325/325 322/322/322 
f 325/325/325 324/324/324 323/323/323 
f 329/329/329 327/327/327 331/331/331 
f 330/330/330 328/328/328 332/332/332 
f 331/331/331 332/332/332 329/329/329 
f 332/332/332 331/331/331 330/330/330 
f 334/334/334 335/335/335 337/337/337 
f 337/337/337 335/335/335 338/338/338 
f 337/337/337 338/338/338 339/339/339 
f 339/339/339 338/338/338 340/340/340 
f 344/344/344 345/345/345 347/347/347 
f 347/347/347 345/345/345 348/348/348 
f 348/348/348 349/349/349 347/347/347 
f 349/349/349 348/348/348 350/350/350 
f 351/351/351 352/352/352 353/353/353 
f 353/353/353 352/352/352 354/354/354 
f 354/354/354 352/352/352 355/355/355 
f 354/354/354 355/355/355 356/356/356 
f 352/352/352 351/351/351 357/357/357 
f 358/358/358 357/357/357 351/351/351 
f 357/357/357 358/358/358 359/359/359 
f 360/360/360 359/359/359 358/358/358 
f 360/360/360 361/361/361 359/359/359 
f 361/361/361 360/360/360 362/362/362 
f 361/361/361 362/362/362 363/363/363 
f 361/361/361 363/363/363 364/364/364 
f 364/364/364 365/365/365 361/361/361 
f 365/365/365 364/364/364 366/366/366 
f 367/367/367 368/368/368 369/369/369 
f 368/368/368 367/367/367 370/370/370 
f 368/368/368 370/370/370 371/371/371 
f 368/368/368 372/372/372 369/369/369 
f 373/373/373 372/372/372 368/368/368 
f 372/372/372 373/373/373 374/374/374 
f 375/375/375 374/374/374 373/373/373 
f 376/376/376 374/374/374 375/375/375 
f 374/374/374 376/376/376 377/377/377 
f 378/378/378 377/377/377 376/376/376 
f 378/378/378 379/379/379 377/377/377 
f 378/378/378 380/380/380 379/379/379 
f 380/380/380 378/378/378 381/381/381 
f 380/380/380 381/381/381 382/382/382 
f 383/383/383 384/384/384 385/385/385 
f 385/385/385 384/384/384 386/386/386 
f 386/386/386 384/384/384 387/387/387 
f 386/386/386 387/387/387 388/388/388 
f 384/384/384 383/383/383 389/389/389 
f 390/390/390 389/389/389 383/383/383 
f 389/389/389 390/390/390 391/391/391 
f 392/392/392 391/391/391 390/390/390 
f 392/392/392 393/393/393 391/391/391 
f 393/393/393 392/392/392 394/394/394 
f 393/393/393 394/394/394 395/395/395 
f 393/393/393 395/395/395 396/396/396 
f 396/396/396 397/397/397 393/393/393 
f 397/397/397 396/396/396 398/398/398 
f 399/399/399 400/400/400 401/401/401 
f 400/400/400 399/399/399 402/402/402 
f 400/400/400 402/402/402 403/403/403 
f 400/400/400 404/404/404 401/401/401 
f 405/405/405 404/404/404 400/400/400 
f 404/404/404 405/405/405 406/406/406 
f 407/407/407 406/406/406 405/405/405 
f 408/408/408 406/406/406 407/407/407 
f 406/406/406 408/408/408 409/409/409 
f 410/410/410 409/409/409 408/408/408 
f 410/410/410 411/411/411 409/409/409 
f 410/410/410 412/412/412 411/411/411 
f 412/412/412 410/410/410 413/413/413 
f 412/412/412 413/413/413 414/414/414 

g Meshpart3

v 0.19838 -0.357303 0.119911 
v 0.259394 0.169479 0.119911 
v 0.338731 -0.620788 0.119911 
v 0.227829 -1.125 0.119911 
v 0.158841 -2.15441 0.119911 
v 0.0991423 -2.50056 0.119911 
v 0.0895812 -2.08515 0.119911 
v 0.0895812 -2.08515 0.0268175 
v 0.0784233 -2.11208 0.119911 
v 0.0784233 -2.11208 0.0268175 
v 0.0752363 -2.11978 0.0268175 
v 0.0752363 -2.11978 0.119911 
v 0.0895812 -2.15441 0.0268175 
v 0.0895812 -2.15441 0.119911 
v 0.306834 -0.772343 -0.0372812 
v 0.306834 -0.772343 -0.130378 
v 0.29249 -0.737709 -0.0372812 
v 0.29249 -0.737709 -0.130378 
v 0.306834 -0.703079 -0.0372812 
v 0.306834 -0.703079 -0.130378 
v 0.0895812 -2.08515 -0.0372812 
v 0.0895812 -2.08515 -0.130378 
v 0.0784233 -2.11208 -0.0372812 
v 0.0784233 -2.11208 -0.130378 
v 0.0752363 -2.11978 -0.130378 
v 0.0752363 -2.11978 -0.0372812 
v 0.0895812 -2.15441 -0.0372812 
v 0.158842 -2.15441 -0.0372812 
v 0.0895812 -2.15441 -0.130378 
v 0.158842 -2.15441 -0.130378 
v 0.0245264 -2.233 0.119911 
v 0.0245265 -2.233 0.0268175 
v 0.0591566 -2.21865 0.0268175 
v 0.0101816 -2.26763 0.0268175 
v 0.0101815 -2.26763 0.119911 
v 0.0245265 -2.30226 0.0268175 
v 0.0245264 -2.30226 0.119911 
v 0.0591566 -2.3166 0.0268175 
v 0.0245265 -2.233 -0.0372812 
v 0.0245265 -2.233 -0.130378 
v 0.0101816 -2.26763 -0.130378 
v 0.0101816 -2.26763 -0.0372812 
v 0.0245265 -2.30226 -0.0372812 
v 0.0245265 -2.30226 -0.130378 
v 0.289092 -0.543399 -0.0372812 
v 0.289092 -0.543399 -0.130378 
v 0.323722 -0.529054 -0.130378 
v 0.274747 -0.578029 -0.130378 
v 0.274747 -0.578029 -0.0372812 
v 0.282327 -0.596327 -0.0372812 
v 0.282876 -0.597654 -0.130378 
v 0.289092 -0.612663 -0.0372812 
v 0.289092 -0.612663 -0.130378 
v 0.323722 -0.627004 -0.130378 
v 0.323722 -0.627004 -0.0372812 
v 0.338731 -0.620788 -0.0372812 
v 0.19838 -0.357303 -0.0372812 
v 0.259394 0.169479 -0.0372812 
v 0.187581 -1.45486 -0.0372812 
v 0.0991423 -2.50056 -0.0372812 
v 0.289092 -0.543399 0.119911 
v 0.289092 -0.543399 0.0268175 
v 0.323722 -0.529054 0.0268175 
v 0.274747 -0.578029 0.0268175 
v 0.274747 -0.578029 0.119911 
v 0.282327 -0.596327 0.119911 
v 0.282876 -0.597654 0.0268175 
v 0.289092 -0.612663 0.119911 
v 0.289092 -0.612663 0.0268175 
v 0.323722 -0.627004 0.0268175 
v 0.323722 -0.627004 0.119911 
v 0.306834 -0.772342 0.119911 
v 0.306834 -0.772343 0.0268175 
v 0.29249 -0.737709 0.119911 
v 0.29249 -0.737709 0.0268175 
v 0.306834 -0.703079 0.119911 
v 0.306834 -0.703079 0.0268175 
v 0.366698 0.125032 0.119911 
v 0.366698 0.125032 0.0268175 
v 0.411146 0.0177276 0.119911 
v 0.411146 0.0177276 0.0268175 
v 0.366698 -0.0895767 0.119911 
v 0.366698 -0.0895767 0.0268175 
v 0.342155 -0.184478 0.119911 
v 0.342155 -0.184478 0.0268175 
v 0.35001 -0.380818 0.119911 
v 0.35001 -0.380818 0.0268175 
v 0.388294 -0.51924 0.119911 
v 0.388294 -0.51924 0.0268175 
v 0.426581 -0.578141 0.119911 
v 0.426581 -0.578144 0.0268175 
v 0.455051 -0.932541 0.119911 
v 0.455051 -0.932541 0.0268175 
v 0.452107 -1.22411 0.119911 
v 0.452107 -1.22411 0.0268175 
v 0.415019 -1.55691 0.119911 
v 0.415019 -1.55691 0.0268175 
v 0.36957 -1.79609 0.119911 
v 0.36957 -1.79609 0.0268175 
v 0.31219 -1.98868 0.119911 
v 0.31219 -1.98868 0.0268175 
v 0.196862 -2.29603 0.119911 
v 0.196862 -2.29603 0.0268175 
v 0.0991423 -2.50056 0.119911 
v 0.0991423 -2.50056 0.0268175 
v -0.00350295 -2.64226 0.0268175 
v 0.0264255 -2.61134 0.119911 
v -0.00350296 -2.64226 0.119911 
v 0.0264255 -2.61134 0.0268175 
v 0.366698 0.125032 -0.0372812 
v 0.366698 0.125032 -0.130378 
v 0.411146 0.0177276 -0.0372812 
v 0.411146 0.0177276 -0.130378 
v 0.366698 -0.0895767 -0.0372812 
v 0.366698 -0.0895767 -0.130378 
v 0.342155 -0.184478 -0.0372812 
v 0.342155 -0.184478 -0.130378 
v 0.35001 -0.380818 -0.0372812 
v 0.35001 -0.380818 -0.130378 
v 0.388294 -0.51924 -0.0372812 
v 0.388294 -0.51924 -0.130378 
v 0.426581 -0.578141 -0.130378 
v 0.426581 -0.578144 -0.0372812 
v 0.455051 -0.932541 -0.130378 
v 0.455051 -0.932541 -0.0372812 
v 0.452107 -1.22411 -0.0372812 
v 0.452107 -1.22411 -0.130378 
v 0.415019 -1.55691 -0.0372812 
v 0.415019 -1.55691 -0.130378 
v 0.36957 -1.79609 -0.0372812 
v 0.36957 -1.79609 -0.130378 
v 0.31219 -1.98868 -0.0372812 
v 0.31219 -1.98868 -0.130378 
v 0.196862 -2.29603 -0.0372812 
v 0.196862 -2.29603 -0.130378 
v -0.0483874 -2.64364 -0.130378 
v 0.0991423 -2.50056 -0.0372812 
v 0.0991423 -2.50056 -0.130378 
v -0.00350294 -2.64226 -0.130378 
v 0.0264255 -2.61134 -0.0372812 
v -0.00350295 -2.64226 -0.0372812 
v 0.0264255 -2.61134 -0.130378 
v 0.158841 -2.15441 0.119911 
v -0.0951546 -2.30796 0.119911 
v 0.0895812 -2.15441 0.0268175 
v 0.158842 -2.15441 0.0268175 
v 0.0895812 -2.15441 0.119911 
v 0.158841 -2.15441 0.119911 
v 0.104399 -2.16054 0.0268175 
v 0.124211 -2.16875 0.119911 
v 0.10459 -2.16062 0.119911 
v 0.124211 -2.16875 0.0268175 
v 0.376095 -0.772343 -0.130378 
v 0.376095 -0.772343 -0.0372812 
v 0.341465 -0.786684 -0.0372812 
v 0.341465 -0.786684 -0.130378 
v 0.306834 -0.772343 -0.0372812 
v 0.306834 -0.772343 -0.130378 
v 0.0895812 -2.15441 -0.0372812 
v 0.158842 -2.15441 -0.0372812 
v 0.0895812 -2.15441 -0.130378 
v 0.158842 -2.15441 -0.130378 
v 0.104399 -2.16054 -0.130378 
v 0.124211 -2.16875 -0.0372812 
v 0.10459 -2.16062 -0.0372812 
v 0.124211 -2.16875 -0.130378 
v 0.0101816 -2.26763 0.0268175 
v 0.0101815 -2.26763 0.119911 
v 0.0245265 -2.30226 0.0268175 
v 0.0245264 -2.30226 0.119911 
v 0.0591566 -2.3166 0.0268175 
v 0.0591566 -2.3166 0.119911 
v 0.0937868 -2.30226 0.0268175 
v 0.0937867 -2.30226 0.119911 
v 0.0101816 -2.26763 -0.130378 
v 0.0101816 -2.26763 -0.0372812 
v 0.0245265 -2.30226 -0.0372812 
v 0.0245265 -2.30226 -0.130378 
v 0.0591566 -2.3166 -0.130378 
v 0.0591566 -2.3166 -0.0372812 
v 0.108132 -2.26763 -0.130378 
v 0.0937868 -2.30226 -0.130378 
v 0.108132 -2.26763 -0.0372812 
v 0.0937868 -2.30226 -0.0372812 
v 0.274747 -0.578029 -0.130378 
v 0.372697 -0.578029 -0.130378 
v 0.289092 -0.612663 -0.0372812 
v 0.289092 -0.612663 -0.130378 
v 0.358353 -0.612663 -0.130378 
v 0.323722 -0.627004 -0.130378 
v 0.358353 -0.612663 -0.0372812 
v 0.323722 -0.627004 -0.0372812 
v 0.34938 -0.616379 -0.130378 
v 0.338731 -0.620788 -0.0372812 
v -0.0951546 -2.30796 -0.0372812 
v 0.289092 -0.612663 0.119911 
v 0.289092 -0.612663 0.0268175 
v 0.358353 -0.612663 0.0268175 
v 0.323722 -0.627004 0.0268175 
v 0.358353 -0.612663 0.119911 
v 0.323722 -0.627004 0.119911 
v 0.34938 -0.616379 0.0268175 
v 0.338731 -0.620788 0.119911 
v 0.376095 -0.772343 0.0268175 
v 0.376095 -0.772342 0.119911 
v 0.341465 -0.786684 0.119911 
v 0.341465 -0.786684 0.0268175 
v 0.306834 -0.772342 0.119911 
v 0.306834 -0.772343 0.0268175 
v 0.107642 0.0177276 0.119911 
v 0.107642 0.0177276 0.0268175 
v 0.15209 0.125032 0.119911 
v 0.15209 0.125032 0.0268175 
v 0.259394 0.169479 0.119911 
v 0.259394 0.169479 0.0268175 
v 0.366698 0.125032 0.119911 
v 0.366698 0.125032 0.0268175 
v 0.411146 0.0177276 0.0268175 
v -0.153099 -2.39659 0.119911 
v -0.178664 -2.42216 0.0268175 
v -0.178668 -2.42216 0.119911 
v -0.207072 -2.43295 0.0268175 
v -0.207072 -2.43295 0.119911 
v 0.107642 0.0177276 -0.0372812 
v 0.107642 0.0177276 -0.130378 
v 0.15209 0.125032 -0.0372812 
v 0.15209 0.125032 -0.130378 
v 0.259394 0.169479 -0.0372812 
v 0.259394 0.169479 -0.130378 
v 0.366698 0.125032 -0.0372812 
v 0.366698 0.125032 -0.130378 
v 0.411146 0.0177276 -0.130378 
v -0.153099 -2.39659 -0.130378 
v -0.178664 -2.42216 -0.0372812 
v -0.178668 -2.42216 -0.130378 
v -0.207072 -2.43295 -0.0372812 
v -0.207072 -2.43295 -0.130378 
v 0.19838 -0.357303 0.119911 
v 0.289092 -0.543399 0.119911 
v 0.35001 -0.380818 0.119911 
v 0.323722 -0.529054 0.119911 
v 0.388294 -0.51924 0.119911 
v 0.358353 -0.543399 0.119911 
v 0.372697 -0.578029 0.119911 
v 0.342155 -0.184478 0.119911 
v 0.426581 -0.578141 0.119911 
v 0.180382 -0.137234 0.119911 
v 0.366698 -0.0895767 0.119911 
v 0.229794 -0.622365 0.119911 
v 0.358353 -0.612663 0.119911 
v 0.274747 -0.578029 0.119911 
v 0.166816 -0.0895767 0.119911 
v 0.282327 -0.596327 0.119911 
v 0.289092 -0.612663 0.119911 
v 0.411146 0.0177276 0.119911 
v 0.366698 0.125032 0.119911 
v 0.259394 0.169479 0.119911 
v 0.15209 0.125032 0.119911 
v 0.107642 0.0177276 0.119911 
v 0.306834 -0.703079 0.119911 
v 0.323722 -0.627004 0.119911 
v 0.29249 -0.737709 0.119911 
v 0.326456 -0.69495 0.119911 
v 0.341465 -0.688734 0.119911 
v 0.338731 -0.620788 0.119911 
v 0.376095 -0.703079 0.119911 
v 0.39044 -0.737709 0.119911 
v 0.239611 -0.890371 0.119911 
v 0.306834 -0.772342 0.119911 
v 0.341465 -0.786684 0.119911 
v 0.455051 -0.932541 0.119911 
v 0.376095 -0.772342 0.119911 
v 0.227829 -1.125 0.119911 
v 0.452107 -1.22411 0.119911 
v 0.187581 -1.45486 0.119911 
v 0.415019 -1.55691 0.119911 
v 0.11395 -1.77097 0.119911 
v 0.36957 -1.79609 0.119911 
v 0.31219 -1.98868 0.119911 
v 0.124211 -2.0708 0.119911 
v 0.158841 -2.08515 0.119911 
v 0.173186 -2.11978 0.119911 
v 0.0197065 -2.04585 0.119911 
v 0.196862 -2.29603 0.119911 
v 0.0895812 -2.08515 0.119911 
v 0.0784233 -2.11208 0.119911 
v 0.158841 -2.15441 0.119911 
v 0.0752363 -2.11978 0.119911 
v 0.108132 -2.26763 0.119911 
v 0.124211 -2.16875 0.119911 
v 0.0937867 -2.30226 0.119911 
v 0.0937867 -2.233 0.119911 
v 0.10459 -2.16062 0.119911 
v 0.0799445 -2.22727 0.119911 
v 0.0895812 -2.15441 0.119911 
v 0.0591566 -2.21865 0.119911 
v 0.0245264 -2.233 0.119911 
v -0.0951546 -2.30796 0.119911 
v 0.0101815 -2.26763 0.119911 
v 0.0245264 -2.30226 0.119911 
v -0.153099 -2.39659 0.119911 
v 0.0991423 -2.50056 0.119911 
v 0.0591566 -2.3166 0.119911 
v 0.0264255 -2.61134 0.119911 
v -0.201959 -2.5034 0.119911 
v -0.178668 -2.42216 0.119911 
v -0.0483874 -2.64364 0.119911 
v -0.00350296 -2.64226 0.119911 
v -0.213321 -2.45852 0.119911 
v -0.207072 -2.43295 0.119911 
v 0.158842 -2.15441 -0.0372812 
v 0.0101816 -2.26763 -0.0372812 
v 0.338731 -0.620788 -0.0372812 
v 0.19838 -0.357303 -0.0372812 
v 0.289092 -0.543399 -0.0372812 
v 0.35001 -0.380818 -0.0372812 
v 0.323722 -0.529054 -0.0372812 
v 0.388294 -0.51924 -0.0372812 
v 0.358353 -0.543399 -0.0372812 
v 0.372697 -0.578029 -0.0372812 
v 0.342155 -0.184478 -0.0372812 
v 0.426581 -0.578144 -0.0372812 
v 0.180382 -0.137234 -0.0372812 
v 0.366698 -0.0895767 -0.0372812 
v 0.229794 -0.622365 -0.0372812 
v 0.358353 -0.612663 -0.0372812 
v 0.274747 -0.578029 -0.0372812 
v 0.166816 -0.0895767 -0.0372812 
v 0.282327 -0.596327 -0.0372812 
v 0.289092 -0.612663 -0.0372812 
v 0.411146 0.0177276 -0.0372812 
v 0.366698 0.125032 -0.0372812 
v 0.259394 0.169479 -0.0372812 
v 0.15209 0.125032 -0.0372812 
v 0.107642 0.0177276 -0.0372812 
v 0.306834 -0.703079 -0.0372812 
v 0.323722 -0.627004 -0.0372812 
v 0.29249 -0.737709 -0.0372812 
v 0.326456 -0.69495 -0.0372812 
v 0.341465 -0.688734 -0.0372812 
v 0.338731 -0.620788 -0.0372812 
v 0.376095 -0.703079 -0.0372812 
v 0.39044 -0.737709 -0.0372812 
v 0.239611 -0.890371 -0.0372812 
v 0.306834 -0.772343 -0.0372812 
v 0.341465 -0.786684 -0.0372812 
v 0.455051 -0.932541 -0.0372812 
v 0.376095 -0.772343 -0.0372812 
v 0.227829 -1.125 -0.0372812 
v 0.452107 -1.22411 -0.0372812 
v 0.187581 -1.45486 -0.0372812 
v 0.415019 -1.55691 -0.0372812 
v 0.11395 -1.77097 -0.0372812 
v 0.36957 -1.79609 -0.0372812 
v 0.31219 -1.98868 -0.0372812 
v 0.124211 -2.0708 -0.0372812 
v 0.158842 -2.08515 -0.0372812 
v 0.173186 -2.11978 -0.0372812 
v 0.0197065 -2.04585 -0.0372812 
v 0.196862 -2.29603 -0.0372812 
v 0.0895812 -2.08515 -0.0372812 
v 0.0784233 -2.11208 -0.0372812 
v 0.158842 -2.15441 -0.0372812 
v 0.0752363 -2.11978 -0.0372812 
v 0.108132 -2.26763 -0.0372812 
v 0.124211 -2.16875 -0.0372812 
v 0.0937868 -2.30226 -0.0372812 
v 0.0937868 -2.233 -0.0372812 
v 0.10459 -2.16062 -0.0372812 
v 0.0799446 -2.22727 -0.0372812 
v 0.0895812 -2.15441 -0.0372812 
v 0.0591566 -2.21865 -0.0372812 
v 0.0245265 -2.233 -0.0372812 
v -0.0951546 -2.30796 -0.0372812 
v 0.0101816 -2.26763 -0.0372812 
v 0.0245265 -2.30226 -0.0372812 
v -0.153099 -2.39659 -0.0372812 
v 0.0991423 -2.50056 -0.0372812 
v 0.0591566 -2.3166 -0.0372812 
v 0.0264255 -2.61134 -0.0372812 
v -0.201959 -2.5034 -0.0372812 
v -0.178664 -2.42216 -0.0372812 
v -0.0483874 -2.64364 -0.0372812 
v -0.00350295 -2.64226 -0.0372812 
v -0.213321 -2.45852 -0.0372812 
v -0.207072 -2.43295 -0.0372812 
v 0.19838 -0.357303 0.119911 
v 0.259394 0.169479 0.119911 
v 0.338731 -0.620788 0.119911 
v 0.415019 -1.55691 0.119911 
v -0.0951546 -2.30796 0.119911 
v -0.0483874 -2.64364 0.119911 
v 0.158842 -2.08515 0.0268175 
v 0.158841 -2.08515 0.119911 
v 0.173186 -2.11978 0.0268175 
v 0.173186 -2.11978 0.119911 
v 0.158842 -2.15441 0.0268175 
v 0.158841 -2.15441 0.119911 
v 0.341465 -0.688734 -0.0372812 
v 0.376095 -0.703079 -0.130378 
v 0.376095 -0.703079 -0.0372812 
v 0.39044 -0.737709 -0.130378 
v 0.39044 -0.737709 -0.0372812 
v 0.376095 -0.772343 -0.130378 
v 0.376095 -0.772343 -0.0372812 
v 0.306834 -0.772343 -0.0372812 
v 0.306834 -0.772343 -0.130378 
v 0.0895812 -2.08515 -0.130378 
v 0.158842 -2.08515 -0.130378 
v 0.158842 -2.08515 -0.0372812 
v 0.173186 -2.11978 -0.130378 
v 0.173186 -2.11978 -0.0372812 
v 0.158842 -2.15441 -0.0372812 
v 0.158842 -2.15441 -0.130378 
v 0.0591566 -2.21865 0.0268175 
v 0.0591566 -2.21865 0.119911 
v 0.0937867 -2.233 0.119911 
v 0.0591566 -2.3166 0.0268175 
v 0.0937868 -2.233 0.0268175 
v 0.108132 -2.26763 0.0268175 
v 0.0937868 -2.30226 0.0268175 
v 0.108132 -2.26763 0.119911 
v 0.0937867 -2.30226 0.119911 
v 0.0937868 -2.233 -0.0372812 
v 0.0937868 -2.233 -0.130378 
v 0.108132 -2.26763 -0.130378 
v 0.0937868 -2.30226 -0.130378 
v 0.108132 -2.26763 -0.0372812 
v 0.0937868 -2.30226 -0.0372812 
v 0.323722 -0.529054 -0.130378 
v 0.358353 -0.543399 -0.130378 
v 0.358353 -0.543399 -0.0372812 
v 0.372697 -0.578029 -0.130378 
v 0.372697 -0.578029 -0.0372812 
v 0.358353 -0.612663 -0.130378 
v 0.323722 -0.627004 -0.130378 
v 0.358353 -0.612663 -0.0372812 
v 0.323722 -0.627004 -0.0372812 
v 0.338731 -0.620788 -0.0372812 
v 0.19838 -0.357303 -0.0372812 
v 0.259394 0.169479 -0.0372812 
v 0.452107 -1.22411 -0.0372812 
v -0.0951546 -2.30796 -0.0372812 
v -0.201959 -2.5034 -0.0372812 
v 0.358353 -0.543399 0.0268175 
v 0.358353 -0.543399 0.119911 
v 0.372697 -0.578029 0.0268175 
v 0.372697 -0.578029 0.119911 
v 0.358353 -0.612663 0.0268175 
v 0.323722 -0.627004 0.0268175 
v 0.358353 -0.612663 0.119911 
v 0.323722 -0.627004 0.119911 
v 0.341465 -0.688734 0.0268175 
v 0.341465 -0.688734 0.119911 
v 0.376095 -0.703079 0.0268175 
v 0.376095 -0.703079 0.119911 
v 0.39044 -0.737709 0.0268175 
v 0.39044 -0.737709 0.119911 
v 0.376095 -0.772343 0.0268175 
v 0.376095 -0.772342 0.119911 
v 0.306834 -0.772342 0.119911 
v 0.306834 -0.772343 0.0268175 
v 0.166816 -0.0895767 0.0268175 
v 0.107642 0.0177276 0.119911 
v 0.107642 0.0177276 0.0268175 
v 0.15209 0.125032 0.119911 
v 0.166816 -0.0895767 0.119911 
v 0.15209 0.125032 0.0268175 
v 0.180382 -0.137234 0.0268175 
v 0.180382 -0.137234 0.119911 
v 0.19838 -0.357303 0.0268175 
v 0.19838 -0.357303 0.119911 
v 0.229794 -0.622365 0.0268175 
v 0.229794 -0.622365 0.119911 
v 0.239611 -0.890371 0.0268175 
v 0.239611 -0.890371 0.119911 
v 0.227829 -1.125 0.0268175 
v 0.227829 -1.125 0.119911 
v 0.187581 -1.45486 0.0268175 
v 0.187581 -1.45486 0.119911 
v 0.11395 -1.77097 0.0268175 
v 0.11395 -1.77097 0.119911 
v 0.0197065 -2.04585 0.0268175 
v 0.0197065 -2.04585 0.119911 
v -0.0951546 -2.30796 0.0268175 
v -0.0951546 -2.30796 0.119911 
v -0.153099 -2.39659 0.0268175 
v -0.153099 -2.39659 0.119911 
v -0.178664 -2.42216 0.0268175 
v -0.207072 -2.43295 0.0268175 
v -0.207072 -2.43295 0.119911 
v -0.213321 -2.45852 0.0268175 
v -0.213321 -2.45852 0.119911 
v -0.201959 -2.5034 0.0268175 
v -0.201959 -2.5034 0.119911 
v 0.166816 -0.0895767 -0.130378 
v 0.107642 0.0177276 -0.0372812 
v 0.107642 0.0177276 -0.130378 
v 0.15209 0.125032 -0.0372812 
v 0.166816 -0.0895767 -0.0372812 
v 0.15209 0.125032 -0.130378 
v 0.180382 -0.137234 -0.130378 
v 0.180382 -0.137234 -0.0372812 
v 0.19838 -0.357303 -0.130378 
v 0.19838 -0.357303 -0.0372812 
v 0.229794 -0.622365 -0.130378 
v 0.229794 -0.622365 -0.0372812 
v 0.239611 -0.890371 -0.130378 
v 0.239611 -0.890371 -0.0372812 
v 0.227829 -1.125 -0.130378 
v 0.227829 -1.125 -0.0372812 
v 0.187581 -1.45486 -0.130378 
v 0.187581 -1.45486 -0.0372812 
v 0.11395 -1.77097 -0.130378 
v 0.11395 -1.77097 -0.0372812 
v 0.0197065 -2.04585 -0.130378 
v 0.0197065 -2.04585 -0.0372812 
v -0.0951545 -2.30796 -0.130378 
v -0.0951546 -2.30796 -0.0372812 
v -0.153099 -2.39659 -0.130378 
v -0.153099 -2.39659 -0.0372812 
v -0.178664 -2.42216 -0.0372812 
v -0.207072 -2.43295 -0.0372812 
v -0.207072 -2.43295 -0.130378 
v -0.213321 -2.45852 -0.130378 
v -0.213321 -2.45852 -0.0372812 
v -0.201959 -2.5034 -0.130378 
v -0.201959 -2.5034 -0.0372812 
v 0.158841 -2.15441 0.119911 
v -0.0951546 -2.30796 0.119911 
v 0.0991423 -2.50056 0.119911 
v -0.0483874 -2.64364 0.119911 
v 0.0895812 -2.08515 0.119911 
v 0.0895812 -2.08515 0.0268175 
v 0.124211 -2.0708 0.0268175 
v 0.124211 -2.0708 0.119911 
v 0.158842 -2.08515 0.0268175 
v 0.158841 -2.08515 0.119911 
v 0.0895812 -2.15441 0.0268175 
v 0.158842 -2.15441 0.0268175 
v 0.0895812 -2.15441 0.119911 
v 0.341465 -0.688734 -0.130378 
v 0.326456 -0.69495 -0.0372812 
v 0.316198 -0.699199 -0.130378 
v 0.306834 -0.703079 -0.0372812 
v 0.306834 -0.703079 -0.130378 
v 0.341465 -0.688734 -0.0372812 
v 0.376095 -0.703079 -0.130378 
v 0.376095 -0.703079 -0.0372812 
v 0.0895812 -2.08515 -0.0372812 
v 0.0895812 -2.08515 -0.130378 
v 0.124211 -2.0708 -0.130378 
v 0.124211 -2.0708 -0.0372812 
v 0.158842 -2.08515 -0.130378 
v 0.158842 -2.08515 -0.0372812 
v 0.158842 -2.15441 -0.0372812 
v 0.0245264 -2.233 0.119911 
v 0.0245265 -2.233 0.0268175 
v 0.0591566 -2.21865 0.0268175 
v 0.0101816 -2.26763 0.0268175 
v 0.0591566 -2.21865 0.119911 
v 0.0101815 -2.26763 0.119911 
v 0.0799446 -2.22727 0.0268175 
v 0.0799445 -2.22727 0.119911 
v 0.0937867 -2.233 0.119911 
v 0.0937868 -2.233 0.0268175 
v 0.0937867 -2.30226 0.119911 
v 0.0245265 -2.233 -0.0372812 
v 0.0245265 -2.233 -0.130378 
v 0.0591566 -2.21865 -0.130378 
v 0.0101816 -2.26763 -0.130378 
v 0.0591566 -2.21865 -0.0372812 
v 0.0101816 -2.26763 -0.0372812 
v 0.0799446 -2.22727 -0.130378 
v 0.0799446 -2.22727 -0.0372812 
v 0.0937868 -2.233 -0.0372812 
v 0.0937868 -2.233 -0.130378 
v 0.108132 -2.26763 -0.130378 
v 0.289092 -0.543399 -0.0372812 
v 0.289092 -0.543399 -0.130378 
v 0.323722 -0.529054 -0.130378 
v 0.274747 -0.578029 -0.130378 
v 0.323722 -0.529054 -0.0372812 
v 0.274747 -0.578029 -0.0372812 
v 0.358353 -0.543399 -0.130378 
v 0.358353 -0.543399 -0.0372812 
v 0.372697 -0.578029 -0.130378 
v 0.323722 -0.627004 -0.0372812 
v -0.0951546 -2.30796 -0.0372812 
v 0.0991423 -2.50056 -0.0372812 
v -0.201959 -2.5034 -0.0372812 
v 0.289092 -0.543399 0.119911 
v 0.289092 -0.543399 0.0268175 
v 0.323722 -0.529054 0.0268175 
v 0.323722 -0.529054 0.119911 
v 0.274747 -0.578029 0.119911 
v 0.358353 -0.543399 0.0268175 
v 0.358353 -0.543399 0.119911 
v 0.341465 -0.688734 0.0268175 
v 0.326456 -0.69495 0.119911 
v 0.316198 -0.699199 0.0268175 
v 0.306834 -0.703079 0.119911 
v 0.306834 -0.703079 0.0268175 
v 0.341465 -0.688734 0.119911 
v 0.376095 -0.703079 0.0268175 
v 0.376095 -0.703079 0.119911 
v -0.201959 -2.5034 0.0268175 
v -0.201959 -2.5034 0.119911 
v -0.0483874 -2.64364 0.0268175 
v -0.0483874 -2.64364 0.119911 
v 0.0991423 -2.50056 0.0268175 
v -0.00350295 -2.64226 0.0268175 
v -0.00350296 -2.64226 0.119911 
v -0.201959 -2.5034 -0.130378 
v -0.201959 -2.5034 -0.0372812 
v -0.0483874 -2.64364 -0.130378 
v -0.0483874 -2.64364 -0.0372812 
v -0.00350294 -2.64226 -0.130378 
v -0.00350295 -2.64226 -0.0372812 
v 0.388294 -0.51924 -0.130378 
v 0.372697 -0.578029 -0.130378 
v 0.358353 -0.543399 -0.130378 
v 0.323722 -0.529054 -0.130378 
v 0.35001 -0.380818 -0.130378 
v 0.426581 -0.578141 -0.130378 
v 0.289092 -0.543399 -0.130378 
v 0.358353 -0.612663 -0.130378 
v 0.19838 -0.357303 -0.130378 
v 0.342155 -0.184478 -0.130378 
v 0.180382 -0.137234 -0.130378 
v 0.366698 -0.0895767 -0.130378 
v 0.229794 -0.622365 -0.130378 
v 0.166816 -0.0895767 -0.130378 
v 0.274747 -0.578029 -0.130378 
v 0.411146 0.0177276 -0.130378 
v 0.366698 0.125032 -0.130378 
v 0.259394 0.169479 -0.130378 
v 0.15209 0.125032 -0.130378 
v 0.107642 0.0177276 -0.130378 
v 0.282876 -0.597654 -0.130378 
v 0.289092 -0.612663 -0.130378 
v 0.306834 -0.703079 -0.130378 
v 0.323722 -0.627004 -0.130378 
v 0.29249 -0.737709 -0.130378 
v 0.316198 -0.699199 -0.130378 
v 0.341465 -0.688734 -0.130378 
v 0.34938 -0.616379 -0.130378 
v 0.376095 -0.703079 -0.130378 
v 0.39044 -0.737709 -0.130378 
v 0.239611 -0.890371 -0.130378 
v 0.306834 -0.772343 -0.130378 
v 0.341465 -0.786684 -0.130378 
v 0.455051 -0.932541 -0.130378 
v 0.376095 -0.772343 -0.130378 
v 0.227829 -1.125 -0.130378 
v 0.452107 -1.22411 -0.130378 
v 0.187581 -1.45486 -0.130378 
v 0.415019 -1.55691 -0.130378 
v 0.11395 -1.77097 -0.130378 
v 0.36957 -1.79609 -0.130378 
v 0.31219 -1.98868 -0.130378 
v 0.124211 -2.0708 -0.130378 
v 0.158842 -2.08515 -0.130378 
v 0.173186 -2.11978 -0.130378 
v 0.0197065 -2.04585 -0.130378 
v 0.196862 -2.29603 -0.130378 
v 0.0895812 -2.08515 -0.130378 
v 0.0784233 -2.11208 -0.130378 
v 0.158842 -2.15441 -0.130378 
v 0.0752363 -2.11978 -0.130378 
v 0.108132 -2.26763 -0.130378 
v 0.124211 -2.16875 -0.130378 
v 0.0937868 -2.30226 -0.130378 
v 0.0937868 -2.233 -0.130378 
v 0.104399 -2.16054 -0.130378 
v 0.0799446 -2.22727 -0.130378 
v 0.0895812 -2.15441 -0.130378 
v 0.0591566 -2.21865 -0.130378 
v 0.0245265 -2.233 -0.130378 
v -0.0951545 -2.30796 -0.130378 
v 0.0101816 -2.26763 -0.130378 
v 0.0245265 -2.30226 -0.130378 
v -0.153099 -2.39659 -0.130378 
v 0.0991423 -2.50056 -0.130378 
v 0.0591566 -2.3166 -0.130378 
v 0.0264255 -2.61134 -0.130378 
v -0.201959 -2.5034 -0.130378 
v -0.178668 -2.42216 -0.130378 
v -0.0483874 -2.64364 -0.130378 
v -0.00350294 -2.64226 -0.130378 
v -0.213321 -2.45852 -0.130378 
v -0.207072 -2.43295 -0.130378 
v 0.338731 -0.620788 0.119911 
v 0.227829 -1.125 0.119911 
v 0.415019 -1.55691 0.119911 
v 0.158841 -2.15441 0.119911 
v 0.158842 -2.15441 -0.0372812 
v 0.0101816 -2.26763 -0.0372812 
v 0.452107 -1.22411 -0.0372812 
v 0.187581 -1.45486 -0.0372812 
v -0.0951546 -2.30796 -0.0372812 
v 0.0991423 -2.50056 -0.0372812 
v -0.201959 -2.5034 -0.0372812 
v 0.388294 -0.51924 0.0268175 
v 0.372697 -0.578029 0.0268175 
v 0.358353 -0.543399 0.0268175 
v 0.323722 -0.529054 0.0268175 
v 0.35001 -0.380818 0.0268175 
v 0.426581 -0.578144 0.0268175 
v 0.289092 -0.543399 0.0268175 
v 0.358353 -0.612663 0.0268175 
v 0.19838 -0.357303 0.0268175 
v 0.342155 -0.184478 0.0268175 
v 0.180382 -0.137234 0.0268175 
v 0.366698 -0.0895767 0.0268175 
v 0.229794 -0.622365 0.0268175 
v 0.166816 -0.0895767 0.0268175 
v 0.274747 -0.578029 0.0268175 
v 0.411146 0.0177276 0.0268175 
v 0.366698 0.125032 0.0268175 
v 0.259394 0.169479 0.0268175 
v 0.15209 0.125032 0.0268175 
v 0.107642 0.0177276 0.0268175 
v 0.282876 -0.597654 0.0268175 
v 0.289092 -0.612663 0.0268175 
v 0.306834 -0.703079 0.0268175 
v 0.323722 -0.627004 0.0268175 
v 0.29249 -0.737709 0.0268175 
v 0.316198 -0.699199 0.0268175 
v 0.341465 -0.688734 0.0268175 
v 0.34938 -0.616379 0.0268175 
v 0.376095 -0.703079 0.0268175 
v 0.39044 -0.737709 0.0268175 
v 0.239611 -0.890371 0.0268175 
v 0.306834 -0.772343 0.0268175 
v 0.341465 -0.786684 0.0268175 
v 0.455051 -0.932541 0.0268175 
v 0.376095 -0.772343 0.0268175 
v 0.227829 -1.125 0.0268175 
v 0.452107 -1.22411 0.0268175 
v 0.187581 -1.45486 0.0268175 
v 0.415019 -1.55691 0.0268175 
v 0.11395 -1.77097 0.0268175 
v 0.36957 -1.79609 0.0268175 
v 0.31219 -1.98868 0.0268175 
v 0.124211 -2.0708 0.0268175 
v 0.158842 -2.08515 0.0268175 
v 0.173186 -2.11978 0.0268175 
v 0.0197065 -2.04585 0.0268175 
v 0.196862 -2.29603 0.0268175 
v 0.0895812 -2.08515 0.0268175 
v 0.0784233 -2.11208 0.0268175 
v 0.158842 -2.15441 0.0268175 
v 0.0752363 -2.11978 0.0268175 
v 0.108132 -2.26763 0.0268175 
v 0.124211 -2.16875 0.0268175 
v 0.0937868 -2.30226 0.0268175 
v 0.0937868 -2.233 0.0268175 
v 0.104399 -2.16054 0.0268175 
v 0.0799446 -2.22727 0.0268175 
v 0.0895812 -2.15441 0.0268175 
v 0.0591566 -2.21865 0.0268175 
v 0.0245265 -2.233 0.0268175 
v -0.0951546 -2.30796 0.0268175 
v 0.0101816 -2.26763 0.0268175 
v 0.0245265 -2.30226 0.0268175 
v -0.153099 -2.39659 0.0268175 
v 0.0991423 -2.50056 0.0268175 
v 0.0591566 -2.3166 0.0268175 
v 0.0264255 -2.61134 0.0268175 
v -0.201959 -2.5034 0.0268175 
v -0.178664 -2.42216 0.0268175 
v -0.0483874 -2.64364 0.0268175 
v -0.00350295 -2.64226 0.0268175 
v -0.213321 -2.45852 0.0268175 
v -0.207072 -2.43295 0.0268175 

vn 0 0 1 
vn 0 0 1 
vn 0 0 1 
vn 0 0 1 
vn 0 0 1 
vn 0 0 1 
vn 0.708661 -0.708661 0 
vn 0.708661 -0.708661 0 
vn 0.92126 -0.385827 0 
vn 0.92126 -0.385827 0 
vn 1 0 0 
vn 1 0 0 
vn 0.708661 0.708661 0 
vn 0.708661 0.708661 0 
vn 0.708661 0.708661 0 
vn 0.708661 0.708661 0 
vn 1 0 0 
vn 1 0 0 
vn 0.92126 -0.385827 0 
vn 0.92126 -0.385827 0 
vn 0.708661 -0.708661 0 
vn 0.708661 -0.708661 0 
vn 0.92126 -0.385827 0 
vn 0.92126 -0.385827 0 
vn 1 0 0 
vn 1 0 0 
vn 0.708661 0.708661 0 
vn -0.708661 0.708661 0 
vn 0.708661 0.708661 0 
vn -0.708661 0.708661 0 
vn 0.708661 -0.708661 0 
vn 0.708661 -0.708661 0 
vn 0 -1 0 
vn 1 0 0 
vn 1 0 0 
vn 0.708661 0.708661 0 
vn 0.708661 0.708661 0 
vn 0 1 0 
vn 0.708661 -0.708661 0 
vn 0.708661 -0.708661 0 
vn 1 0 0 
vn 1 0 0 
vn 0.708661 0.708661 0 
vn 0.708661 0.708661 0 
vn 0.708661 -0.708661 0 
vn 0.708661 -0.708661 0 
vn 0 -1 0 
vn 1 0 0 
vn 1 0 0 
vn 0.92126 0.385827 0 
vn 0.92126 0.385827 0 
vn 0.708661 0.708661 0 
vn 0.708661 0.708661 0 
vn 0 1 0 
vn 0 1 0 
vn -0.385827 0.92126 0 
vn 0 0 1 
vn 0 0 1 
vn 0 0 1 
vn 0 0 1 
vn 0.708661 -0.708661 0 
vn 0.708661 -0.708661 0 
vn 0 -1 0 
vn 1 0 0 
vn 1 0 0 
vn 0.92126 0.385827 0 
vn 0.92126 0.385827 0 
vn 0.708661 0.708661 0 
vn 0.708661 0.708661 0 
vn 0 1 0 
vn 0 1 0 
vn 0.708661 0.708661 0 
vn 0.708661 0.708661 0 
vn 1 0 0 
vn 1 0 0 
vn 0.92126 -0.385827 0 
vn 0.92126 -0.385827 0 
vn 0.708661 0.708661 0 
vn 0.708661 0.708661 0 
vn 1 0 0 
vn 1 0 0 
vn 0.944882 -0.314961 0 
vn 0.944882 -0.314961 0 
vn 0.992126 -0.102362 0 
vn 0.992126 -0.102362 0 
vn 0.984252 0.15748 0 
vn 0.984252 0.15748 0 
vn 0.913386 0.409449 0 
vn 0.913386 0.409449 0 
vn 0.944882 0.322835 0 
vn 0.944882 0.322835 0 
vn 1 0.0314961 0 
vn 1 0.0314961 0 
vn 1 -0.0629921 0 
vn 1 -0.0629921 0 
vn 0.992126 -0.149606 0 
vn 0.992126 -0.149606 0 
vn 0.968504 -0.23622 0 
vn 0.968504 -0.23622 0 
vn 0.944882 -0.314961 0 
vn 0.944882 -0.314961 0 
vn 0.92126 -0.393701 0 
vn 0.92126 -0.393701 0 
vn 0.874016 -0.488189 0 
vn 0.874016 -0.488189 0 
vn 0.401575 -0.913386 0 
vn 0.779528 -0.622047 0 
vn 0.401575 -0.913386 0 
vn 0.779528 -0.622047 0 
vn 0.708661 0.708661 0 
vn 0.708661 0.708661 0 
vn 1 0 0 
vn 1 0 0 
vn 0.944882 -0.314961 0 
vn 0.944882 -0.314961 0 
vn 0.992126 -0.102362 0 
vn 0.992126 -0.102362 0 
vn 0.984252 0.15748 0 
vn 0.984252 0.15748 0 
vn 0.913386 0.409449 0 
vn 0.913386 0.409449 0 
vn 0.944882 0.322835 0 
vn 0.944882 0.322835 0 
vn 1 0.0314961 0 
vn 1 0.0314961 0 
vn 1 -0.0629921 0 
vn 1 -0.0629921 0 
vn 0.992126 -0.149606 0 
vn 0.992126 -0.149606 0 
vn 0.968504 -0.23622 0 
vn 0.968504 -0.23622 0 
vn 0.944882 -0.314961 0 
vn 0.944882 -0.314961 0 
vn 0.92126 -0.393701 0 
vn 0.92126 -0.393701 0 
vn -0.346457 -0.937008 0 
vn 0.874016 -0.488189 0 
vn 0.874016 -0.488189 0 
vn 0.401575 -0.913386 0 
vn 0.779528 -0.622047 0 
vn 0.401575 -0.913386 0 
vn 0.779528 -0.622047 0 
vn 0 0 1 
vn 0 0 1 
vn 0.708661 0.708661 0 
vn -0.708661 0.708661 0 
vn 0.708661 0.708661 0 
vn -0.708661 0.708661 0 
vn 0.385827 0.92126 0 
vn 0 1 0 
vn 0.385827 0.92126 0 
vn 0 1 0 
vn -0.708661 0.708661 0 
vn -0.708661 0.708661 0 
vn 0 1 0 
vn 0 1 0 
vn 0.708661 0.708661 0 
vn 0.708661 0.708661 0 
vn 0.708661 0.708661 0 
vn -0.708661 0.708661 0 
vn 0.708661 0.708661 0 
vn -0.708661 0.708661 0 
vn 0.385827 0.92126 0 
vn 0 1 0 
vn 0.385827 0.92126 0 
vn 0 1 0 
vn 1 0 0 
vn 1 0 0 
vn 0.708661 0.708661 0 
vn 0.708661 0.708661 0 
vn 0 1 0 
vn 0 1 0 
vn -0.708661 0.708661 0 
vn -0.708661 0.708661 0 
vn 1 0 0 
vn 1 0 0 
vn 0.708661 0.708661 0 
vn 0.708661 0.708661 0 
vn 0 1 0 
vn 0 1 0 
vn -1 0 0 
vn -0.708661 0.708661 0 
vn -1 0 0 
vn -0.708661 0.708661 0 
vn 1 0 0 
vn -1 0 0 
vn 0.708661 0.708661 0 
vn 0.708661 0.708661 0 
vn -0.708661 0.708661 0 
vn 0 1 0 
vn -0.708661 0.708661 0 
vn 0 1 0 
vn -0.385827 0.92126 0 
vn -0.385827 0.92126 0 
vn 0 0 1 
vn 0.708661 0.708661 0 
vn 0.708661 0.708661 0 
vn -0.708661 0.708661 0 
vn 0 1 0 
vn -0.708661 0.708661 0 
vn 0 1 0 
vn -0.385827 0.92126 0 
vn -0.385827 0.92126 0 
vn -0.708661 0.708661 0 
vn -0.708661 0.708661 0 
vn 0 1 0 
vn 0 1 0 
vn 0.708661 0.708661 0 
vn 0.708661 0.708661 0 
vn -1 -0.0551181 0 
vn -1 -0.0551181 0 
vn -0.708661 0.708661 0 
vn -0.708661 0.708661 0 
vn 0 1 0 
vn 0 1 0 
vn 0.708661 0.708661 0 
vn 0.708661 0.708661 0 
vn 1 0 0 
vn -0.779528 0.629921 0 
vn -0.543307 0.84252 0 
vn -0.543307 0.84252 0 
vn -0.748031 0.661417 0 
vn -0.748031 0.661417 0 
vn -1 -0.0551181 0 
vn -1 -0.0551181 0 
vn -0.708661 0.708661 0 
vn -0.708661 0.708661 0 
vn 0 1 0 
vn 0 1 0 
vn 0.708661 0.708661 0 
vn 0.708661 0.708661 0 
vn 1 0 0 
vn -0.779528 0.629921 0 
vn -0.543307 0.84252 0 
vn -0.543307 0.84252 0 
vn -0.748031 0.661417 0 
vn -0.748031 0.661417 0 
vn 0 0 1 
vn 0 0 1 
vn 0 0 1 
vn 0 0 1 
vn 0 0 1 
vn 0 0 1 
vn 0 0 1 
vn 0 0 1 
vn 0 0 1 
vn 0 0 1 
vn 0 0 1 
vn 0 0 1 
vn 0 0 1 
vn 0 0 1 
vn 0 0 1 
vn 0 0 1 
vn 0 0 1 
vn 0 0 1 
vn 0 0 1 
vn 0 0 1 
vn 0 0 1 
vn 0 0 1 
vn 0 0 1 
vn 0 0 1 
vn 0 0 1 
vn 0 0 1 
vn 0 0 1 
vn 0 0 1 
vn 0 0 1 
vn 0 0 1 
vn 0 0 1 
vn 0 0 1 
vn 0 0 1 
vn 0 0 1 
vn 0 0 1 
vn 0 0 1 
vn 0 0 1 
vn 0 0 1 
vn 0 0 1 
vn 0 0 1 
vn 0 0 1 
vn 0 0 1 
vn 0 0 1 
vn 0 0 1 
vn 0 0 1 
vn 0 0 1 
vn 0 0 1 
vn 0 0 1 
vn 0 0 1 
vn 0 0 1 
vn 0 0 1 
vn 0 0 1 
vn 0 0 1 
vn 0 0 1 
vn 0 0 1 
vn 0 0 1 
vn 0 0 1 
vn 0 0 1 
vn 0 0 1 
vn 0 0 1 
vn 0 0 1 
vn 0 0 1 
vn 0 0 1 
vn 0 0 1 
vn 0 0 1 
vn 0 0 1 
vn 0 0 1 
vn 0 0 1 
vn 0 0 1 
vn 0 0 1 
vn 0 0 1 
vn 0 0 1 
vn 0 0 1 
vn -0.708661 0.708661 0 
vn 1 0 0 
vn -0.385827 0.92126 0 
vn 0 0 1 
vn 0 0 1 
vn 0 0 1 
vn 0 0 1 
vn 0 0 1 
vn 0 0 1 
vn 0 0 1 
vn 0 0 1 
vn 0 0 1 
vn 0 0 1 
vn 0 0 1 
vn 0 0 1 
vn 0 0 1 
vn 0 0 1 
vn 0 0 1 
vn 0 0 1 
vn 0 0 1 
vn 0 0 1 
vn 0 0 1 
vn 0 0 1 
vn 0 0 1 
vn 0 0 1 
vn 0 0 1 
vn 0 0 1 
vn 0 0 1 
vn 0 0 1 
vn 0 0 1 
vn 0 0 1 
vn 0 0 1 
vn 0 0 1 
vn 0 0 1 
vn 0 0 1 
vn 0 0 1 
vn 0 0 1 
vn 0 0 1 
vn 0 0 1 
vn 0 0 1 
vn 0 0 1 
vn 0 0 1 
vn 0 0 1 
vn 0 0 1 
vn 0 0 1 
vn 0 0 1 
vn 0 0 1 
vn 0 0 1 
vn 0 0 1 
vn 0 0 1 
vn 0 0 1 
vn 0 0 1 
vn 0 0 1 
vn 0 0 1 
vn 0 0 1 
vn 0 0 1 
vn 0 0 1 
vn 0 0 1 
vn 0 0 1 
vn 0 0 1 
vn 0 0 1 
vn 0 0 1 
vn 0 0 1 
vn 0 0 1 
vn 0 0 1 
vn 0 0 1 
vn 0 0 1 
vn 0 0 1 
vn 0 0 1 
vn 0 0 1 
vn 0 0 1 
vn 0 0 1 
vn 0 0 1 
vn 0 0 1 
vn 0 0 1 
vn 0 0 1 
vn 0 0 1 
vn 0 0 1 
vn 0 0 1 
vn 0 0 1 
vn 0 0 1 
vn 0 0 1 
vn -0.708661 -0.708661 0 
vn -0.708661 -0.708661 0 
vn -1 0 0 
vn -1 0 0 
vn -0.708661 0.708661 0 
vn -0.708661 0.708661 0 
vn 0 -1 0 
vn -0.708661 -0.708661 0 
vn -0.708661 -0.708661 0 
vn -1 0 0 
vn -1 0 0 
vn -0.708661 0.708661 0 
vn -0.708661 0.708661 0 
vn 0.708661 0.708661 0 
vn 0.708661 0.708661 0 
vn 0.708661 -0.708661 0 
vn -0.708661 -0.708661 0 
vn -0.708661 -0.708661 0 
vn -1 0 0 
vn -1 0 0 
vn -0.708661 0.708661 0 
vn -0.708661 0.708661 0 
vn 0 -1 0 
vn 0 -1 0 
vn -0.708661 -0.708661 0 
vn 0 1 0 
vn -0.708661 -0.708661 0 
vn -1 0 0 
vn -0.708661 0.708661 0 
vn -1 0 0 
vn -0.708661 0.708661 0 
vn -0.708661 -0.708661 0 
vn -0.708661 -0.708661 0 
vn -1 0 0 
vn -0.708661 0.708661 0 
vn -1 0 0 
vn -0.708661 0.708661 0 
vn 0 -1 0 
vn -0.708661 -0.708661 0 
vn -0.708661 -0.708661 0 
vn -1 0 0 
vn -1 0 0 
vn -0.708661 0.708661 0 
vn 0 1 0 
vn -0.708661 0.708661 0 
vn 0 1 0 
vn -0.385827 0.92126 0 
vn 0 0 1 
vn 0 0 1 
vn 0 0 1 
vn 0 0 1 
vn 0 0 1 
vn -0.708661 -0.708661 0 
vn -0.708661 -0.708661 0 
vn -1 0 0 
vn -1 0 0 
vn -0.708661 0.708661 0 
vn 0 1 0 
vn -0.708661 0.708661 0 
vn 0 1 0 
vn 0 -1 0 
vn 0 -1 0 
vn -0.708661 -0.708661 0 
vn -0.708661 -0.708661 0 
vn -1 0 0 
vn -1 0 0 
vn -0.708661 0.708661 0 
vn -0.708661 0.708661 0 
vn 0.708661 0.708661 0 
vn 0.708661 0.708661 0 
vn -0.92126 -0.377953 0 
vn -1 -0.0551181 0 
vn -1 -0.0551181 0 
vn -0.708661 0.708661 0 
vn -0.92126 -0.377953 0 
vn -0.708661 0.708661 0 
vn -0.984252 -0.181102 0 
vn -0.984252 -0.181102 0 
vn -0.992126 -0.102362 0 
vn -0.992126 -0.102362 0 
vn -1 -0.0787402 0 
vn -1 -0.0787402 0 
vn -1 0.00787402 0 
vn -1 0.00787402 0 
vn -1 0.0866142 0 
vn -1 0.0866142 0 
vn -0.984252 0.173228 0 
vn -0.984252 0.173228 0 
vn -0.96063 0.275591 0 
vn -0.96063 0.275591 0 
vn -0.929134 0.362205 0 
vn -0.929134 0.362205 0 
vn -0.88189 0.472441 0 
vn -0.88189 0.472441 0 
vn -0.779528 0.629921 0 
vn -0.779528 0.629921 0 
vn -0.543307 0.84252 0 
vn -0.748031 0.661417 0 
vn -0.748031 0.661417 0 
vn -1 -0.00787402 0 
vn -1 -0.00787402 0 
vn -0.858268 -0.511811 0 
vn -0.858268 -0.511811 0 
vn -0.92126 -0.377953 0 
vn -1 -0.0551181 0 
vn -1 -0.0551181 0 
vn -0.708661 0.708661 0 
vn -0.92126 -0.377953 0 
vn -0.708661 0.708661 0 
vn -0.984252 -0.181102 0 
vn -0.984252 -0.181102 0 
vn -0.992126 -0.102362 0 
vn -0.992126 -0.102362 0 
vn -1 -0.0787402 0 
vn -1 -0.0787402 0 
vn -1 0.00787402 0 
vn -1 0.00787402 0 
vn -1 0.0866142 0 
vn -1 0.0866142 0 
vn -0.984252 0.173228 0 
vn -0.984252 0.173228 0 
vn -0.96063 0.275591 0 
vn -0.96063 0.275591 0 
vn -0.929134 0.362205 0 
vn -0.929134 0.362205 0 
vn -0.88189 0.472441 0 
vn -0.88189 0.472441 0 
vn -0.779528 0.629921 0 
vn -0.779528 0.629921 0 
vn -0.543307 0.84252 0 
vn -0.748031 0.661417 0 
vn -0.748031 0.661417 0 
vn -1 -0.00787402 0 
vn -1 -0.00787402 0 
vn -0.858268 -0.511811 0 
vn -0.858268 -0.511811 0 
vn 0 0 1 
vn 0 0 1 
vn 0 0 1 
vn 0 0 1 
vn 0.708661 -0.708661 0 
vn 0.708661 -0.708661 0 
vn 0 -1 0 
vn 0 -1 0 
vn -0.708661 -0.708661 0 
vn -0.708661 -0.708661 0 
vn 0.708661 0.708661 0 
vn -0.708661 0.708661 0 
vn 0.708661 0.708661 0 
vn 0 -1 0 
vn 0.385827 -0.92126 0 
vn 0.385827 -0.92126 0 
vn 0.385827 -0.92126 0 
vn 0.385827 -0.92126 0 
vn 0 -1 0 
vn -0.708661 -0.708661 0 
vn -0.708661 -0.708661 0 
vn 0.708661 -0.708661 0 
vn 0.708661 -0.708661 0 
vn 0 -1 0 
vn 0 -1 0 
vn -0.708661 -0.708661 0 
vn -0.708661 -0.708661 0 
vn -0.708661 0.708661 0 
vn 0.708661 -0.708661 0 
vn 0.708661 -0.708661 0 
vn 0 -1 0 
vn 1 0 0 
vn 0 -1 0 
vn 1 0 0 
vn -0.385827 -0.92126 0 
vn -0.385827 -0.92126 0 
vn -0.708661 -0.708661 0 
vn -0.708661 -0.708661 0 
vn -0.708661 0.708661 0 
vn 0.708661 -0.708661 0 
vn 0.708661 -0.708661 0 
vn 0 -1 0 
vn 1 0 0 
vn 0 -1 0 
vn 1 0 0 
vn -0.385827 -0.92126 0 
vn -0.385827 -0.92126 0 
vn -0.708661 -0.708661 0 
vn -0.708661 -0.708661 0 
vn -1 0 0 
vn 0.708661 -0.708661 0 
vn 0.708661 -0.708661 0 
vn 0 -1 0 
vn 1 0 0 
vn 0 -1 0 
vn 1 0 0 
vn -0.708661 -0.708661 0 
vn -0.708661 -0.708661 0 
vn -1 0 0 
vn 0 1 0 
vn 0 0 1 
vn 0 0 1 
vn 0 0 1 
vn 0.708661 -0.708661 0 
vn 0.708661 -0.708661 0 
vn 0 -1 0 
vn 0 -1 0 
vn 1 0 0 
vn -0.708661 -0.708661 0 
vn -0.708661 -0.708661 0 
vn 0 -1 0 
vn 0.385827 -0.92126 0 
vn 0.385827 -0.92126 0 
vn 0.385827 -0.92126 0 
vn 0.385827 -0.92126 0 
vn 0 -1 0 
vn -0.708661 -0.708661 0 
vn -0.708661 -0.708661 0 
vn -0.858268 -0.511811 0 
vn -0.858268 -0.511811 0 
vn -0.346457 -0.937008 0 
vn -0.346457 -0.937008 0 
vn 0.874016 -0.488189 0 
vn 0.401575 -0.913386 0 
vn 0.401575 -0.913386 0 
vn -0.858268 -0.511811 0 
vn -0.858268 -0.511811 0 
vn -0.346457 -0.937008 0 
vn -0.346457 -0.937008 0 
vn 0.401575 -0.913386 0 
vn 0.401575 -0.913386 0 
vn 0 0 -1 
vn 0 0 -1 
vn 0 0 -1 
vn 0 0 -1 
vn 0 0 -1 
vn 0 0 -1 
vn 0 0 -1 
vn 0 0 -1 
vn 0 0 -1 
vn 0 0 -1 
vn 0 0 -1 
vn 0 0 -1 
vn 0 0 -1 
vn 0 0 -1 
vn 0 0 -1 
vn 0 0 -1 
vn 0 0 -1 
vn 0 0 -1 
vn 0 0 -1 
vn 0 0 -1 
vn 0 0 -1 
vn 0 0 -1 
vn 0 0 -1 
vn 0 0 -1 
vn 0 0 -1 
vn 0 0 -1 
vn 0 0 -1 
vn 0 0 -1 
vn 0 0 -1 
vn 0 0 -1 
vn 0 0 -1 
vn 0 0 -1 
vn 0 0 -1 
vn 0 0 -1 
vn 0 0 -1 
vn 0 0 -1 
vn 0 0 -1 
vn 0 0 -1 
vn 0 0 -1 
vn 0 0 -1 
vn 0 0 -1 
vn 0 0 -1 
vn 0 0 -1 
vn 0 0 -1 
vn 0 0 -1 
vn 0 0 -1 
vn 0 0 -1 
vn 0 0 -1 
vn 0 0 -1 
vn 0 0 -1 
vn 0 0 -1 
vn 0 0 -1 
vn 0 0 -1 
vn 0 0 -1 
vn 0 0 -1 
vn 0 0 -1 
vn 0 0 -1 
vn 0 0 -1 
vn 0 0 -1 
vn 0 0 -1 
vn 0 0 -1 
vn 0 0 -1 
vn 0 0 -1 
vn 0 0 -1 
vn 0 0 -1 
vn 0 0 -1 
vn 0 0 -1 
vn 0 0 -1 
vn 0 0 -1 
vn 0 0 -1 
vn 0 0 -1 
vn 0 0 -1 
vn 0 0 -1 
vn 0 0 1 
vn 0 0 1 
vn 0 0 1 
vn 0 0 1 
vn -0.708661 0.708661 0 
vn 1 0 0 
vn 0 0 1 
vn 0 0 1 
vn 0 0 1 
vn 0 0 1 
vn 0 0 1 
vn 0 0 -1 
vn 0 0 -1 
vn 0 0 -1 
vn 0 0 -1 
vn 0 0 -1 
vn 0 0 -1 
vn 0 0 -1 
vn 0 0 -1 
vn 0 0 -1 
vn 0 0 -1 
vn 0 0 -1 
vn 0 0 -1 
vn 0 0 -1 
vn 0 0 -1 
vn 0 0 -1 
vn 0 0 -1 
vn 0 0 -1 
vn 0 0 -1 
vn 0 0 -1 
vn 0 0 -1 
vn 0 0 -1 
vn 0 0 -1 
vn 0 0 -1 
vn 0 0 -1 
vn 0 0 -1 
vn 0 0 -1 
vn 0 0 -1 
vn 0 0 -1 
vn 0 0 -1 
vn 0 0 -1 
vn 0 0 -1 
vn 0 0 -1 
vn 0 0 -1 
vn 0 0 -1 
vn 0 0 -1 
vn 0 0 -1 
vn 0 0 -1 
vn 0 0 -1 
vn 0 0 -1 
vn 0 0 -1 
vn 0 0 -1 
vn 0 0 -1 
vn 0 0 -1 
vn 0 0 -1 
vn 0 0 -1 
vn 0 0 -1 
vn 0 0 -1 
vn 0 0 -1 
vn 0 0 -1 
vn 0 0 -1 
vn 0 0 -1 
vn 0 0 -1 
vn 0 0 -1 
vn 0 0 -1 
vn 0 0 -1 
vn 0 0 -1 
vn 0 0 -1 
vn 0 0 -1 
vn 0 0 -1 
vn 0 0 -1 
vn 0 0 -1 
vn 0 0 -1 
vn 0 0 -1 
vn 0 0 -1 
vn 0 0 -1 
vn 0 0 -1 
vn 0 0 -1 
vn 0 0 -1 
vn 0 0 -1 
vn 0 0 -1 
vn 0 0 -1 
vn 0 0 -1 
vn 0 0 -1 

vt 1.53652 2.57152 
vt 1.53652 2.63737 
vt 1.53652 2.53859 
vt 1.53652 2.47556 
vt 1.53652 2.34688 
vt 1.53652 2.30361 
vt 1.53652 2.35554 
vt 1.54816 2.35554 
vt 1.53652 2.35217 
vt 1.54816 2.35217 
vt 1.54816 2.35121 
vt 1.53652 2.35121 
vt 1.54816 2.34688 
vt 1.53652 2.34688 
vt 1.55617 2.51964 
vt 1.56781 2.51964 
vt 1.55617 2.52397 
vt 1.56781 2.52397 
vt 1.55617 2.5283 
vt 1.56781 2.5283 
vt 1.55617 2.35554 
vt 1.56781 2.35554 
vt 1.55617 2.35217 
vt 1.56781 2.35217 
vt 1.56781 2.35121 
vt 1.55617 2.35121 
vt 1.55617 2.34688 
vt 1.55617 2.34688 
vt 1.56781 2.34688 
vt 1.56781 2.34688 
vt 1.53652 2.33706 
vt 1.54816 2.33706 
vt 1.54816 2.33885 
vt 1.54816 2.33273 
vt 1.53652 2.33273 
vt 1.54816 2.3284 
vt 1.53652 2.3284 
vt 1.54816 2.32661 
vt 1.55617 2.33706 
vt 1.56781 2.33706 
vt 1.56781 2.33273 
vt 1.55617 2.33273 
vt 1.55617 2.3284 
vt 1.56781 2.3284 
vt 1.55617 2.54826 
vt 1.56781 2.54826 
vt 1.56781 2.55005 
vt 1.56781 2.54393 
vt 1.55617 2.54393 
vt 1.55617 2.54164 
vt 1.56781 2.54148 
vt 1.55617 2.5396 
vt 1.56781 2.5396 
vt 1.56781 2.53781 
vt 1.55617 2.53781 
vt 1.55617 2.53859 
vt 1.55617 2.57152 
vt 1.55617 2.63737 
vt 1.55617 2.43433 
vt 1.55617 2.30361 
vt 1.53652 2.54826 
vt 1.54816 2.54826 
vt 1.54816 2.55005 
vt 1.54816 2.54393 
vt 1.53652 2.54393 
vt 1.53652 2.54164 
vt 1.54816 2.54148 
vt 1.53652 2.5396 
vt 1.54816 2.5396 
vt 1.54816 2.53781 
vt 1.53652 2.53781 
vt 1.53652 2.51964 
vt 1.54816 2.51964 
vt 1.53652 2.52397 
vt 1.54816 2.52397 
vt 1.53652 2.5283 
vt 1.54816 2.5283 
vt 1.53652 2.63181 
vt 1.54816 2.63181 
vt 1.53652 2.6184 
vt 1.54816 2.6184 
vt 1.53652 2.60499 
vt 1.54816 2.60499 
vt 1.53652 2.59312 
vt 1.54816 2.59312 
vt 1.53652 2.56858 
vt 1.54816 2.56858 
vt 1.53652 2.55128 
vt 1.54816 2.55128 
vt 1.53652 2.54392 
vt 1.54816 2.54392 
vt 1.53652 2.49962 
vt 1.54816 2.49962 
vt 1.53652 2.46317 
vt 1.54816 2.46317 
vt 1.53652 2.42157 
vt 1.54816 2.42157 
vt 1.53652 2.39167 
vt 1.54816 2.39167 
vt 1.53652 2.3676 
vt 1.54816 2.3676 
vt 1.53652 2.32918 
vt 1.54816 2.32918 
vt 1.53652 2.30361 
vt 1.54816 2.30361 
vt 1.54816 2.2859 
vt 1.53652 2.28977 
vt 1.53652 2.2859 
vt 1.54816 2.28977 
vt 1.55617 2.63181 
vt 1.56781 2.63181 
vt 1.55617 2.6184 
vt 1.56781 2.6184 
vt 1.55617 2.60499 
vt 1.56781 2.60499 
vt 1.55617 2.59312 
vt 1.56781 2.59312 
vt 1.55617 2.56858 
vt 1.56781 2.56858 
vt 1.55617 2.55128 
vt 1.56781 2.55128 
vt 1.56781 2.54392 
vt 1.55617 2.54392 
vt 1.56781 2.49962 
vt 1.55617 2.49962 
vt 1.55617 2.46317 
vt 1.56781 2.46317 
vt 1.55617 2.42157 
vt 1.56781 2.42157 
vt 1.55617 2.39167 
vt 1.56781 2.39167 
vt 1.55617 2.3676 
vt 1.56781 2.3676 
vt 1.55617 2.32918 
vt 1.56781 2.32918 
vt 1.56781 2.28573 
vt 1.55617 2.30361 
vt 1.56781 2.30361 
vt 1.56781 2.2859 
vt 1.55617 2.28977 
vt 1.55617 2.2859 
vt 1.56781 2.28977 
vt 1.54742 2.47719 
vt 1.57917 2.47719 
vt 1.55607 2.46556 
vt 1.54742 2.46556 
vt 1.55607 2.47719 
vt 1.54742 2.47719 
vt 1.55422 2.46556 
vt 1.55175 2.47719 
vt 1.5542 2.47719 
vt 1.55175 2.46556 
vt 1.52026 2.44591 
vt 1.52026 2.45754 
vt 1.52459 2.45754 
vt 1.52459 2.44591 
vt 1.52892 2.45754 
vt 1.52892 2.44591 
vt 1.55607 2.45754 
vt 1.54742 2.45754 
vt 1.55607 2.44591 
vt 1.54742 2.44591 
vt 1.55422 2.44591 
vt 1.55175 2.45754 
vt 1.5542 2.45754 
vt 1.55175 2.44591 
vt 1.566 2.46556 
vt 1.566 2.47719 
vt 1.56421 2.46556 
vt 1.56421 2.47719 
vt 1.55988 2.46556 
vt 1.55988 2.47719 
vt 1.55555 2.46556 
vt 1.55555 2.47719 
vt 1.566 2.44591 
vt 1.566 2.45754 
vt 1.56421 2.45754 
vt 1.56421 2.44591 
vt 1.55988 2.44591 
vt 1.55988 2.45754 
vt 1.55376 2.44591 
vt 1.55555 2.44591 
vt 1.55376 2.45754 
vt 1.55555 2.45754 
vt 1.53293 2.44591 
vt 1.52069 2.44591 
vt 1.53114 2.45754 
vt 1.53114 2.44591 
vt 1.52248 2.44591 
vt 1.52681 2.44591 
vt 1.52248 2.45754 
vt 1.52681 2.45754 
vt 1.5236 2.44591 
vt 1.52493 2.45754 
vt 1.57917 2.45754 
vt 1.53114 2.47719 
vt 1.53114 2.46556 
vt 1.52248 2.46556 
vt 1.52681 2.46556 
vt 1.52248 2.47719 
vt 1.52681 2.47719 
vt 1.5236 2.46556 
vt 1.52493 2.47719 
vt 1.52026 2.46556 
vt 1.52026 2.47719 
vt 1.52459 2.47719 
vt 1.52459 2.46556 
vt 1.52892 2.47719 
vt 1.52892 2.46556 
vt 1.55382 2.47719 
vt 1.55382 2.46556 
vt 1.54826 2.47719 
vt 1.54826 2.46556 
vt 1.53485 2.47719 
vt 1.53485 2.46556 
vt 1.52144 2.47719 
vt 1.52144 2.46556 
vt 1.51588 2.46556 
vt 1.58641 2.47719 
vt 1.58961 2.46556 
vt 1.58961 2.47719 
vt 1.59316 2.46556 
vt 1.59316 2.47719 
vt 1.55382 2.45754 
vt 1.55382 2.44591 
vt 1.54826 2.45754 
vt 1.54826 2.44591 
vt 1.53485 2.45754 
vt 1.53485 2.44591 
vt 1.52144 2.45754 
vt 1.52144 2.44591 
vt 1.51588 2.44591 
vt 1.58641 2.44591 
vt 1.58961 2.45754 
vt 1.58961 2.44591 
vt 1.59316 2.45754 
vt 1.59316 2.44591 
vt 1.56185 2.57152 
vt 1.57319 2.54826 
vt 1.58081 2.56858 
vt 1.57752 2.55005 
vt 1.58559 2.55128 
vt 1.58185 2.54826 
vt 1.58364 2.54393 
vt 1.57983 2.59312 
vt 1.59038 2.54392 
vt 1.5596 2.59903 
vt 1.58289 2.60499 
vt 1.56578 2.53839 
vt 1.58185 2.5396 
vt 1.5714 2.54393 
vt 1.55791 2.60499 
vt 1.57235 2.54164 
vt 1.57319 2.5396 
vt 1.58845 2.6184 
vt 1.58289 2.63181 
vt 1.56948 2.63737 
vt 1.55607 2.63181 
vt 1.55051 2.6184 
vt 1.57541 2.5283 
vt 1.57752 2.53781 
vt 1.57362 2.52397 
vt 1.57786 2.52932 
vt 1.57974 2.53009 
vt 1.5794 2.53859 
vt 1.58407 2.5283 
vt 1.58586 2.52397 
vt 1.56701 2.50489 
vt 1.57541 2.51964 
vt 1.57974 2.51785 
vt 1.59394 2.49962 
vt 1.58407 2.51964 
vt 1.56554 2.47556 
vt 1.59357 2.46317 
vt 1.5605 2.43433 
vt 1.58893 2.42157 
vt 1.5513 2.39481 
vt 1.58325 2.39167 
vt 1.57608 2.3676 
vt 1.55258 2.35733 
vt 1.55691 2.35554 
vt 1.5587 2.35121 
vt 1.53952 2.36045 
vt 1.56166 2.32918 
vt 1.54825 2.35554 
vt 1.54686 2.35217 
vt 1.55691 2.34688 
vt 1.54646 2.35121 
vt 1.55057 2.33273 
vt 1.55258 2.34509 
vt 1.54878 2.3284 
vt 1.54878 2.33706 
vt 1.55013 2.34611 
vt 1.54705 2.33778 
vt 1.54825 2.34688 
vt 1.54445 2.33885 
vt 1.54012 2.33706 
vt 1.52516 2.32769 
vt 1.53833 2.33273 
vt 1.54012 2.3284 
vt 1.51792 2.31661 
vt 1.54945 2.30361 
vt 1.54445 2.32661 
vt 1.54036 2.28977 
vt 1.51181 2.30326 
vt 1.51472 2.31341 
vt 1.53101 2.28573 
vt 1.53662 2.2859 
vt 1.51039 2.30887 
vt 1.51117 2.31207 
vt 1.55691 2.34688 
vt 1.53833 2.33273 
vt 1.5794 2.53859 
vt 1.56185 2.57152 
vt 1.57319 2.54826 
vt 1.58081 2.56858 
vt 1.57752 2.55005 
vt 1.58559 2.55128 
vt 1.58185 2.54826 
vt 1.58364 2.54393 
vt 1.57983 2.59312 
vt 1.59038 2.54392 
vt 1.5596 2.59903 
vt 1.58289 2.60499 
vt 1.56578 2.53839 
vt 1.58185 2.5396 
vt 1.5714 2.54393 
vt 1.55791 2.60499 
vt 1.57235 2.54164 
vt 1.57319 2.5396 
vt 1.58845 2.6184 
vt 1.58289 2.63181 
vt 1.56948 2.63737 
vt 1.55607 2.63181 
vt 1.55051 2.6184 
vt 1.57541 2.5283 
vt 1.57752 2.53781 
vt 1.57362 2.52397 
vt 1.57786 2.52932 
vt 1.57974 2.53009 
vt 1.5794 2.53859 
vt 1.58407 2.5283 
vt 1.58586 2.52397 
vt 1.56701 2.50489 
vt 1.57541 2.51964 
vt 1.57974 2.51785 
vt 1.59394 2.49962 
vt 1.58407 2.51964 
vt 1.56554 2.47556 
vt 1.59357 2.46317 
vt 1.5605 2.43433 
vt 1.58893 2.42157 
vt 1.5513 2.39481 
vt 1.58325 2.39167 
vt 1.57608 2.3676 
vt 1.55258 2.35733 
vt 1.55691 2.35554 
vt 1.5587 2.35121 
vt 1.53952 2.36045 
vt 1.56166 2.32918 
vt 1.54825 2.35554 
vt 1.54686 2.35217 
vt 1.55691 2.34688 
vt 1.54646 2.35121 
vt 1.55057 2.33273 
vt 1.55258 2.34509 
vt 1.54878 2.3284 
vt 1.54878 2.33706 
vt 1.55013 2.34611 
vt 1.54705 2.33778 
vt 1.54825 2.34688 
vt 1.54445 2.33885 
vt 1.54012 2.33706 
vt 1.52516 2.32769 
vt 1.53833 2.33273 
vt 1.54012 2.3284 
vt 1.51792 2.31661 
vt 1.54945 2.30361 
vt 1.54445 2.32661 
vt 1.54036 2.28977 
vt 1.51181 2.30326 
vt 1.51472 2.31341 
vt 1.53101 2.28573 
vt 1.53662 2.2859 
vt 1.51039 2.30887 
vt 1.51117 2.31207 
vt 1.56781 2.57152 
vt 1.56781 2.63737 
vt 1.56781 2.53859 
vt 1.56781 2.42157 
vt 1.56781 2.32769 
vt 1.56781 2.28573 
vt 1.55617 2.35554 
vt 1.56781 2.35554 
vt 1.55617 2.35121 
vt 1.56781 2.35121 
vt 1.55617 2.34688 
vt 1.56781 2.34688 
vt 1.54816 2.53009 
vt 1.53652 2.5283 
vt 1.54816 2.5283 
vt 1.53652 2.52397 
vt 1.54816 2.52397 
vt 1.53652 2.51964 
vt 1.54816 2.51964 
vt 1.54816 2.51964 
vt 1.53652 2.51964 
vt 1.53652 2.35554 
vt 1.53652 2.35554 
vt 1.54816 2.35554 
vt 1.53652 2.35121 
vt 1.54816 2.35121 
vt 1.54816 2.34688 
vt 1.53652 2.34688 
vt 1.55617 2.33885 
vt 1.56781 2.33885 
vt 1.56781 2.33706 
vt 1.55617 2.32661 
vt 1.55617 2.33706 
vt 1.55617 2.33273 
vt 1.55617 2.3284 
vt 1.56781 2.33273 
vt 1.56781 2.3284 
vt 1.54816 2.33706 
vt 1.53652 2.33706 
vt 1.53652 2.33273 
vt 1.53652 2.3284 
vt 1.54816 2.33273 
vt 1.54816 2.3284 
vt 1.53652 2.55005 
vt 1.53652 2.54826 
vt 1.54816 2.54826 
vt 1.53652 2.54393 
vt 1.54816 2.54393 
vt 1.53652 2.5396 
vt 1.53652 2.53781 
vt 1.54816 2.5396 
vt 1.54816 2.53781 
vt 1.54816 2.53859 
vt 1.54816 2.57152 
vt 1.54816 2.63737 
vt 1.54816 2.46317 
vt 1.54816 2.32769 
vt 1.54816 2.30326 
vt 1.55617 2.54826 
vt 1.56781 2.54826 
vt 1.55617 2.54393 
vt 1.56781 2.54393 
vt 1.55617 2.5396 
vt 1.55617 2.53781 
vt 1.56781 2.5396 
vt 1.56781 2.53781 
vt 1.55617 2.53009 
vt 1.56781 2.53009 
vt 1.55617 2.5283 
vt 1.56781 2.5283 
vt 1.55617 2.52397 
vt 1.56781 2.52397 
vt 1.55617 2.51964 
vt 1.56781 2.51964 
vt 1.56781 2.51964 
vt 1.55617 2.51964 
vt 1.55617 2.60499 
vt 1.56781 2.6184 
vt 1.55617 2.6184 
vt 1.56781 2.63181 
vt 1.56781 2.60499 
vt 1.55617 2.63181 
vt 1.55617 2.59903 
vt 1.56781 2.59903 
vt 1.55617 2.57152 
vt 1.56781 2.57152 
vt 1.55617 2.53839 
vt 1.56781 2.53839 
vt 1.55617 2.50489 
vt 1.56781 2.50489 
vt 1.55617 2.47556 
vt 1.56781 2.47556 
vt 1.55617 2.43433 
vt 1.56781 2.43433 
vt 1.55617 2.39481 
vt 1.56781 2.39481 
vt 1.55617 2.36045 
vt 1.56781 2.36045 
vt 1.55617 2.32769 
vt 1.56781 2.32769 
vt 1.55617 2.31661 
vt 1.56781 2.31661 
vt 1.55617 2.31341 
vt 1.55617 2.31207 
vt 1.56781 2.31207 
vt 1.55617 2.30887 
vt 1.56781 2.30887 
vt 1.55617 2.30326 
vt 1.56781 2.30326 
vt 1.53652 2.60499 
vt 1.54816 2.6184 
vt 1.53652 2.6184 
vt 1.54816 2.63181 
vt 1.54816 2.60499 
vt 1.53652 2.63181 
vt 1.53652 2.59903 
vt 1.54816 2.59903 
vt 1.53652 2.57152 
vt 1.54816 2.57152 
vt 1.53652 2.53839 
vt 1.54816 2.53839 
vt 1.53652 2.50489 
vt 1.54816 2.50489 
vt 1.53652 2.47556 
vt 1.54816 2.47556 
vt 1.53652 2.43433 
vt 1.54816 2.43433 
vt 1.53652 2.39481 
vt 1.54816 2.39481 
vt 1.53652 2.36045 
vt 1.54816 2.36045 
vt 1.53652 2.32769 
vt 1.54816 2.32769 
vt 1.53652 2.31661 
vt 1.54816 2.31661 
vt 1.54816 2.31341 
vt 1.54816 2.31207 
vt 1.53652 2.31207 
vt 1.53652 2.30887 
vt 1.54816 2.30887 
vt 1.53652 2.30326 
vt 1.54816 2.30326 
vt 1.55691 2.47719 
vt 1.52516 2.47719 
vt 1.54945 2.47719 
vt 1.53101 2.47719 
vt 1.54825 2.47719 
vt 1.54825 2.46556 
vt 1.55258 2.46556 
vt 1.55258 2.47719 
vt 1.55691 2.46556 
vt 1.55691 2.47719 
vt 1.54825 2.46556 
vt 1.55691 2.46556 
vt 1.54825 2.47719 
vt 1.57974 2.44591 
vt 1.57786 2.45754 
vt 1.57658 2.44591 
vt 1.57541 2.45754 
vt 1.57541 2.44591 
vt 1.57974 2.45754 
vt 1.58407 2.44591 
vt 1.58407 2.45754 
vt 1.54825 2.45754 
vt 1.54825 2.44591 
vt 1.55258 2.44591 
vt 1.55258 2.45754 
vt 1.55691 2.44591 
vt 1.55691 2.45754 
vt 1.55691 2.45754 
vt 1.54012 2.47719 
vt 1.54012 2.46556 
vt 1.54445 2.46556 
vt 1.53833 2.46556 
vt 1.54445 2.47719 
vt 1.53833 2.47719 
vt 1.54705 2.46556 
vt 1.54705 2.47719 
vt 1.54878 2.47719 
vt 1.54878 2.46556 
vt 1.54878 2.47719 
vt 1.54012 2.45754 
vt 1.54012 2.44591 
vt 1.54445 2.44591 
vt 1.53833 2.44591 
vt 1.54445 2.45754 
vt 1.53833 2.45754 
vt 1.54705 2.44591 
vt 1.54705 2.45754 
vt 1.54878 2.45754 
vt 1.54878 2.44591 
vt 1.55057 2.44591 
vt 1.57319 2.45754 
vt 1.57319 2.44591 
vt 1.57752 2.44591 
vt 1.5714 2.44591 
vt 1.57752 2.45754 
vt 1.5714 2.45754 
vt 1.58185 2.44591 
vt 1.58185 2.45754 
vt 1.58364 2.44591 
vt 1.57752 2.45754 
vt 1.52516 2.45754 
vt 1.54945 2.45754 
vt 1.51181 2.45754 
vt 1.57319 2.47719 
vt 1.57319 2.46556 
vt 1.57752 2.46556 
vt 1.57752 2.47719 
vt 1.5714 2.47719 
vt 1.58185 2.46556 
vt 1.58185 2.47719 
vt 1.57974 2.46556 
vt 1.57786 2.47719 
vt 1.57658 2.46556 
vt 1.57541 2.47719 
vt 1.57541 2.46556 
vt 1.57974 2.47719 
vt 1.58407 2.46556 
vt 1.58407 2.47719 
vt 1.51181 2.46556 
vt 1.51181 2.47719 
vt 1.53101 2.46556 
vt 1.53101 2.47719 
vt 1.54945 2.46556 
vt 1.53662 2.46556 
vt 1.53662 2.47719 
vt 1.51181 2.44591 
vt 1.51181 2.45754 
vt 1.53101 2.44591 
vt 1.53101 2.45754 
vt 1.53662 2.44591 
vt 1.53662 2.45754 
vt 1.51874 2.55128 
vt 1.52069 2.54393 
vt 1.52248 2.54826 
vt 1.52681 2.55005 
vt 1.52352 2.56858 
vt 1.51395 2.54392 
vt 1.53114 2.54826 
vt 1.52248 2.5396 
vt 1.54248 2.57152 
vt 1.5245 2.59312 
vt 1.54472 2.59903 
vt 1.52144 2.60499 
vt 1.53855 2.53839 
vt 1.54642 2.60499 
vt 1.53293 2.54393 
vt 1.51588 2.6184 
vt 1.52144 2.63181 
vt 1.53485 2.63737 
vt 1.54826 2.63181 
vt 1.55382 2.6184 
vt 1.53191 2.54148 
vt 1.53114 2.5396 
vt 1.52892 2.5283 
vt 1.52681 2.53781 
vt 1.53071 2.52397 
vt 1.52775 2.52878 
vt 1.52459 2.53009 
vt 1.5236 2.53914 
vt 1.52026 2.5283 
vt 1.51847 2.52397 
vt 1.53732 2.50489 
vt 1.52892 2.51964 
vt 1.52459 2.51785 
vt 1.51039 2.49962 
vt 1.52026 2.51964 
vt 1.53879 2.47556 
vt 1.51076 2.46317 
vt 1.54383 2.43433 
vt 1.5154 2.42157 
vt 1.55303 2.39481 
vt 1.52108 2.39167 
vt 1.52825 2.3676 
vt 1.55175 2.35733 
vt 1.54742 2.35554 
vt 1.54562 2.35121 
vt 1.56481 2.36045 
vt 1.54266 2.32918 
vt 1.55607 2.35554 
vt 1.55747 2.35217 
vt 1.54742 2.34688 
vt 1.55787 2.35121 
vt 1.55376 2.33273 
vt 1.55175 2.34509 
vt 1.55555 2.3284 
vt 1.55555 2.33706 
vt 1.55422 2.34612 
vt 1.55728 2.33778 
vt 1.55607 2.34688 
vt 1.55988 2.33885 
vt 1.56421 2.33706 
vt 1.57917 2.32769 
vt 1.566 2.33273 
vt 1.56421 2.3284 
vt 1.58641 2.31661 
vt 1.55488 2.30361 
vt 1.55988 2.32661 
vt 1.56397 2.28977 
vt 1.59252 2.30326 
vt 1.58961 2.31341 
vt 1.57332 2.28573 
vt 1.56771 2.2859 
vt 1.59394 2.30887 
vt 1.59316 2.31207 
vt 1.52493 2.53859 
vt 1.53879 2.47556 
vt 1.5154 2.42157 
vt 1.54742 2.34688 
vt 1.54742 2.34688 
vt 1.566 2.33273 
vt 1.51076 2.46317 
vt 1.54383 2.43433 
vt 1.57917 2.32769 
vt 1.55488 2.30361 
vt 1.59252 2.30326 
vt 1.51874 2.55128 
vt 1.52069 2.54393 
vt 1.52248 2.54826 
vt 1.52681 2.55005 
vt 1.52352 2.56858 
vt 1.51395 2.54392 
vt 1.53114 2.54826 
vt 1.52248 2.5396 
vt 1.54248 2.57152 
vt 1.5245 2.59312 
vt 1.54472 2.59903 
vt 1.52144 2.60499 
vt 1.53855 2.53839 
vt 1.54642 2.60499 
vt 1.53293 2.54393 
vt 1.51588 2.6184 
vt 1.52144 2.63181 
vt 1.53485 2.63737 
vt 1.54826 2.63181 
vt 1.55382 2.6184 
vt 1.53191 2.54148 
vt 1.53114 2.5396 
vt 1.52892 2.5283 
vt 1.52681 2.53781 
vt 1.53071 2.52397 
vt 1.52775 2.52878 
vt 1.52459 2.53009 
vt 1.5236 2.53914 
vt 1.52026 2.5283 
vt 1.51847 2.52397 
vt 1.53732 2.50489 
vt 1.52892 2.51964 
vt 1.52459 2.51785 
vt 1.51039 2.49962 
vt 1.52026 2.51964 
vt 1.53879 2.47556 
vt 1.51076 2.46317 
vt 1.54383 2.43433 
vt 1.5154 2.42157 
vt 1.55303 2.39481 
vt 1.52108 2.39167 
vt 1.52825 2.3676 
vt 1.55175 2.35733 
vt 1.54742 2.35554 
vt 1.54562 2.35121 
vt 1.56481 2.36045 
vt 1.54266 2.32918 
vt 1.55607 2.35554 
vt 1.55747 2.35217 
vt 1.54742 2.34688 
vt 1.55787 2.35121 
vt 1.55376 2.33273 
vt 1.55175 2.34509 
vt 1.55555 2.3284 
vt 1.55555 2.33706 
vt 1.55422 2.34612 
vt 1.55728 2.33778 
vt 1.55607 2.34688 
vt 1.55988 2.33885 
vt 1.56421 2.33706 
vt 1.57917 2.32769 
vt 1.566 2.33273 
vt 1.56421 2.3284 
vt 1.58641 2.31661 
vt 1.55488 2.30361 
vt 1.55988 2.32661 
vt 1.56397 2.28977 
vt 1.59252 2.30326 
vt 1.58961 2.31341 
vt 1.57332 2.28573 
vt 1.56771 2.2859 
vt 1.59394 2.30887 
vt 1.59316 2.31207 

usemtl Meshpart3Mtl

f 422/422/422 421/421/421 423/423/423 
f 422/422/422 423/423/423 424/424/424 
f 423/423/423 425/425/425 424/424/424 
f 425/425/425 423/423/423 426/426/426 
f 425/425/425 426/426/426 427/427/427 
f 427/427/427 426/426/426 428/428/428 
f 430/430/430 431/431/431 429/429/429 
f 432/432/432 431/431/431 430/430/430 
f 432/432/432 433/433/433 431/431/431 
f 434/434/434 433/433/433 432/432/432 
f 436/436/436 435/435/435 437/437/437 
f 436/436/436 437/437/437 438/438/438 
f 437/437/437 439/439/439 438/438/438 
f 439/439/439 437/437/437 440/440/440 
f 441/441/441 439/439/439 440/440/440 
f 439/439/439 441/441/441 443/443/443 
f 446/446/446 445/445/445 448/448/448 
f 448/448/448 445/445/445 449/449/449 
f 448/448/448 449/449/449 450/450/450 
f 450/450/450 449/449/449 451/451/451 
f 454/454/454 453/453/453 455/455/455 
f 455/455/455 453/453/453 456/456/456 
f 457/457/457 455/455/455 456/456/456 
f 455/455/455 457/457/457 458/458/458 
f 460/460/460 459/459/459 462/462/462 
f 462/462/462 459/459/459 463/463/463 
f 462/462/462 463/463/463 464/464/464 
f 462/462/462 464/464/464 465/465/465 
f 466/466/466 465/465/465 464/464/464 
f 465/465/465 466/466/466 467/467/467 
f 476/476/476 475/475/475 478/478/478 
f 478/478/478 475/475/475 479/479/479 
f 478/478/478 479/479/479 480/480/480 
f 478/478/478 480/480/480 481/481/481 
f 482/482/482 481/481/481 480/480/480 
f 481/481/481 482/482/482 483/483/483 
f 487/487/487 488/488/488 486/486/486 
f 489/489/489 488/488/488 487/487/487 
f 489/489/489 490/490/490 488/488/488 
f 491/491/491 490/490/490 489/489/489 
f 494/494/494 493/493/493 492/492/492 
f 493/493/493 494/494/494 495/495/495 
f 496/496/496 495/495/495 494/494/494 
f 495/495/495 496/496/496 497/497/497 
f 497/497/497 496/496/496 498/498/498 
f 499/499/499 497/497/497 498/498/498 
f 498/498/498 500/500/500 499/499/499 
f 501/501/501 499/499/499 500/500/500 
f 501/501/501 500/500/500 502/502/502 
f 503/503/503 501/501/501 502/502/502 
f 503/503/503 502/502/502 504/504/504 
f 505/505/505 503/503/503 504/504/504 
f 504/504/504 506/506/506 505/505/505 
f 507/507/507 505/505/505 506/506/506 
f 506/506/506 508/508/508 507/507/507 
f 509/509/509 507/507/507 508/508/508 
f 508/508/508 510/510/510 509/509/509 
f 511/511/511 509/509/509 510/510/510 
f 510/510/510 512/512/512 511/511/511 
f 513/513/513 511/511/511 512/512/512 
f 512/512/512 514/514/514 513/513/513 
f 515/515/515 513/513/513 514/514/514 
f 514/514/514 516/516/516 515/515/515 
f 517/517/517 515/515/515 516/516/516 
f 516/516/516 518/518/518 517/517/517 
f 519/519/519 517/517/517 518/518/518 
f 519/519/519 518/518/518 521/521/521 
f 523/523/523 519/519/519 521/521/521 
f 522/522/522 520/520/520 523/523/523 
f 523/523/523 521/521/521 522/522/522 
f 526/526/526 525/525/525 524/524/524 
f 525/525/525 526/526/526 527/527/527 
f 528/528/528 527/527/527 526/526/526 
f 527/527/527 528/528/528 529/529/529 
f 529/529/529 528/528/528 530/530/530 
f 531/531/531 529/529/529 530/530/530 
f 530/530/530 532/532/532 531/531/531 
f 533/533/533 531/531/531 532/532/532 
f 533/533/533 532/532/532 534/534/534 
f 535/535/535 533/533/533 534/534/534 
f 534/534/534 536/536/536 535/535/535 
f 536/536/536 534/534/534 537/537/537 
f 537/537/537 538/538/538 536/536/536 
f 538/538/538 537/537/537 539/539/539 
f 539/539/539 540/540/540 538/538/538 
f 541/541/541 538/538/538 540/540/540 
f 540/540/540 542/542/542 541/541/541 
f 543/543/543 541/541/541 542/542/542 
f 542/542/542 544/544/544 543/543/543 
f 545/545/545 543/543/543 544/544/544 
f 544/544/544 546/546/546 545/545/545 
f 547/547/547 545/545/545 546/546/546 
f 546/546/546 548/548/548 547/547/547 
f 549/549/549 547/547/547 548/548/548 
f 548/548/548 551/551/551 549/549/549 
f 552/552/552 549/549/549 551/551/551 
f 552/552/552 551/551/551 554/554/554 
f 556/556/556 552/552/552 554/554/554 
f 555/555/555 553/553/553 556/556/556 
f 556/556/556 554/554/554 555/555/555 
f 561/561/561 563/563/563 559/559/559 
f 560/560/560 564/564/564 562/562/562 
f 563/563/563 561/561/561 565/565/565 
f 566/566/566 564/564/564 560/560/560 
f 565/565/565 566/566/566 563/563/563 
f 566/566/566 565/565/565 564/564/564 
f 567/567/567 569/569/569 568/568/568 
f 570/570/570 569/569/569 567/567/567 
f 570/570/570 571/571/571 569/569/569 
f 572/572/572 571/571/571 570/570/570 
f 573/573/573 577/577/577 575/575/575 
f 576/576/576 578/578/578 574/574/574 
f 577/577/577 573/573/573 579/579/579 
f 580/580/580 578/578/578 576/576/576 
f 579/579/579 580/580/580 577/577/577 
f 580/580/580 579/579/579 578/578/578 
f 583/583/583 584/584/584 585/585/585 
f 585/585/585 584/584/584 586/586/586 
f 585/585/585 586/586/586 587/587/587 
f 587/587/587 586/586/586 588/588/588 
f 592/592/592 591/591/591 593/593/593 
f 593/593/593 591/591/591 594/594/594 
f 593/593/593 594/594/594 596/596/596 
f 596/596/596 594/594/594 598/598/598 
f 602/602/602 601/601/601 604/604/604 
f 604/604/604 601/601/601 606/606/606 
f 607/607/607 605/605/605 603/603/603 
f 604/604/604 606/606/606 608/608/608 
f 605/605/605 607/607/607 608/608/608 
f 604/604/604 608/608/608 607/607/607 
f 611/611/611 610/610/610 613/613/613 
f 613/613/613 610/610/610 615/615/615 
f 616/616/616 614/614/614 612/612/612 
f 613/613/613 615/615/615 617/617/617 
f 614/614/614 616/616/616 617/617/617 
f 613/613/613 617/617/617 616/616/616 
f 618/618/618 620/620/620 619/619/619 
f 621/621/621 620/620/620 618/618/618 
f 621/621/621 622/622/622 620/620/620 
f 623/623/623 622/622/622 621/621/621 
f 628/628/628 627/627/627 626/626/626 
f 627/627/627 628/628/628 629/629/629 
f 630/630/630 629/629/629 628/628/628 
f 629/629/629 630/630/630 631/631/631 
f 634/634/634 635/635/635 633/633/633 
f 635/635/635 634/634/634 636/636/636 
f 636/636/636 637/637/637 635/635/635 
f 642/642/642 641/641/641 640/640/640 
f 641/641/641 642/642/642 643/643/643 
f 644/644/644 643/643/643 642/642/642 
f 643/643/643 644/644/644 645/645/645 
f 648/648/648 647/647/647 649/649/649 
f 649/649/649 650/650/650 648/648/648 
f 650/650/650 649/649/649 651/651/651 
f 652/652/652 653/653/653 654/654/654 
f 654/654/654 653/653/653 655/655/655 
f 656/656/656 654/654/654 655/655/655 
f 655/655/655 657/657/657 656/656/656 
f 658/658/658 656/656/656 657/657/657 
f 659/659/659 652/652/652 654/654/654 
f 656/656/656 658/658/658 660/660/660 
f 652/652/652 659/659/659 661/661/661 
f 662/662/662 661/661/661 659/659/659 
f 663/663/663 653/653/653 652/652/652 
f 664/664/664 660/660/660 658/658/658 
f 653/653/653 663/663/663 665/665/665 
f 661/661/661 662/662/662 666/666/666 
f 667/667/667 665/665/665 663/663/663 
f 663/663/663 668/668/668 667/667/667 
f 669/669/669 666/666/666 662/662/662 
f 670/670/670 666/666/666 669/669/669 
f 671/671/671 666/666/666 670/670/670 
f 666/666/666 671/671/671 672/672/672 
f 666/666/666 672/672/672 673/673/673 
f 663/663/663 674/674/674 668/668/668 
f 674/674/674 675/675/675 668/668/668 
f 674/674/674 663/663/663 676/676/676 
f 675/675/675 674/674/674 677/677/677 
f 678/678/678 675/675/675 677/677/677 
f 675/675/675 678/678/678 679/679/679 
f 678/678/678 664/664/664 679/679/679 
f 680/680/680 664/664/664 678/678/678 
f 664/664/664 680/680/680 660/660/660 
f 660/660/660 680/680/680 681/681/681 
f 676/676/676 663/663/663 682/682/682 
f 682/682/682 683/683/683 676/676/676 
f 682/682/682 684/684/684 683/683/683 
f 685/685/685 660/660/660 681/681/681 
f 684/684/684 682/682/682 685/685/685 
f 685/685/685 681/681/681 686/686/686 
f 685/685/685 686/686/686 684/684/684 
f 687/687/687 685/685/685 682/682/682 
f 685/685/685 687/687/687 688/688/688 
f 689/689/689 688/688/688 687/687/687 
f 688/688/688 689/689/689 690/690/690 
f 691/691/691 690/690/690 689/689/689 
f 690/690/690 691/691/691 692/692/692 
f 691/691/691 693/693/693 692/692/692 
f 693/693/693 691/691/691 694/694/694 
f 693/693/693 694/694/694 695/695/695 
f 693/693/693 695/695/695 696/696/696 
f 694/694/694 691/691/691 697/697/697 
f 698/698/698 693/693/693 696/696/696 
f 694/694/694 697/697/697 699/699/699 
f 697/697/697 700/700/700 699/699/699 
f 698/698/698 696/696/696 701/701/701 
f 697/697/697 702/702/702 700/700/700 
f 701/701/701 703/703/703 698/698/698 
f 703/703/703 701/701/701 704/704/704 
f 698/698/698 703/703/703 705/705/705 
f 703/703/703 704/704/704 706/706/706 
f 707/707/707 706/706/706 704/704/704 
f 706/706/706 707/707/707 708/708/708 
f 708/708/708 707/707/707 709/709/709 
f 708/708/708 709/709/709 710/710/710 
f 702/702/702 710/710/710 709/709/709 
f 710/710/710 702/702/702 711/711/711 
f 702/702/702 697/697/697 711/711/711 
f 712/712/712 711/711/711 697/697/697 
f 711/711/711 712/712/712 713/713/713 
f 712/712/712 714/714/714 713/713/713 
f 715/715/715 714/714/714 712/712/712 
f 714/714/714 715/715/715 716/716/716 
f 714/714/714 716/716/716 717/717/717 
f 716/716/716 705/705/705 717/717/717 
f 705/705/705 716/716/716 698/698/698 
f 715/715/715 718/718/718 716/716/716 
f 715/715/715 719/719/719 718/718/718 
f 719/719/719 715/715/715 720/720/720 
f 718/718/718 719/719/719 721/721/721 
f 718/718/718 721/721/721 722/722/722 
f 719/719/719 720/720/720 723/723/723 
f 723/723/723 720/720/720 724/724/724 
f 728/728/728 729/729/729 730/730/730 
f 730/730/730 729/729/729 731/731/731 
f 732/732/732 730/730/730 731/731/731 
f 731/731/731 733/733/733 732/732/732 
f 734/734/734 732/732/732 733/733/733 
f 735/735/735 728/728/728 730/730/730 
f 732/732/732 734/734/734 736/736/736 
f 728/728/728 735/735/735 737/737/737 
f 738/738/738 737/737/737 735/735/735 
f 739/739/739 729/729/729 728/728/728 
f 740/740/740 736/736/736 734/734/734 
f 729/729/729 739/739/739 741/741/741 
f 737/737/737 738/738/738 742/742/742 
f 743/743/743 741/741/741 739/739/739 
f 739/739/739 744/744/744 743/743/743 
f 745/745/745 742/742/742 738/738/738 
f 746/746/746 742/742/742 745/745/745 
f 747/747/747 742/742/742 746/746/746 
f 742/742/742 747/747/747 748/748/748 
f 742/742/742 748/748/748 749/749/749 
f 739/739/739 750/750/750 744/744/744 
f 750/750/750 751/751/751 744/744/744 
f 750/750/750 739/739/739 752/752/752 
f 751/751/751 750/750/750 753/753/753 
f 754/754/754 751/751/751 753/753/753 
f 751/751/751 754/754/754 755/755/755 
f 754/754/754 740/740/740 755/755/755 
f 756/756/756 740/740/740 754/754/754 
f 740/740/740 756/756/756 736/736/736 
f 736/736/736 756/756/756 757/757/757 
f 752/752/752 739/739/739 758/758/758 
f 758/758/758 759/759/759 752/752/752 
f 758/758/758 760/760/760 759/759/759 
f 761/761/761 736/736/736 757/757/757 
f 760/760/760 758/758/758 761/761/761 
f 761/761/761 757/757/757 762/762/762 
f 761/761/761 762/762/762 760/760/760 
f 763/763/763 761/761/761 758/758/758 
f 761/761/761 763/763/763 764/764/764 
f 765/765/765 764/764/764 763/763/763 
f 764/764/764 765/765/765 766/766/766 
f 767/767/767 766/766/766 765/765/765 
f 766/766/766 767/767/767 768/768/768 
f 767/767/767 769/769/769 768/768/768 
f 769/769/769 767/767/767 770/770/770 
f 769/769/769 770/770/770 771/771/771 
f 769/769/769 771/771/771 772/772/772 
f 770/770/770 767/767/767 773/773/773 
f 774/774/774 769/769/769 772/772/772 
f 770/770/770 773/773/773 775/775/775 
f 773/773/773 776/776/776 775/775/775 
f 774/774/774 772/772/772 777/777/777 
f 773/773/773 778/778/778 776/776/776 
f 777/777/777 779/779/779 774/774/774 
f 779/779/779 777/777/777 780/780/780 
f 774/774/774 779/779/779 781/781/781 
f 779/779/779 780/780/780 782/782/782 
f 783/783/783 782/782/782 780/780/780 
f 782/782/782 783/783/783 784/784/784 
f 784/784/784 783/783/783 785/785/785 
f 784/784/784 785/785/785 786/786/786 
f 778/778/778 786/786/786 785/785/785 
f 786/786/786 778/778/778 787/787/787 
f 778/778/778 773/773/773 787/787/787 
f 788/788/788 787/787/787 773/773/773 
f 787/787/787 788/788/788 789/789/789 
f 788/788/788 790/790/790 789/789/789 
f 791/791/791 790/790/790 788/788/788 
f 790/790/790 791/791/791 792/792/792 
f 790/790/790 792/792/792 793/793/793 
f 792/792/792 781/781/781 793/793/793 
f 781/781/781 792/792/792 774/774/774 
f 791/791/791 794/794/794 792/792/792 
f 791/791/791 795/795/795 794/794/794 
f 795/795/795 791/791/791 796/796/796 
f 794/794/794 795/795/795 797/797/797 
f 794/794/794 797/797/797 798/798/798 
f 795/795/795 796/796/796 799/799/799 
f 799/799/799 796/796/796 800/800/800 
f 808/808/808 807/807/807 809/809/809 
f 809/809/809 810/810/810 808/808/808 
f 810/810/810 809/809/809 811/811/811 
f 811/811/811 812/812/812 810/810/810 
f 815/815/815 814/814/814 816/816/816 
f 816/816/816 817/817/817 815/815/815 
f 817/817/817 816/816/816 818/818/818 
f 818/818/818 819/819/819 817/817/817 
f 824/824/824 823/823/823 825/825/825 
f 825/825/825 826/826/826 824/824/824 
f 825/825/825 827/827/827 826/826/826 
f 827/827/827 825/825/825 828/828/828 
f 831/831/831 833/833/833 834/834/834 
f 834/834/834 836/836/836 831/831/831 
f 836/836/836 834/834/834 835/835/835 
f 835/835/835 837/837/837 836/836/836 
f 838/838/838 839/839/839 840/840/840 
f 840/840/840 842/842/842 838/838/838 
f 840/840/840 843/843/843 842/842/842 
f 843/843/843 840/840/840 841/841/841 
f 846/846/846 845/845/845 847/847/847 
f 847/847/847 848/848/848 846/846/846 
f 848/848/848 847/847/847 849/849/849 
f 849/849/849 851/851/851 848/848/848 
f 860/860/860 859/859/859 861/861/861 
f 861/861/861 862/862/862 860/860/860 
f 862/862/862 861/861/861 863/863/863 
f 863/863/863 865/865/865 862/862/862 
f 870/870/870 869/869/869 871/871/871 
f 871/871/871 872/872/872 870/870/870 
f 872/872/872 871/871/871 873/873/873 
f 873/873/873 874/874/874 872/872/872 
f 877/877/877 878/878/878 879/879/879 
f 880/880/880 879/879/879 878/878/878 
f 878/878/878 877/877/877 881/881/881 
f 879/879/879 880/880/880 882/882/882 
f 883/883/883 881/881/881 877/877/877 
f 881/881/881 883/883/883 884/884/884 
f 883/883/883 885/885/885 884/884/884 
f 886/886/886 884/884/884 885/885/885 
f 885/885/885 887/887/887 886/886/886 
f 888/888/888 886/886/886 887/887/887 
f 887/887/887 889/889/889 888/888/888 
f 890/890/890 888/888/888 889/889/889 
f 889/889/889 891/891/891 890/890/890 
f 892/892/892 890/890/890 891/891/891 
f 891/891/891 893/893/893 892/892/892 
f 894/894/894 892/892/892 893/893/893 
f 893/893/893 895/895/895 894/894/894 
f 896/896/896 894/894/894 895/895/895 
f 895/895/895 897/897/897 896/896/896 
f 898/898/898 896/896/896 897/897/897 
f 897/897/897 899/899/899 898/898/898 
f 900/900/900 898/898/898 899/899/899 
f 899/899/899 901/901/901 900/900/900 
f 901/901/901 902/902/902 900/900/900 
f 902/902/902 901/901/901 903/903/903 
f 905/905/905 904/904/904 906/906/906 
f 906/906/906 907/907/907 905/905/905 
f 907/907/907 906/906/906 908/908/908 
f 908/908/908 909/909/909 907/907/907 
f 910/910/910 911/911/911 912/912/912 
f 913/913/913 912/912/912 911/911/911 
f 911/911/911 910/910/910 914/914/914 
f 912/912/912 913/913/913 915/915/915 
f 916/916/916 914/914/914 910/910/910 
f 914/914/914 916/916/916 917/917/917 
f 916/916/916 918/918/918 917/917/917 
f 919/919/919 917/917/917 918/918/918 
f 918/918/918 920/920/920 919/919/919 
f 921/921/921 919/919/919 920/920/920 
f 920/920/920 922/922/922 921/921/921 
f 923/923/923 921/921/921 922/922/922 
f 922/922/922 924/924/924 923/923/923 
f 925/925/925 923/923/923 924/924/924 
f 924/924/924 926/926/926 925/925/925 
f 927/927/927 925/925/925 926/926/926 
f 926/926/926 928/928/928 927/927/927 
f 929/929/929 927/927/927 928/928/928 
f 928/928/928 930/930/930 929/929/929 
f 931/931/931 929/929/929 930/930/930 
f 930/930/930 932/932/932 931/931/931 
f 933/933/933 931/931/931 932/932/932 
f 932/932/932 934/934/934 933/933/933 
f 934/934/934 935/935/935 933/933/933 
f 934/934/934 936/936/936 935/935/935 
f 937/937/937 938/938/938 939/939/939 
f 939/939/939 940/940/940 937/937/937 
f 940/940/940 939/939/939 941/941/941 
f 941/941/941 942/942/942 940/940/940 
f 947/947/947 948/948/948 949/949/949 
f 949/949/949 950/950/950 947/947/947 
f 950/950/950 949/949/949 951/951/951 
f 951/951/951 952/952/952 950/950/950 
f 956/956/956 957/957/957 958/958/958 
f 958/958/958 957/957/957 959/959/959 
f 959/959/959 960/960/960 958/958/958 
f 957/957/957 956/956/956 961/961/961 
f 961/961/961 956/956/956 962/962/962 
f 962/962/962 963/963/963 961/961/961 
f 964/964/964 965/965/965 966/966/966 
f 966/966/966 967/967/967 964/964/964 
f 967/967/967 966/966/966 968/968/968 
f 968/968/968 969/969/969 967/967/967 
f 971/971/971 972/972/972 973/973/973 
f 973/973/973 975/975/975 971/971/971 
f 975/975/975 973/973/973 977/977/977 
f 977/977/977 978/978/978 975/975/975 
f 977/977/977 979/979/979 978/978/978 
f 980/980/980 979/979/979 977/977/977 
f 982/982/982 983/983/983 984/984/984 
f 984/984/984 986/986/986 982/982/982 
f 986/986/986 984/984/984 988/988/988 
f 988/988/988 989/989/989 986/986/986 
f 988/988/988 990/990/990 989/989/989 
f 991/991/991 990/990/990 988/988/988 
f 993/993/993 994/994/994 995/995/995 
f 995/995/995 997/997/997 993/993/993 
f 997/997/997 995/995/995 999/999/999 
f 999/999/999 1000/1000/1000 997/997/997 
f 1006/1006/1006 1007/1007/1007 1008/1008/1008 
f 1008/1008/1008 1009/1009/1009 1006/1006/1006 
f 1009/1009/1009 1008/1008/1008 1011/1011/1011 
f 1011/1011/1011 1012/1012/1012 1009/1009/1009 
f 1013/1013/1013 1014/1014/1014 1015/1015/1015 
f 1015/1015/1015 1014/1014/1014 1016/1016/1016 
f 1016/1016/1016 1017/1017/1017 1015/1015/1015 
f 1014/1014/1014 1013/1013/1013 1018/1018/1018 
f 1018/1018/1018 1013/1013/1013 1019/1019/1019 
f 1019/1019/1019 1020/1020/1020 1018/1018/1018 
f 1021/1021/1021 1023/1023/1023 1022/1022/1022 
f 1023/1023/1023 1024/1024/1024 1022/1022/1022 
f 1024/1024/1024 1023/1023/1023 1026/1026/1026 
f 1026/1026/1026 1027/1027/1027 1024/1024/1024 
f 1028/1028/1028 1030/1030/1030 1029/1029/1029 
f 1030/1030/1030 1031/1031/1031 1029/1029/1029 
f 1031/1031/1031 1030/1030/1030 1032/1032/1032 
f 1032/1032/1032 1033/1033/1033 1031/1031/1031 
f 1034/1034/1034 1035/1035/1035 1036/1036/1036 
f 1036/1036/1036 1037/1037/1037 1034/1034/1034 
f 1038/1038/1038 1034/1034/1034 1037/1037/1037 
f 1035/1035/1035 1034/1034/1034 1039/1039/1039 
f 1040/1040/1040 1038/1038/1038 1037/1037/1037 
f 1039/1039/1039 1041/1041/1041 1035/1035/1035 
f 1042/1042/1042 1038/1038/1038 1040/1040/1040 
f 1038/1038/1038 1042/1042/1042 1043/1043/1043 
f 1043/1043/1043 1042/1042/1042 1044/1044/1044 
f 1044/1044/1044 1045/1045/1045 1043/1043/1043 
f 1042/1042/1042 1040/1040/1040 1046/1046/1046 
f 1045/1045/1045 1044/1044/1044 1047/1047/1047 
f 1046/1046/1046 1040/1040/1040 1048/1048/1048 
f 1047/1047/1047 1049/1049/1049 1045/1045/1045 
f 1049/1049/1049 1047/1047/1047 1050/1050/1050 
f 1050/1050/1050 1047/1047/1047 1051/1051/1051 
f 1051/1051/1051 1047/1047/1047 1052/1052/1052 
f 1052/1052/1052 1047/1047/1047 1053/1053/1053 
f 1048/1048/1048 1054/1054/1054 1046/1046/1046 
f 1055/1055/1055 1046/1046/1046 1054/1054/1054 
f 1055/1055/1055 1056/1056/1056 1046/1046/1046 
f 1057/1057/1057 1056/1056/1056 1055/1055/1055 
f 1058/1058/1058 1046/1046/1046 1056/1056/1056 
f 1056/1056/1056 1057/1057/1057 1059/1059/1059 
f 1059/1059/1059 1057/1057/1057 1060/1060/1060 
f 1061/1061/1061 1060/1060/1060 1057/1057/1057 
f 1041/1041/1041 1060/1060/1060 1061/1061/1061 
f 1060/1060/1060 1041/1041/1041 1062/1062/1062 
f 1039/1039/1039 1062/1062/1062 1041/1041/1041 
f 1063/1063/1063 1062/1062/1062 1039/1039/1039 
f 1046/1046/1046 1058/1058/1058 1064/1064/1064 
f 1064/1064/1064 1058/1058/1058 1065/1065/1065 
f 1066/1066/1066 1064/1064/1064 1065/1065/1065 
f 1039/1039/1039 1067/1067/1067 1063/1063/1063 
f 1064/1064/1064 1066/1066/1066 1067/1067/1067 
f 1067/1067/1067 1068/1068/1068 1063/1063/1063 
f 1067/1067/1067 1066/1066/1066 1068/1068/1068 
f 1064/1064/1064 1067/1067/1067 1069/1069/1069 
f 1070/1070/1070 1069/1069/1069 1067/1067/1067 
f 1069/1069/1069 1070/1070/1070 1071/1071/1071 
f 1072/1072/1072 1071/1071/1071 1070/1070/1070 
f 1071/1071/1071 1072/1072/1072 1073/1073/1073 
f 1074/1074/1074 1073/1073/1073 1072/1072/1072 
f 1075/1075/1075 1073/1073/1073 1074/1074/1074 
f 1075/1075/1075 1076/1076/1076 1073/1073/1073 
f 1076/1076/1076 1075/1075/1075 1077/1077/1077 
f 1077/1077/1077 1075/1075/1075 1078/1078/1078 
f 1076/1076/1076 1079/1079/1079 1073/1073/1073 
f 1080/1080/1080 1078/1078/1078 1075/1075/1075 
f 1079/1079/1079 1076/1076/1076 1081/1081/1081 
f 1082/1082/1082 1079/1079/1079 1081/1081/1081 
f 1078/1078/1078 1080/1080/1080 1083/1083/1083 
f 1084/1084/1084 1079/1079/1079 1082/1082/1082 
f 1085/1085/1085 1083/1083/1083 1080/1080/1080 
f 1083/1083/1083 1085/1085/1085 1086/1086/1086 
f 1080/1080/1080 1087/1087/1087 1085/1085/1085 
f 1086/1086/1086 1085/1085/1085 1088/1088/1088 
f 1086/1086/1086 1088/1088/1088 1089/1089/1089 
f 1089/1089/1089 1088/1088/1088 1090/1090/1090 
f 1090/1090/1090 1091/1091/1091 1089/1089/1089 
f 1091/1091/1091 1090/1090/1090 1092/1092/1092 
f 1092/1092/1092 1084/1084/1084 1091/1091/1091 
f 1093/1093/1093 1084/1084/1084 1092/1092/1092 
f 1084/1084/1084 1093/1093/1093 1079/1079/1079 
f 1093/1093/1093 1094/1094/1094 1079/1079/1079 
f 1094/1094/1094 1093/1093/1093 1095/1095/1095 
f 1096/1096/1096 1094/1094/1094 1095/1095/1095 
f 1094/1094/1094 1096/1096/1096 1097/1097/1097 
f 1098/1098/1098 1097/1097/1097 1096/1096/1096 
f 1098/1098/1098 1096/1096/1096 1099/1099/1099 
f 1087/1087/1087 1098/1098/1098 1099/1099/1099 
f 1098/1098/1098 1087/1087/1087 1080/1080/1080 
f 1100/1100/1100 1097/1097/1097 1098/1098/1098 
f 1101/1101/1101 1097/1097/1097 1100/1100/1100 
f 1097/1097/1097 1101/1101/1101 1102/1102/1102 
f 1101/1101/1101 1100/1100/1100 1103/1103/1103 
f 1103/1103/1103 1100/1100/1100 1104/1104/1104 
f 1105/1105/1105 1102/1102/1102 1101/1101/1101 
f 1102/1102/1102 1105/1105/1105 1106/1106/1106 
f 1118/1118/1118 1119/1119/1119 1120/1120/1120 
f 1120/1120/1120 1121/1121/1121 1118/1118/1118 
f 1122/1122/1122 1118/1118/1118 1121/1121/1121 
f 1119/1119/1119 1118/1118/1118 1123/1123/1123 
f 1124/1124/1124 1122/1122/1122 1121/1121/1121 
f 1123/1123/1123 1125/1125/1125 1119/1119/1119 
f 1126/1126/1126 1122/1122/1122 1124/1124/1124 
f 1122/1122/1122 1126/1126/1126 1127/1127/1127 
f 1127/1127/1127 1126/1126/1126 1128/1128/1128 
f 1128/1128/1128 1129/1129/1129 1127/1127/1127 
f 1126/1126/1126 1124/1124/1124 1130/1130/1130 
f 1129/1129/1129 1128/1128/1128 1131/1131/1131 
f 1130/1130/1130 1124/1124/1124 1132/1132/1132 
f 1131/1131/1131 1133/1133/1133 1129/1129/1129 
f 1133/1133/1133 1131/1131/1131 1134/1134/1134 
f 1134/1134/1134 1131/1131/1131 1135/1135/1135 
f 1135/1135/1135 1131/1131/1131 1136/1136/1136 
f 1136/1136/1136 1131/1131/1131 1137/1137/1137 
f 1132/1132/1132 1138/1138/1138 1130/1130/1130 
f 1139/1139/1139 1130/1130/1130 1138/1138/1138 
f 1139/1139/1139 1140/1140/1140 1130/1130/1130 
f 1141/1141/1141 1140/1140/1140 1139/1139/1139 
f 1142/1142/1142 1130/1130/1130 1140/1140/1140 
f 1140/1140/1140 1141/1141/1141 1143/1143/1143 
f 1143/1143/1143 1141/1141/1141 1144/1144/1144 
f 1145/1145/1145 1144/1144/1144 1141/1141/1141 
f 1125/1125/1125 1144/1144/1144 1145/1145/1145 
f 1144/1144/1144 1125/1125/1125 1146/1146/1146 
f 1123/1123/1123 1146/1146/1146 1125/1125/1125 
f 1147/1147/1147 1146/1146/1146 1123/1123/1123 
f 1130/1130/1130 1142/1142/1142 1148/1148/1148 
f 1148/1148/1148 1142/1142/1142 1149/1149/1149 
f 1150/1150/1150 1148/1148/1148 1149/1149/1149 
f 1123/1123/1123 1151/1151/1151 1147/1147/1147 
f 1148/1148/1148 1150/1150/1150 1151/1151/1151 
f 1151/1151/1151 1152/1152/1152 1147/1147/1147 
f 1151/1151/1151 1150/1150/1150 1152/1152/1152 
f 1148/1148/1148 1151/1151/1151 1153/1153/1153 
f 1154/1154/1154 1153/1153/1153 1151/1151/1151 
f 1153/1153/1153 1154/1154/1154 1155/1155/1155 
f 1156/1156/1156 1155/1155/1155 1154/1154/1154 
f 1155/1155/1155 1156/1156/1156 1157/1157/1157 
f 1158/1158/1158 1157/1157/1157 1156/1156/1156 
f 1159/1159/1159 1157/1157/1157 1158/1158/1158 
f 1159/1159/1159 1160/1160/1160 1157/1157/1157 
f 1160/1160/1160 1159/1159/1159 1161/1161/1161 
f 1161/1161/1161 1159/1159/1159 1162/1162/1162 
f 1160/1160/1160 1163/1163/1163 1157/1157/1157 
f 1164/1164/1164 1162/1162/1162 1159/1159/1159 
f 1163/1163/1163 1160/1160/1160 1165/1165/1165 
f 1166/1166/1166 1163/1163/1163 1165/1165/1165 
f 1162/1162/1162 1164/1164/1164 1167/1167/1167 
f 1168/1168/1168 1163/1163/1163 1166/1166/1166 
f 1169/1169/1169 1167/1167/1167 1164/1164/1164 
f 1167/1167/1167 1169/1169/1169 1170/1170/1170 
f 1164/1164/1164 1171/1171/1171 1169/1169/1169 
f 1170/1170/1170 1169/1169/1169 1172/1172/1172 
f 1170/1170/1170 1172/1172/1172 1173/1173/1173 
f 1173/1173/1173 1172/1172/1172 1174/1174/1174 
f 1174/1174/1174 1175/1175/1175 1173/1173/1173 
f 1175/1175/1175 1174/1174/1174 1176/1176/1176 
f 1176/1176/1176 1168/1168/1168 1175/1175/1175 
f 1177/1177/1177 1168/1168/1168 1176/1176/1176 
f 1168/1168/1168 1177/1177/1177 1163/1163/1163 
f 1177/1177/1177 1178/1178/1178 1163/1163/1163 
f 1178/1178/1178 1177/1177/1177 1179/1179/1179 
f 1180/1180/1180 1178/1178/1178 1179/1179/1179 
f 1178/1178/1178 1180/1180/1180 1181/1181/1181 
f 1182/1182/1182 1181/1181/1181 1180/1180/1180 
f 1182/1182/1182 1180/1180/1180 1183/1183/1183 
f 1171/1171/1171 1182/1182/1182 1183/1183/1183 
f 1182/1182/1182 1171/1171/1171 1164/1164/1164 
f 1184/1184/1184 1181/1181/1181 1182/1182/1182 
f 1185/1185/1185 1181/1181/1181 1184/1184/1184 
f 1181/1181/1181 1185/1185/1185 1186/1186/1186 
f 1185/1185/1185 1184/1184/1184 1187/1187/1187 
f 1187/1187/1187 1184/1184/1184 1188/1188/1188 
f 1189/1189/1189 1186/1186/1186 1185/1185/1185 
f 1186/1186/1186 1189/1189/1189 1190/1190/1190 

