# This file is brought to you by Roblox Corporation
# Generated by Roblox Studio

mtllib Front.mtl

g Meshpart1

v 0.0435154 -0.202428 -0.143376 
v 0.0332085 -0.0652578 -0.143376 
v 0.0435154 -0.202428 -0.0293137 
v 0.0332085 -0.0652577 -0.0293137 
v 0.0705131 -0.319103 -0.0293137 
v 0.0414915 0.0424505 -0.0293137 
v 0.0705131 -0.319103 -0.143376 
v 0.0414915 0.0424505 -0.143376 
v 0.0675002 -0.334446 -0.143376 
v 0.0478064 0.0775604 -0.0293137 
v 0.0675002 -0.334446 -0.0293137 
v 0.0478064 0.0775604 -0.143376 
v 0.0532506 -0.350612 -0.143376 
v 0.0336028 0.097287 -0.0293137 
v 0.0532506 -0.350612 -0.0293137 
v 0.0336028 0.0972869 -0.143376 
v 0.000920963 -0.337187 -0.0293137 
v -0.0468811 0.0598083 -0.0293137 
v 0.0435154 -0.202428 0.0188465 
v 0.0332085 -0.0652577 0.0188465 
v 0.0435154 -0.202428 0.132909 
v 0.0332085 -0.0652577 0.132909 
v 0.0705131 -0.319103 0.132909 
v 0.0414915 0.0424506 0.132909 
v 0.0705131 -0.319103 0.0188465 
v 0.0414915 0.0424505 0.0188465 
v 0.0675002 -0.334446 0.0188465 
v 0.0478064 0.0775605 0.132909 
v 0.0675002 -0.334446 0.132909 
v 0.0478064 0.0775604 0.0188465 
v 0.0532506 -0.350612 0.0188465 
v 0.0336027 0.0972871 0.132909 
v 0.0532506 -0.350612 0.132909 
v 0.0336028 0.097287 0.0188465 
v 0.000920947 -0.337187 0.132909 
v -0.0468812 0.0598084 0.132909 
v 0.136616 -0.677124 -0.0293137 
v 0.0421716 -0.677124 -0.0293137 
v 0.136616 -0.677124 -0.143376 
v 0.156178 -0.733606 -0.0293137 
v 0.156178 -0.733607 -0.143376 
v 0.148861 -1.01634 -0.0293137 
v 0.148861 -1.01634 -0.143376 
v 0.132279 -1.2814 -0.0293137 
v 0.132279 -1.2814 -0.143376 
v 0.0691562 -1.62893 -0.0293137 
v 0.0691562 -1.62893 -0.143376 
v 0.00935837 -1.83214 -0.0293137 
v 0.00935838 -1.83214 -0.143376 
v -0.0423503 -1.89301 -0.0293137 
v -0.0423503 -1.89301 -0.143376 
v 0.136616 -0.677124 0.132909 
v 0.0421716 -0.677124 0.132909 
v 0.136616 -0.677124 0.0188465 
v 0.156178 -0.733606 0.132909 
v 0.156178 -0.733606 0.0188465 
v 0.148861 -1.01634 0.132909 
v 0.148861 -1.01634 0.0188465 
v 0.132279 -1.2814 0.132909 
v 0.132279 -1.2814 0.0188465 
v 0.0691562 -1.62893 0.132909 
v 0.0691562 -1.62893 0.0188465 
v 0.00935835 -1.83214 0.132909 
v 0.00935836 -1.83214 0.0188465 
v -0.0423503 -1.89301 0.132909 
v -0.0423503 -1.89301 0.0188465 
v 0.0336028 0.097287 -0.0293137 
v 0.0336028 0.0972869 -0.143376 
v -0.00269319 0.099656 -0.0293137 
v -0.00269318 0.0996559 -0.143376 
v -0.0346522 0.0838752 -0.0293137 
v -0.0346521 0.0838752 -0.143376 
v -0.0468811 0.0598083 -0.0293137 
v -0.0468811 0.0598083 -0.143376 
v 0.0336027 0.0972871 0.132909 
v 0.0336028 0.097287 0.0188465 
v -0.00269321 0.099656 0.132909 
v -0.00269319 0.099656 0.0188465 
v -0.0346522 0.0838753 0.132909 
v -0.0346522 0.0838752 0.0188465 
v -0.0468812 0.0598084 0.132909 
v -0.0468811 0.0598083 0.0188465 
v 0.0421716 -0.677124 -0.143376 
v 0.0893954 -0.653727 -0.0293137 
v 0.0893954 -0.653727 -0.143376 
v 0.136616 -0.677124 -0.0293137 
v 0.0421716 -0.677124 -0.0293137 
v 0.136616 -0.677124 -0.143376 
v 0.156178 -0.733606 -0.0293137 
v 0.0421716 -0.677124 0.0188465 
v 0.0893954 -0.653727 0.132909 
v 0.0893954 -0.653727 0.0188465 
v 0.136616 -0.677124 0.132909 
v 0.0421716 -0.677124 0.132909 
v 0.136616 -0.677124 0.0188465 
v 0.0332085 -0.0652577 0.132909 
v -0.043727 -0.157182 0.132909 
v 0.0435154 -0.202428 0.132909 
v -0.0105852 -0.305132 0.132909 
v -0.0512214 -0.0277758 0.132909 
v 0.0705131 -0.319103 0.132909 
v 0.000920947 -0.337187 0.132909 
v 0.0285922 -0.353352 0.132909 
v 0.0675002 -0.334446 0.132909 
v 0.0532506 -0.350612 0.132909 
v 0.0414915 0.0424506 0.132909 
v -0.0468812 0.0598084 0.132909 
v -0.0346522 0.0838753 0.132909 
v -0.00269321 0.099656 0.132909 
v 0.0478064 0.0775605 0.132909 
v 0.0336027 0.0972871 0.132909 
v 0.148861 -1.01634 0.132909 
v 0.0119934 -1.09095 0.132909 
v 0.132279 -1.2814 0.132909 
v -0.00561082 -1.23133 0.132909 
v 0.0226124 -0.733606 0.132909 
v -0.0687303 -1.53763 0.132909 
v 0.156178 -0.733606 0.132909 
v 0.0691562 -1.62893 0.132909 
v 0.136616 -0.677124 0.132909 
v 0.0421716 -0.677124 0.132909 
v 0.0893954 -0.653727 0.132909 
v -0.159718 -1.82429 0.132909 
v 0.00935835 -1.83214 0.132909 
v -0.0423503 -1.89301 0.132909 
v -0.103906 -1.89988 0.132909 
v -0.153972 -1.86651 0.132909 
v 0.0332085 -0.0652577 -0.0293137 
v -0.043727 -0.157182 -0.0293137 
v 0.0435154 -0.202428 -0.0293137 
v -0.0105852 -0.305132 -0.0293137 
v -0.0512214 -0.0277758 -0.0293137 
v 0.0705131 -0.319103 -0.0293137 
v 0.000920963 -0.337187 -0.0293137 
v 0.0285922 -0.353352 -0.0293137 
v 0.0675002 -0.334446 -0.0293137 
v 0.0532506 -0.350612 -0.0293137 
v 0.0414915 0.0424505 -0.0293137 
v -0.0468811 0.0598083 -0.0293137 
v -0.0346522 0.0838752 -0.0293137 
v -0.00269319 0.099656 -0.0293137 
v 0.0478064 0.0775604 -0.0293137 
v 0.0336028 0.097287 -0.0293137 
v 0.148861 -1.01634 -0.0293137 
v 0.0119934 -1.09095 -0.0293137 
v 0.132279 -1.2814 -0.0293137 
v -0.0056108 -1.23133 -0.0293137 
v 0.0226124 -0.733607 -0.0293137 
v -0.0687303 -1.53763 -0.0293137 
v 0.156178 -0.733606 -0.0293137 
v 0.0691562 -1.62893 -0.0293137 
v 0.136616 -0.677124 -0.0293137 
v 0.0421716 -0.677124 -0.0293137 
v 0.0893954 -0.653727 -0.0293137 
v -0.159718 -1.82429 -0.0293137 
v 0.00935837 -1.83214 -0.0293137 
v -0.0423503 -1.89301 -0.0293137 
v -0.103906 -1.89988 -0.0293137 
v -0.153972 -1.86651 -0.0293137 
v 0.0532506 -0.350612 -0.143376 
v 0.000920974 -0.337187 -0.143376 
v -0.0346522 0.0838752 -0.0293137 
v 0.000920963 -0.337187 -0.0293137 
v -0.0346521 0.0838752 -0.143376 
v -0.0105852 -0.305132 -0.143376 
v -0.0468811 0.0598083 -0.0293137 
v -0.0105852 -0.305132 -0.0293137 
v -0.0468811 0.0598083 -0.143376 
v -0.043727 -0.157182 -0.143376 
v -0.0512214 -0.0277758 -0.0293137 
v -0.043727 -0.157182 -0.0293137 
v -0.0512214 -0.0277759 -0.143376 
v 0.0532506 -0.350612 0.0188465 
v 0.000920958 -0.337187 0.0188465 
v -0.0346522 0.0838753 0.132909 
v 0.000920947 -0.337187 0.132909 
v -0.0346522 0.0838752 0.0188465 
v -0.0105852 -0.305132 0.0188465 
v -0.0468812 0.0598084 0.132909 
v -0.0105852 -0.305132 0.132909 
v -0.0468811 0.0598083 0.0188465 
v -0.043727 -0.157182 0.0188465 
v -0.0512214 -0.0277758 0.132909 
v -0.043727 -0.157182 0.132909 
v -0.0512214 -0.0277758 0.0188465 
v 0.0421716 -0.677124 -0.143376 
v 0.0421716 -0.677124 -0.0293137 
v 0.136616 -0.677124 -0.143376 
v 0.0226125 -0.733607 -0.143376 
v 0.156178 -0.733606 -0.0293137 
v 0.0226124 -0.733607 -0.0293137 
v 0.0119934 -1.09095 -0.143376 
v 0.0119934 -1.09095 -0.0293137 
v -0.0056108 -1.23133 -0.0293137 
v -0.00561079 -1.23133 -0.143376 
v -0.0687303 -1.53763 -0.143376 
v -0.0687303 -1.53763 -0.0293137 
v -0.159718 -1.82429 -0.143376 
v -0.159718 -1.82429 -0.0293137 
v 0.00935838 -1.83214 -0.143376 
v -0.153972 -1.86651 -0.143376 
v -0.0423503 -1.89301 -0.0293137 
v -0.153972 -1.86651 -0.0293137 
v 0.0421716 -0.677124 0.0188465 
v 0.0421716 -0.677124 0.132909 
v 0.136616 -0.677124 0.0188465 
v 0.0226124 -0.733606 0.0188465 
v 0.156178 -0.733606 0.132909 
v 0.0226124 -0.733606 0.132909 
v 0.0119934 -1.09095 0.0188465 
v 0.0119934 -1.09095 0.132909 
v -0.00561082 -1.23133 0.132909 
v -0.00561081 -1.23133 0.0188465 
v -0.0687303 -1.53763 0.0188465 
v -0.0687303 -1.53763 0.132909 
v -0.159718 -1.82429 0.0188465 
v -0.159718 -1.82429 0.132909 
v 0.00935836 -1.83214 0.0188465 
v -0.153972 -1.86651 0.0188465 
v -0.0423503 -1.89301 0.132909 
v -0.153972 -1.86651 0.132909 
v 0.0705131 -0.319103 -0.0293137 
v 0.0532506 -0.350612 -0.143376 
v 0.0532506 -0.350612 -0.0293137 
v 0.0336028 0.0972869 -0.143376 
v 0.0285922 -0.353352 -0.143376 
v 0.0285922 -0.353352 -0.0293137 
v 0.000920974 -0.337187 -0.143376 
v 0.000920963 -0.337187 -0.0293137 
v -0.0468811 0.0598083 -0.0293137 
v -0.0468811 0.0598083 -0.143376 
v 0.0705131 -0.319103 0.132909 
v 0.0532506 -0.350612 0.0188465 
v 0.0532506 -0.350612 0.132909 
v 0.0336028 0.097287 0.0188465 
v 0.0285922 -0.353352 0.0188465 
v 0.0285922 -0.353352 0.132909 
v 0.000920958 -0.337187 0.0188465 
v 0.000920947 -0.337187 0.132909 
v -0.0468812 0.0598084 0.132909 
v -0.0468811 0.0598083 0.0188465 
v 0.00935838 -1.83214 -0.143376 
v -0.153972 -1.86651 -0.143376 
v -0.0423503 -1.89301 -0.0293137 
v -0.153972 -1.86651 -0.0293137 
v -0.0423503 -1.89301 -0.143376 
v -0.103906 -1.89988 -0.143376 
v -0.103906 -1.89988 -0.0293137 
v 0.00935836 -1.83214 0.0188465 
v -0.153972 -1.86651 0.0188465 
v -0.0423503 -1.89301 0.132909 
v -0.153972 -1.86651 0.132909 
v -0.0423503 -1.89301 0.0188465 
v -0.103906 -1.89988 0.0188465 
v -0.103906 -1.89988 0.132909 
v -0.0105852 -0.305132 -0.143376 
v 0.0705131 -0.319103 -0.143376 
v 0.000920974 -0.337187 -0.143376 
v 0.0285922 -0.353352 -0.143376 
v 0.0675002 -0.334446 -0.143376 
v 0.0532506 -0.350612 -0.143376 
v 0.0435154 -0.202428 -0.143376 
v -0.043727 -0.157182 -0.143376 
v 0.0332085 -0.0652578 -0.143376 
v -0.0512214 -0.0277759 -0.143376 
v 0.0414915 0.0424505 -0.143376 
v -0.0468811 0.0598083 -0.143376 
v -0.0346521 0.0838752 -0.143376 
v -0.00269318 0.0996559 -0.143376 
v 0.0478064 0.0775604 -0.143376 
v 0.0336028 0.0972869 -0.143376 
v -0.0423503 -1.89301 -0.143376 
v -0.159718 -1.82429 -0.143376 
v 0.00935838 -1.83214 -0.143376 
v -0.103906 -1.89988 -0.143376 
v -0.153972 -1.86651 -0.143376 
v 0.0691562 -1.62893 -0.143376 
v -0.0687303 -1.53763 -0.143376 
v 0.132279 -1.2814 -0.143376 
v -0.00561079 -1.23133 -0.143376 
v 0.0119934 -1.09095 -0.143376 
v 0.148861 -1.01634 -0.143376 
v 0.0226125 -0.733607 -0.143376 
v 0.156178 -0.733607 -0.143376 
v 0.136616 -0.677124 -0.143376 
v 0.0421716 -0.677124 -0.143376 
v 0.0893954 -0.653727 -0.143376 
v -0.0105852 -0.305132 0.0188465 
v 0.0705131 -0.319103 0.0188465 
v 0.000920958 -0.337187 0.0188465 
v 0.0285922 -0.353352 0.0188465 
v 0.0675002 -0.334446 0.0188465 
v 0.0532506 -0.350612 0.0188465 
v 0.0435154 -0.202428 0.0188465 
v -0.043727 -0.157182 0.0188465 
v 0.0332085 -0.0652577 0.0188465 
v -0.0512214 -0.0277758 0.0188465 
v 0.0414915 0.0424505 0.0188465 
v -0.0468811 0.0598083 0.0188465 
v -0.0346522 0.0838752 0.0188465 
v -0.00269319 0.099656 0.0188465 
v 0.0478064 0.0775604 0.0188465 
v 0.0336028 0.097287 0.0188465 
v -0.0423503 -1.89301 0.0188465 
v -0.159718 -1.82429 0.0188465 
v 0.00935836 -1.83214 0.0188465 
v -0.103906 -1.89988 0.0188465 
v -0.153972 -1.86651 0.0188465 
v 0.0691562 -1.62893 0.0188465 
v -0.0687303 -1.53763 0.0188465 
v 0.132279 -1.2814 0.0188465 
v -0.00561081 -1.23133 0.0188465 
v 0.0119934 -1.09095 0.0188465 
v 0.148861 -1.01634 0.0188465 
v 0.0226124 -0.733606 0.0188465 
v 0.156178 -0.733606 0.0188465 
v 0.136616 -0.677124 0.0188465 
v 0.0421716 -0.677124 0.0188465 
v 0.0893954 -0.653727 0.0188465 

vn 0.992126 0.149606 0 
vn 1 0 0 
vn 0.992126 0.149606 0 
vn 1 0 0 
vn 1 0.015748 0 
vn 0.992126 -0.125984 0 
vn 1 0.015748 0 
vn 0.992126 -0.125984 0 
vn 0.897638 -0.440945 0 
vn 0.976378 0.220472 0 
vn 0.897638 -0.440945 0 
vn 0.976378 0.220472 0 
vn 0.464567 -0.889764 0 
vn 0.480315 0.874016 0 
vn 0.464567 -0.889764 0 
vn 0.480315 0.874016 0 
vn -0.771654 -0.637795 0 
vn -0.968504 0.259843 0 
vn 0.992126 0.149606 0 
vn 1 0 0 
vn 0.992126 0.149606 0 
vn 1 0 0 
vn 1 0.015748 0 
vn 0.992126 -0.125984 0 
vn 1 0.015748 0 
vn 0.992126 -0.125984 0 
vn 0.897638 -0.440945 0 
vn 0.976378 0.220472 0 
vn 0.897638 -0.440945 0 
vn 0.976378 0.220472 0 
vn 0.464567 -0.889764 0 
vn 0.480315 0.874016 0 
vn 0.464567 -0.889764 0 
vn 0.480315 0.874016 0 
vn -0.771654 -0.637795 0 
vn -0.968504 0.259843 0 
vn 0.748031 0.661417 0 
vn -0.748031 0.661417 0 
vn 0.748031 0.661417 0 
vn 0.992126 0.149606 0 
vn 0.992126 0.149606 0 
vn 1 -0.0472441 0 
vn 1 -0.0472441 0 
vn 0.992126 -0.11811 0 
vn 0.992126 -0.11811 0 
vn 0.976378 -0.228346 0 
vn 0.976378 -0.228346 0 
vn 0.88189 -0.472441 0 
vn 0.88189 -0.472441 0 
vn 0.472441 -0.88189 0 
vn 0.472441 -0.88189 0 
vn 0.748031 0.661417 0 
vn -0.748031 0.661417 0 
vn 0.748031 0.661417 0 
vn 0.992126 0.149606 0 
vn 0.992126 0.149606 0 
vn 1 -0.0472441 0 
vn 1 -0.0472441 0 
vn 0.992126 -0.11811 0 
vn 0.992126 -0.11811 0 
vn 0.976378 -0.228346 0 
vn 0.976378 -0.228346 0 
vn 0.88189 -0.472441 0 
vn 0.88189 -0.472441 0 
vn 0.472441 -0.88189 0 
vn 0.472441 -0.88189 0 
vn 0.480315 0.874016 0 
vn 0.480315 0.874016 0 
vn -0.19685 0.984252 0 
vn -0.19685 0.984252 0 
vn -0.700787 0.708661 0 
vn -0.700787 0.708661 0 
vn -0.968504 0.259843 0 
vn -0.968504 0.259843 0 
vn 0.480315 0.874016 0 
vn 0.480315 0.874016 0 
vn -0.19685 0.984252 0 
vn -0.19685 0.984252 0 
vn -0.700787 0.708661 0 
vn -0.700787 0.708661 0 
vn -0.968504 0.259843 0 
vn -0.968504 0.259843 0 
vn -0.748031 0.661417 0 
vn 0 1 0 
vn 0 1 0 
vn 0.748031 0.661417 0 
vn -0.748031 0.661417 0 
vn 0.748031 0.661417 0 
vn 0.992126 0.149606 0 
vn -0.748031 0.661417 0 
vn 0 1 0 
vn 0 1 0 
vn 0.748031 0.661417 0 
vn -0.748031 0.661417 0 
vn 0.748031 0.661417 0 
vn 0 0 1 
vn 0 0 1 
vn 0 0 1 
vn 0 0 1 
vn 0 0 1 
vn 0 0 1 
vn 0 0 1 
vn 0 0 1 
vn 0 0 1 
vn 0 0 1 
vn 0 0 1 
vn 0 0 1 
vn 0 0 1 
vn 0 0 1 
vn 0 0 1 
vn 0 0 1 
vn 0 0 1 
vn 0 0 1 
vn 0 0 1 
vn 0 0 1 
vn 0 0 1 
vn 0 0 1 
vn 0 0 1 
vn 0 0 1 
vn 0 0 1 
vn 0 0 1 
vn 0 0 1 
vn 0 0 1 
vn 0 0 1 
vn 0 0 1 
vn 0 0 1 
vn 0 0 1 
vn 0 0 1 
vn 0 0 1 
vn 0 0 1 
vn 0 0 1 
vn 0 0 1 
vn 0 0 1 
vn 0 0 1 
vn 0 0 1 
vn 0 0 1 
vn 0 0 1 
vn 0 0 1 
vn 0 0 1 
vn 0 0 1 
vn 0 0 1 
vn 0 0 1 
vn 0 0 1 
vn 0 0 1 
vn 0 0 1 
vn 0 0 1 
vn 0 0 1 
vn 0 0 1 
vn 0 0 1 
vn 0 0 1 
vn 0 0 1 
vn 0 0 1 
vn 0 0 1 
vn 0 0 1 
vn 0 0 1 
vn 0 0 1 
vn 0 0 1 
vn 0 0 1 
vn 0 0 1 
vn 0.464567 -0.889764 0 
vn -0.771654 -0.637795 0 
vn -0.700787 0.708661 0 
vn -0.771654 -0.637795 0 
vn -0.700787 0.708661 0 
vn -0.96063 -0.275591 0 
vn -0.968504 0.259843 0 
vn -0.96063 -0.275591 0 
vn -0.968504 0.259843 0 
vn -0.992126 -0.141732 0 
vn -1 -0.00787402 0 
vn -0.992126 -0.141732 0 
vn -1 -0.00787402 0 
vn 0.464567 -0.889764 0 
vn -0.771654 -0.637795 0 
vn -0.700787 0.708661 0 
vn -0.771654 -0.637795 0 
vn -0.700787 0.708661 0 
vn -0.96063 -0.275591 0 
vn -0.968504 0.259843 0 
vn -0.96063 -0.275591 0 
vn -0.968504 0.259843 0 
vn -0.992126 -0.141732 0 
vn -1 -0.00787402 0 
vn -0.992126 -0.141732 0 
vn -1 -0.00787402 0 
vn -0.748031 0.661417 0 
vn -0.748031 0.661417 0 
vn 0.748031 0.661417 0 
vn -0.984252 0.181102 0 
vn 0.992126 0.149606 0 
vn -0.984252 0.181102 0 
vn -1 0.0787402 0 
vn -1 0.0787402 0 
vn -0.984252 0.165354 0 
vn -0.984252 0.165354 0 
vn -0.968504 0.251969 0 
vn -0.968504 0.251969 0 
vn -1 0.0866142 0 
vn -1 0.0866142 0 
vn 0.88189 -0.472441 0 
vn -0.850394 -0.527559 0 
vn 0.472441 -0.88189 0 
vn -0.850394 -0.527559 0 
vn -0.748031 0.661417 0 
vn -0.748031 0.661417 0 
vn 0.748031 0.661417 0 
vn -0.984252 0.181102 0 
vn 0.992126 0.149606 0 
vn -0.984252 0.181102 0 
vn -1 0.0787402 0 
vn -1 0.0787402 0 
vn -0.984252 0.165354 0 
vn -0.984252 0.165354 0 
vn -0.968504 0.251969 0 
vn -0.968504 0.251969 0 
vn -1 0.0866142 0 
vn -1 0.0866142 0 
vn 0.88189 -0.472441 0 
vn -0.850394 -0.527559 0 
vn 0.472441 -0.88189 0 
vn -0.850394 -0.527559 0 
vn 1 0.015748 0 
vn 0.464567 -0.889764 0 
vn 0.464567 -0.889764 0 
vn 0.480315 0.874016 0 
vn -0.204724 -0.976378 0 
vn -0.204724 -0.976378 0 
vn -0.771654 -0.637795 0 
vn -0.771654 -0.637795 0 
vn -0.968504 0.259843 0 
vn -0.968504 0.259843 0 
vn 1 0.015748 0 
vn 0.464567 -0.889764 0 
vn 0.464567 -0.889764 0 
vn 0.480315 0.874016 0 
vn -0.204724 -0.976378 0 
vn -0.204724 -0.976378 0 
vn -0.771654 -0.637795 0 
vn -0.771654 -0.637795 0 
vn -0.968504 0.259843 0 
vn -0.968504 0.259843 0 
vn 0.88189 -0.472441 0 
vn -0.850394 -0.527559 0 
vn 0.472441 -0.88189 0 
vn -0.850394 -0.527559 0 
vn 0.472441 -0.88189 0 
vn -0.23622 -0.968504 0 
vn -0.23622 -0.968504 0 
vn 0.88189 -0.472441 0 
vn -0.850394 -0.527559 0 
vn 0.472441 -0.88189 0 
vn -0.850394 -0.527559 0 
vn 0.472441 -0.88189 0 
vn -0.23622 -0.968504 0 
vn -0.23622 -0.968504 0 
vn 0 0 -1 
vn 0 0 -1 
vn 0 0 -1 
vn 0 0 -1 
vn 0 0 -1 
vn 0 0 -1 
vn 0 0 -1 
vn 0 0 -1 
vn 0 0 -1 
vn 0 0 -1 
vn 0 0 -1 
vn 0 0 -1 
vn 0 0 -1 
vn 0 0 -1 
vn 0 0 -1 
vn 0 0 -1 
vn 0 0 -1 
vn 0 0 -1 
vn 0 0 -1 
vn 0 0 -1 
vn 0 0 -1 
vn 0 0 -1 
vn 0 0 -1 
vn 0 0 -1 
vn 0 0 -1 
vn 0 0 -1 
vn 0 0 -1 
vn 0 0 -1 
vn 0 0 -1 
vn 0 0 -1 
vn 0 0 -1 
vn 0 0 -1 
vn 0 0 -1 
vn 0 0 -1 
vn 0 0 -1 
vn 0 0 -1 
vn 0 0 -1 
vn 0 0 -1 
vn 0 0 -1 
vn 0 0 -1 
vn 0 0 -1 
vn 0 0 -1 
vn 0 0 -1 
vn 0 0 -1 
vn 0 0 -1 
vn 0 0 -1 
vn 0 0 -1 
vn 0 0 -1 
vn 0 0 -1 
vn 0 0 -1 
vn 0 0 -1 
vn 0 0 -1 
vn 0 0 -1 
vn 0 0 -1 
vn 0 0 -1 
vn 0 0 -1 
vn 0 0 -1 
vn 0 0 -1 
vn 0 0 -1 
vn 0 0 -1 
vn 0 0 -1 
vn 0 0 -1 
vn 0 0 -1 
vn 0 0 -1 

vt -0.169383 0.589116 
vt -0.169383 0.606262 
vt -0.183641 0.589116 
vt -0.183641 0.606262 
vt -0.183641 0.574531 
vt -0.183641 0.619725 
vt -0.169383 0.574531 
vt -0.169383 0.619725 
vt -0.169383 0.572613 
vt -0.183641 0.624114 
vt -0.183641 0.572613 
vt -0.169383 0.624114 
vt -0.169383 0.570593 
vt -0.183641 0.62658 
vt -0.183641 0.570593 
vt -0.169383 0.62658 
vt -0.183641 0.572271 
vt -0.183641 0.621895 
vt -0.189661 0.589116 
vt -0.189661 0.606262 
vt -0.203918 0.589116 
vt -0.203918 0.606262 
vt -0.203918 0.574531 
vt -0.203918 0.619725 
vt -0.189661 0.574531 
vt -0.189661 0.619725 
vt -0.189661 0.572613 
vt -0.203918 0.624114 
vt -0.203918 0.572613 
vt -0.189661 0.624114 
vt -0.189661 0.570593 
vt -0.203918 0.62658 
vt -0.203918 0.570593 
vt -0.189661 0.62658 
vt -0.203918 0.572271 
vt -0.203918 0.621895 
vt -0.183641 0.529779 
vt -0.183641 0.529779 
vt -0.169383 0.529779 
vt -0.183641 0.522718 
vt -0.169383 0.522718 
vt -0.183641 0.487377 
vt -0.169383 0.487377 
vt -0.183641 0.454244 
vt -0.169383 0.454244 
vt -0.183641 0.410803 
vt -0.169383 0.410803 
vt -0.183641 0.385401 
vt -0.169383 0.385401 
vt -0.183641 0.377793 
vt -0.169383 0.377793 
vt -0.203918 0.529779 
vt -0.203918 0.529779 
vt -0.189661 0.529779 
vt -0.203918 0.522718 
vt -0.189661 0.522718 
vt -0.203918 0.487377 
vt -0.189661 0.487377 
vt -0.203918 0.454244 
vt -0.189661 0.454244 
vt -0.203918 0.410803 
vt -0.189661 0.410803 
vt -0.203918 0.385401 
vt -0.189661 0.385401 
vt -0.203918 0.377793 
vt -0.189661 0.377793 
vt -0.191072 0.498895 
vt -0.191072 0.484637 
vt -0.186535 0.498895 
vt -0.186535 0.484637 
vt -0.18254 0.498895 
vt -0.18254 0.484637 
vt -0.181012 0.498895 
vt -0.181012 0.484637 
vt -0.191072 0.519173 
vt -0.191072 0.504915 
vt -0.186535 0.519173 
vt -0.186535 0.504915 
vt -0.18254 0.519173 
vt -0.18254 0.504915 
vt -0.181012 0.519173 
vt -0.181012 0.504915 
vt -0.192143 0.484637 
vt -0.198046 0.498895 
vt -0.198046 0.484637 
vt -0.203949 0.498895 
vt -0.192143 0.498895 
vt -0.203949 0.484637 
vt -0.206394 0.498895 
vt -0.192143 0.504915 
vt -0.198046 0.519173 
vt -0.198046 0.504915 
vt -0.203949 0.519173 
vt -0.192143 0.519173 
vt -0.203949 0.504915 
vt -0.182278 0.606262 
vt -0.191895 0.594771 
vt -0.18099 0.589116 
vt -0.187752 0.576278 
vt -0.192832 0.610947 
vt -0.177615 0.574531 
vt -0.186314 0.572271 
vt -0.182855 0.57025 
vt -0.177992 0.572613 
vt -0.179773 0.570593 
vt -0.181243 0.619725 
vt -0.192289 0.621895 
vt -0.190761 0.624904 
vt -0.186766 0.626876 
vt -0.180454 0.624114 
vt -0.182229 0.62658 
vt -0.167822 0.487377 
vt -0.18493 0.47805 
vt -0.169894 0.454244 
vt -0.187131 0.460502 
vt -0.183603 0.522718 
vt -0.195021 0.422215 
vt -0.166907 0.522718 
vt -0.177785 0.410803 
vt -0.169352 0.529779 
vt -0.181158 0.529779 
vt -0.175255 0.532703 
vt -0.206394 0.386383 
vt -0.18526 0.385401 
vt -0.191723 0.377793 
vt -0.199418 0.376934 
vt -0.205676 0.381106 
vt -0.182278 0.606262 
vt -0.191895 0.594771 
vt -0.18099 0.589116 
vt -0.187752 0.576278 
vt -0.192832 0.610947 
vt -0.177615 0.574531 
vt -0.186314 0.572271 
vt -0.182855 0.57025 
vt -0.177992 0.572613 
vt -0.179773 0.570593 
vt -0.181243 0.619725 
vt -0.192289 0.621895 
vt -0.190761 0.624904 
vt -0.186766 0.626876 
vt -0.180454 0.624114 
vt -0.182229 0.62658 
vt -0.167822 0.487377 
vt -0.18493 0.47805 
vt -0.169894 0.454244 
vt -0.187131 0.460502 
vt -0.183603 0.522718 
vt -0.195021 0.422215 
vt -0.166907 0.522718 
vt -0.177785 0.410803 
vt -0.169352 0.529779 
vt -0.181158 0.529779 
vt -0.175255 0.532703 
vt -0.206394 0.386383 
vt -0.18526 0.385401 
vt -0.191723 0.377793 
vt -0.199418 0.376934 
vt -0.205676 0.381106 
vt -0.203918 0.570593 
vt -0.203918 0.572271 
vt -0.189661 0.624904 
vt -0.189661 0.572271 
vt -0.203918 0.624904 
vt -0.203918 0.576278 
vt -0.189661 0.621895 
vt -0.189661 0.576278 
vt -0.203918 0.621895 
vt -0.203918 0.594771 
vt -0.189661 0.610947 
vt -0.189661 0.594771 
vt -0.203918 0.610947 
vt -0.183641 0.570593 
vt -0.183641 0.572271 
vt -0.169383 0.624904 
vt -0.169383 0.572271 
vt -0.183641 0.624904 
vt -0.183641 0.576278 
vt -0.169383 0.621895 
vt -0.169383 0.576278 
vt -0.183641 0.621895 
vt -0.183641 0.594771 
vt -0.169383 0.610947 
vt -0.169383 0.594771 
vt -0.183641 0.610947 
vt -0.203918 0.529779 
vt -0.189661 0.529779 
vt -0.203918 0.529779 
vt -0.203918 0.522718 
vt -0.189661 0.522718 
vt -0.189661 0.522718 
vt -0.203918 0.47805 
vt -0.189661 0.47805 
vt -0.189661 0.460502 
vt -0.203918 0.460502 
vt -0.203918 0.422215 
vt -0.189661 0.422215 
vt -0.203918 0.386383 
vt -0.189661 0.386383 
vt -0.203918 0.385401 
vt -0.203918 0.381106 
vt -0.189661 0.377793 
vt -0.189661 0.381106 
vt -0.183641 0.529779 
vt -0.169383 0.529779 
vt -0.183641 0.529779 
vt -0.183641 0.522718 
vt -0.169383 0.522718 
vt -0.169383 0.522718 
vt -0.183641 0.47805 
vt -0.169383 0.47805 
vt -0.169383 0.460502 
vt -0.183641 0.460502 
vt -0.183641 0.422215 
vt -0.169383 0.422215 
vt -0.183641 0.386383 
vt -0.169383 0.386383 
vt -0.183641 0.385401 
vt -0.183641 0.381106 
vt -0.169383 0.377793 
vt -0.169383 0.381106 
vt -0.177615 0.498895 
vt -0.179773 0.484637 
vt -0.179773 0.498895 
vt -0.182229 0.484637 
vt -0.182855 0.484637 
vt -0.182855 0.498895 
vt -0.186314 0.484637 
vt -0.186314 0.498895 
vt -0.192289 0.498895 
vt -0.192289 0.484637 
vt -0.177615 0.519173 
vt -0.179773 0.504915 
vt -0.179773 0.519173 
vt -0.182229 0.504915 
vt -0.182855 0.504915 
vt -0.182855 0.519173 
vt -0.186314 0.504915 
vt -0.186314 0.519173 
vt -0.192289 0.519173 
vt -0.192289 0.504915 
vt -0.18526 0.484637 
vt -0.205676 0.484637 
vt -0.191723 0.498895 
vt -0.205676 0.498895 
vt -0.191723 0.484637 
vt -0.199418 0.484637 
vt -0.199418 0.498895 
vt -0.18526 0.504915 
vt -0.205676 0.504915 
vt -0.191723 0.519173 
vt -0.205676 0.519173 
vt -0.191723 0.504915 
vt -0.199418 0.504915 
vt -0.199418 0.519173 
vt -0.185549 0.576278 
vt -0.195686 0.574531 
vt -0.186987 0.572271 
vt -0.190446 0.57025 
vt -0.195309 0.572613 
vt -0.193528 0.570593 
vt -0.192311 0.589116 
vt -0.181406 0.594771 
vt -0.191023 0.606262 
vt -0.180469 0.610947 
vt -0.192058 0.619725 
vt -0.181012 0.621895 
vt -0.18254 0.624904 
vt -0.186535 0.626876 
vt -0.192848 0.624114 
vt -0.191072 0.62658 
vt -0.181578 0.377793 
vt -0.166907 0.386383 
vt -0.188042 0.385401 
vt -0.173884 0.376934 
vt -0.167625 0.381106 
vt -0.195516 0.410803 
vt -0.178281 0.422215 
vt -0.203407 0.454244 
vt -0.18617 0.460502 
vt -0.188371 0.47805 
vt -0.205479 0.487377 
vt -0.189698 0.522718 
vt -0.206394 0.522718 
vt -0.203949 0.529779 
vt -0.192143 0.529779 
vt -0.198046 0.532703 
vt -0.185549 0.576278 
vt -0.195686 0.574531 
vt -0.186987 0.572271 
vt -0.190446 0.57025 
vt -0.195309 0.572613 
vt -0.193528 0.570593 
vt -0.192311 0.589116 
vt -0.181406 0.594771 
vt -0.191023 0.606262 
vt -0.180469 0.610947 
vt -0.192058 0.619725 
vt -0.181012 0.621895 
vt -0.18254 0.624904 
vt -0.186535 0.626876 
vt -0.192848 0.624114 
vt -0.191072 0.62658 
vt -0.181578 0.377793 
vt -0.166907 0.386383 
vt -0.188042 0.385401 
vt -0.173884 0.376934 
vt -0.167625 0.381106 
vt -0.195516 0.410803 
vt -0.178281 0.422215 
vt -0.203407 0.454244 
vt -0.18617 0.460502 
vt -0.188371 0.47805 
vt -0.205479 0.487377 
vt -0.189698 0.522718 
vt -0.206394 0.522718 
vt -0.203949 0.529779 
vt -0.192143 0.529779 
vt -0.198046 0.532703 

usemtl Meshpart1Mtl

f 1/1/1 2/2/2 3/3/3 
f 2/2/2 4/4/4 3/3/3 
f 1/1/1 3/3/3 5/5/5 
f 2/2/2 6/6/6 4/4/4 
f 7/7/7 1/1/1 5/5/5 
f 6/6/6 2/2/2 8/8/8 
f 5/5/5 9/9/9 7/7/7 
f 8/8/8 10/10/10 6/6/6 
f 9/9/9 5/5/5 11/11/11 
f 10/10/10 8/8/8 12/12/12 
f 11/11/11 13/13/13 9/9/9 
f 12/12/12 14/14/14 10/10/10 
f 13/13/13 11/11/11 15/15/15 
f 16/16/16 14/14/14 12/12/12 
f 19/19/19 20/20/20 21/21/21 
f 20/20/20 22/22/22 21/21/21 
f 19/19/19 21/21/21 23/23/23 
f 20/20/20 24/24/24 22/22/22 
f 25/25/25 19/19/19 23/23/23 
f 24/24/24 20/20/20 26/26/26 
f 23/23/23 27/27/27 25/25/25 
f 26/26/26 28/28/28 24/24/24 
f 27/27/27 23/23/23 29/29/29 
f 30/30/30 28/28/28 26/26/26 
f 29/29/29 31/31/31 27/27/27 
f 30/30/30 32/32/32 28/28/28 
f 31/31/31 29/29/29 33/33/33 
f 32/32/32 30/30/30 34/34/34 
f 40/40/40 39/39/39 37/37/37 
f 39/39/39 40/40/40 41/41/41 
f 40/40/40 42/42/42 41/41/41 
f 43/43/43 41/41/41 42/42/42 
f 42/42/42 44/44/44 43/43/43 
f 45/45/45 43/43/43 44/44/44 
f 44/44/44 46/46/46 45/45/45 
f 47/47/47 45/45/45 46/46/46 
f 46/46/46 48/48/48 47/47/47 
f 49/49/49 47/47/47 48/48/48 
f 49/49/49 48/48/48 50/50/50 
f 50/50/50 51/51/51 49/49/49 
f 55/55/55 54/54/54 52/52/52 
f 54/54/54 55/55/55 56/56/56 
f 55/55/55 57/57/57 56/56/56 
f 58/58/58 56/56/56 57/57/57 
f 57/57/57 59/59/59 58/58/58 
f 60/60/60 58/58/58 59/59/59 
f 59/59/59 61/61/61 60/60/60 
f 62/62/62 60/60/60 61/61/61 
f 61/61/61 63/63/63 62/62/62 
f 64/64/64 62/62/62 63/63/63 
f 64/64/64 63/63/63 65/65/65 
f 65/65/65 66/66/66 64/64/64 
f 68/68/68 69/69/69 67/67/67 
f 70/70/70 69/69/69 68/68/68 
f 70/70/70 71/71/71 69/69/69 
f 71/71/71 70/70/70 72/72/72 
f 76/76/76 77/77/77 75/75/75 
f 77/77/77 76/76/76 78/78/78 
f 78/78/78 79/79/79 77/77/77 
f 80/80/80 79/79/79 78/78/78 
f 83/83/83 84/84/84 85/85/85 
f 86/86/86 85/85/85 84/84/84 
f 84/84/84 83/83/83 87/87/87 
f 85/85/85 86/86/86 88/88/88 
f 90/90/90 91/91/91 92/92/92 
f 93/93/93 92/92/92 91/91/91 
f 91/91/91 90/90/90 94/94/94 
f 92/92/92 93/93/93 95/95/95 
f 96/96/96 97/97/97 98/98/98 
f 98/98/98 97/97/97 99/99/99 
f 97/97/97 96/96/96 100/100/100 
f 99/99/99 101/101/101 98/98/98 
f 101/101/101 99/99/99 102/102/102 
f 101/101/101 102/102/102 103/103/103 
f 103/103/103 104/104/104 101/101/101 
f 104/104/104 103/103/103 105/105/105 
f 106/106/106 100/100/100 96/96/96 
f 100/100/100 106/106/106 107/107/107 
f 107/107/107 106/106/106 108/108/108 
f 108/108/108 106/106/106 109/109/109 
f 109/109/109 106/106/106 110/110/110 
f 109/109/109 110/110/110 111/111/111 
f 112/112/112 113/113/113 114/114/114 
f 115/115/115 114/114/114 113/113/113 
f 112/112/112 116/116/116 113/113/113 
f 117/117/117 114/114/114 115/115/115 
f 118/118/118 116/116/116 112/112/112 
f 114/114/114 117/117/117 119/119/119 
f 120/120/120 116/116/116 118/118/118 
f 116/116/116 120/120/120 121/121/121 
f 121/121/121 120/120/120 122/122/122 
f 123/123/123 119/119/119 117/117/117 
f 123/123/123 124/124/124 119/119/119 
f 124/124/124 123/123/123 125/125/125 
f 125/125/125 123/123/123 126/126/126 
f 126/126/126 123/123/123 127/127/127 
f 128/128/128 129/129/129 130/130/130 
f 130/130/130 129/129/129 131/131/131 
f 129/129/129 128/128/128 132/132/132 
f 131/131/131 133/133/133 130/130/130 
f 133/133/133 131/131/131 134/134/134 
f 133/133/133 134/134/134 135/135/135 
f 135/135/135 136/136/136 133/133/133 
f 136/136/136 135/135/135 137/137/137 
f 138/138/138 132/132/132 128/128/128 
f 132/132/132 138/138/138 139/139/139 
f 139/139/139 138/138/138 140/140/140 
f 140/140/140 138/138/138 141/141/141 
f 141/141/141 138/138/138 142/142/142 
f 141/141/141 142/142/142 143/143/143 
f 144/144/144 145/145/145 146/146/146 
f 147/147/147 146/146/146 145/145/145 
f 144/144/144 148/148/148 145/145/145 
f 149/149/149 146/146/146 147/147/147 
f 150/150/150 148/148/148 144/144/144 
f 146/146/146 149/149/149 151/151/151 
f 152/152/152 148/148/148 150/150/150 
f 148/148/148 152/152/152 153/153/153 
f 153/153/153 152/152/152 154/154/154 
f 155/155/155 151/151/151 149/149/149 
f 155/155/155 156/156/156 151/151/151 
f 156/156/156 155/155/155 157/157/157 
f 157/157/157 155/155/155 158/158/158 
f 158/158/158 155/155/155 159/159/159 
f 161/161/161 163/163/163 165/165/165 
f 164/164/164 166/166/166 162/162/162 
f 165/165/165 163/163/163 167/167/167 
f 166/166/166 164/164/164 168/168/168 
f 165/165/165 167/167/167 169/169/169 
f 168/168/168 170/170/170 166/166/166 
f 169/169/169 167/167/167 171/171/171 
f 170/170/170 168/168/168 172/172/172 
f 171/171/171 172/172/172 169/169/169 
f 172/172/172 171/171/171 170/170/170 
f 174/174/174 176/176/176 178/178/178 
f 177/177/177 179/179/179 175/175/175 
f 178/178/178 176/176/176 180/180/180 
f 181/181/181 179/179/179 177/177/177 
f 178/178/178 180/180/180 182/182/182 
f 181/181/181 183/183/183 179/179/179 
f 182/182/182 180/180/180 184/184/184 
f 183/183/183 181/181/181 185/185/185 
f 184/184/184 185/185/185 182/182/182 
f 185/185/185 184/184/184 183/183/183 
f 189/189/189 187/187/187 186/186/186 
f 187/187/187 189/189/189 191/191/191 
f 192/192/192 191/191/191 189/189/189 
f 191/191/191 192/192/192 193/193/193 
f 192/192/192 194/194/194 193/193/193 
f 192/192/192 195/195/195 194/194/194 
f 195/195/195 196/196/196 194/194/194 
f 197/197/197 194/194/194 196/196/196 
f 196/196/196 198/198/198 197/197/197 
f 199/199/199 197/197/197 198/198/198 
f 199/199/199 198/198/198 201/201/201 
f 201/201/201 203/203/203 199/199/199 
f 207/207/207 205/205/205 204/204/204 
f 205/205/205 207/207/207 209/209/209 
f 210/210/210 209/209/209 207/207/207 
f 209/209/209 210/210/210 211/211/211 
f 210/210/210 212/212/212 211/211/211 
f 210/210/210 213/213/213 212/212/212 
f 213/213/213 214/214/214 212/212/212 
f 215/215/215 212/212/212 214/214/214 
f 214/214/214 216/216/216 215/215/215 
f 217/217/217 215/215/215 216/216/216 
f 217/217/217 216/216/216 219/219/219 
f 219/219/219 221/221/221 217/217/217 
f 223/223/223 224/224/224 226/226/226 
f 226/226/226 224/224/224 227/227/227 
f 227/227/227 228/228/228 226/226/226 
f 228/228/228 227/227/227 229/229/229 
f 233/233/233 234/234/234 236/236/236 
f 236/236/236 234/234/234 237/237/237 
f 237/237/237 238/238/238 236/236/236 
f 238/238/238 237/237/237 239/239/239 
f 245/245/245 243/243/243 247/247/247 
f 246/246/246 244/244/244 248/248/248 
f 247/247/247 248/248/248 245/245/245 
f 248/248/248 247/247/247 246/246/246 
f 252/252/252 250/250/250 254/254/254 
f 253/253/253 251/251/251 255/255/255 
f 254/254/254 255/255/255 252/252/252 
f 255/255/255 254/254/254 253/253/253 
f 256/256/256 257/257/257 258/258/258 
f 258/258/258 257/257/257 259/259/259 
f 259/259/259 257/257/257 260/260/260 
f 259/259/259 260/260/260 261/261/261 
f 257/257/257 256/256/256 262/262/262 
f 263/263/263 262/262/262 256/256/256 
f 262/262/262 263/263/263 264/264/264 
f 265/265/265 264/264/264 263/263/263 
f 265/265/265 266/266/266 264/264/264 
f 266/266/266 265/265/265 267/267/267 
f 266/266/266 267/267/267 268/268/268 
f 266/266/266 268/268/268 269/269/269 
f 269/269/269 270/270/270 266/266/266 
f 270/270/270 269/269/269 271/271/271 
f 272/272/272 273/273/273 274/274/274 
f 273/273/273 272/272/272 275/275/275 
f 273/273/273 275/275/275 276/276/276 
f 273/273/273 277/277/277 274/274/274 
f 278/278/278 277/277/277 273/273/273 
f 277/277/277 278/278/278 279/279/279 
f 280/280/280 279/279/279 278/278/278 
f 281/281/281 279/279/279 280/280/280 
f 279/279/279 281/281/281 282/282/282 
f 283/283/283 282/282/282 281/281/281 
f 283/283/283 284/284/284 282/282/282 
f 283/283/283 285/285/285 284/284/284 
f 285/285/285 283/283/283 286/286/286 
f 285/285/285 286/286/286 287/287/287 
f 288/288/288 289/289/289 290/290/290 
f 290/290/290 289/289/289 291/291/291 
f 291/291/291 289/289/289 292/292/292 
f 291/291/291 292/292/292 293/293/293 
f 289/289/289 288/288/288 294/294/294 
f 295/295/295 294/294/294 288/288/288 
f 294/294/294 295/295/295 296/296/296 
f 297/297/297 296/296/296 295/295/295 
f 297/297/297 298/298/298 296/296/296 
f 298/298/298 297/297/297 299/299/299 
f 298/298/298 299/299/299 300/300/300 
f 298/298/298 300/300/300 301/301/301 
f 301/301/301 302/302/302 298/298/298 
f 302/302/302 301/301/301 303/303/303 
f 304/304/304 305/305/305 306/306/306 
f 305/305/305 304/304/304 307/307/307 
f 305/305/305 307/307/307 308/308/308 
f 305/305/305 309/309/309 306/306/306 
f 310/310/310 309/309/309 305/305/305 
f 309/309/309 310/310/310 311/311/311 
f 312/312/312 311/311/311 310/310/310 
f 313/313/313 311/311/311 312/312/312 
f 311/311/311 313/313/313 314/314/314 
f 315/315/315 314/314/314 313/313/313 
f 315/315/315 316/316/316 314/314/314 
f 315/315/315 317/317/317 316/316/316 
f 317/317/317 315/315/315 318/318/318 
f 317/317/317 318/318/318 319/319/319 

g Meshpart2

v -0.00330885 0.214388 0.126782 
v 0.0224206 0.20373 0.126782 
v 0.0224207 0.20373 -0.137249 
v 0.0330791 0.178 0.126782 
v 0.0330791 0.178 -0.137249 
v 0.0224206 0.152271 0.126782 
v 0.0224207 0.152271 -0.137249 
v -0.00330885 0.141612 0.126782 
v -0.347396 -2.30539 0.126782 
v -0.347396 -2.30539 -0.137249 
v -0.336737 -2.33112 0.126782 
v -0.336737 -2.33112 -0.137249 
v -0.398855 -2.35685 -0.137249 
v -0.347396 -2.35685 0.126782 
v -0.347396 -2.35685 -0.137249 
v -0.0290383 0.20373 -0.137249 
v -0.00330885 0.214388 0.126782 
v -0.00330882 0.214388 -0.137249 
v 0.0224206 0.20373 0.126782 
v -0.0290383 0.20373 0.126782 
v 0.0224207 0.20373 -0.137249 
v -0.0396968 0.178 -0.137249 
v 0.0330791 0.178 0.126782 
v -0.0396968 0.178 0.126782 
v 0.0330791 0.178 -0.137249 
v -0.398855 -2.30539 -0.137249 
v -0.373125 -2.29473 0.126782 
v -0.373125 -2.29473 -0.137249 
v -0.347396 -2.30539 0.126782 
v -0.398855 -2.30539 0.126782 
v -0.347396 -2.30539 -0.137249 
v -0.0290383 0.152271 0.126782 
v -0.0290383 0.20373 0.126782 
v -0.0396968 0.178 0.126782 
v 0.0224206 0.152271 0.126782 
v -0.00330885 0.141612 0.126782 
v 0.0224206 0.20373 0.126782 
v -0.00330885 0.214388 0.126782 
v 0.0330791 0.178 0.126782 
v -0.347396 -2.35685 0.126782 
v -0.409513 -2.33112 0.126782 
v -0.398855 -2.35685 0.126782 
v -0.373125 -2.36751 0.126782 
v -0.336737 -2.33112 0.126782 
v -0.398855 -2.30539 0.126782 
v -0.347396 -2.30539 0.126782 
v -0.373125 -2.29473 0.126782 
v -0.0290383 0.20373 -0.137249 
v -0.00330885 0.214388 0.126782 
v -0.0290383 0.20373 0.126782 
v -0.0396968 0.178 -0.137249 
v -0.0396968 0.178 0.126782 
v 0.0330791 0.178 -0.137249 
v -0.0290383 0.152271 -0.137249 
v -0.0290383 0.152271 0.126782 
v -0.00330885 0.141612 0.126782 
v -0.398855 -2.30539 -0.137249 
v -0.398855 -2.30539 0.126782 
v -0.347396 -2.30539 -0.137249 
v -0.409513 -2.33112 -0.137249 
v -0.409513 -2.33112 0.126782 
v -0.398855 -2.35685 -0.137249 
v -0.347396 -2.35685 0.126782 
v -0.398855 -2.35685 0.126782 
v -0.0396968 0.178 -0.137249 
v 0.0330791 0.178 0.126782 
v -0.0396968 0.178 0.126782 
v 0.0330791 0.178 -0.137249 
v -0.0290383 0.152271 -0.137249 
v 0.0224206 0.152271 0.126782 
v -0.0290383 0.152271 0.126782 
v 0.0224207 0.152271 -0.137249 
v -0.00330882 0.141612 -0.137249 
v -0.00330885 0.141612 0.126782 
v -0.398855 -2.35685 -0.137249 
v -0.347396 -2.35685 0.126782 
v -0.398855 -2.35685 0.126782 
v -0.347396 -2.35685 -0.137249 
v -0.373125 -2.36751 -0.137249 
v -0.373125 -2.36751 0.126782 
v 0.0224207 0.152271 -0.137249 
v -0.0290383 0.20373 -0.137249 
v 0.0224207 0.20373 -0.137249 
v -0.00330882 0.214388 -0.137249 
v 0.0330791 0.178 -0.137249 
v -0.0290383 0.152271 -0.137249 
v -0.0396968 0.178 -0.137249 
v -0.00330882 0.141612 -0.137249 
v -0.336737 -2.33112 -0.137249 
v -0.398855 -2.30539 -0.137249 
v -0.347396 -2.30539 -0.137249 
v -0.373125 -2.29473 -0.137249 
v -0.409513 -2.33112 -0.137249 
v -0.398855 -2.35685 -0.137249 
v -0.347396 -2.35685 -0.137249 
v -0.373125 -2.36751 -0.137249 

vn 0 1 0 
vn 0.708661 0.708661 0 
vn 0.708661 0.708661 0 
vn 1 0 0 
vn 1 0 0 
vn 0.708661 -0.708661 0 
vn 0.708661 -0.708661 0 
vn 0 -1 0 
vn 0.708661 0.708661 0 
vn 0.708661 0.708661 0 
vn 1 0 0 
vn 1 0 0 
vn -0.708661 -0.708661 0 
vn 0.708661 -0.708661 0 
vn 0.708661 -0.708661 0 
vn -0.708661 0.708661 0 
vn 0 1 0 
vn 0 1 0 
vn 0.708661 0.708661 0 
vn -0.708661 0.708661 0 
vn 0.708661 0.708661 0 
vn -1 0 0 
vn 1 0 0 
vn -1 0 0 
vn 1 0 0 
vn -0.708661 0.708661 0 
vn 0 1 0 
vn 0 1 0 
vn 0.708661 0.708661 0 
vn -0.708661 0.708661 0 
vn 0.708661 0.708661 0 
vn 0 0 1 
vn 0 0 1 
vn 0 0 1 
vn 0 0 1 
vn 0 0 1 
vn 0 0 1 
vn 0 0 1 
vn 0 0 1 
vn 0 0 1 
vn 0 0 1 
vn 0 0 1 
vn 0 0 1 
vn 0 0 1 
vn 0 0 1 
vn 0 0 1 
vn 0 0 1 
vn -0.708661 0.708661 0 
vn 0 1 0 
vn -0.708661 0.708661 0 
vn -1 0 0 
vn -1 0 0 
vn 1 0 0 
vn -0.708661 -0.708661 0 
vn -0.708661 -0.708661 0 
vn 0 -1 0 
vn -0.708661 0.708661 0 
vn -0.708661 0.708661 0 
vn 0.708661 0.708661 0 
vn -1 0 0 
vn -1 0 0 
vn -0.708661 -0.708661 0 
vn 0.708661 -0.708661 0 
vn -0.708661 -0.708661 0 
vn -1 0 0 
vn 1 0 0 
vn -1 0 0 
vn 1 0 0 
vn -0.708661 -0.708661 0 
vn 0.708661 -0.708661 0 
vn -0.708661 -0.708661 0 
vn 0.708661 -0.708661 0 
vn 0 -1 0 
vn 0 -1 0 
vn -0.708661 -0.708661 0 
vn 0.708661 -0.708661 0 
vn -0.708661 -0.708661 0 
vn 0.708661 -0.708661 0 
vn 0 -1 0 
vn 0 -1 0 
vn 0 0 -1 
vn 0 0 -1 
vn 0 0 -1 
vn 0 0 -1 
vn 0 0 -1 
vn 0 0 -1 
vn 0 0 -1 
vn 0 0 -1 
vn 0 0 -1 
vn 0 0 -1 
vn 0 0 -1 
vn 0 0 -1 
vn 0 0 -1 
vn 0 0 -1 
vn 0 0 -1 
vn 0 0 -1 

vt -0.644116 0.369924 
vt -0.644116 0.368592 
vt -0.611112 0.368592 
vt -0.644116 0.365375 
vt -0.611112 0.365375 
vt -0.644116 0.362159 
vt -0.611112 0.362159 
vt -0.644116 0.360827 
vt -0.644116 0.0549519 
vt -0.611112 0.0549519 
vt -0.644116 0.0517353 
vt -0.611112 0.0517353 
vt -0.611112 0.0485191 
vt -0.644116 0.0485191 
vt -0.611112 0.0485191 
vt -0.647511 0.192053 
vt -0.650727 0.225057 
vt -0.650727 0.192053 
vt -0.653944 0.225057 
vt -0.647511 0.225057 
vt -0.653944 0.192053 
vt -0.646179 0.192053 
vt -0.655276 0.225057 
vt -0.646179 0.225057 
vt -0.655276 0.192053 
vt -0.601284 0.192053 
vt -0.6045 0.225057 
vt -0.6045 0.192053 
vt -0.607717 0.225057 
vt -0.601284 0.225057 
vt -0.607717 0.192053 
vt -0.607717 0.362159 
vt -0.607717 0.368592 
vt -0.609049 0.365375 
vt -0.601284 0.362159 
vt -0.6045 0.360827 
vt -0.601284 0.368592 
vt -0.6045 0.369924 
vt -0.599952 0.365375 
vt -0.647511 0.0485191 
vt -0.655276 0.0517353 
vt -0.653944 0.0485191 
vt -0.650727 0.0471868 
vt -0.646179 0.0517353 
vt -0.653944 0.0549519 
vt -0.647511 0.0549519 
vt -0.650727 0.0562842 
vt -0.644116 0.368592 
vt -0.611112 0.369924 
vt -0.611112 0.368592 
vt -0.644116 0.365375 
vt -0.611112 0.365375 
vt -0.644116 0.365375 
vt -0.644116 0.362159 
vt -0.611112 0.362159 
vt -0.611112 0.360827 
vt -0.644116 0.0549519 
vt -0.611112 0.0549519 
vt -0.644116 0.0549519 
vt -0.644116 0.0517353 
vt -0.611112 0.0517353 
vt -0.644116 0.0485191 
vt -0.611112 0.0485191 
vt -0.611112 0.0485191 
vt -0.609049 0.192053 
vt -0.599952 0.225057 
vt -0.609049 0.225057 
vt -0.599952 0.192053 
vt -0.607717 0.192053 
vt -0.601284 0.225057 
vt -0.607717 0.225057 
vt -0.601284 0.192053 
vt -0.6045 0.192053 
vt -0.6045 0.225057 
vt -0.653944 0.192053 
vt -0.647511 0.225057 
vt -0.653944 0.225057 
vt -0.647511 0.192053 
vt -0.650727 0.192053 
vt -0.650727 0.225057 
vt -0.653944 0.362159 
vt -0.647511 0.368592 
vt -0.653944 0.368592 
vt -0.650727 0.369924 
vt -0.655276 0.365375 
vt -0.647511 0.362159 
vt -0.646179 0.365375 
vt -0.650727 0.360827 
vt -0.609049 0.0517353 
vt -0.601284 0.0549519 
vt -0.607717 0.0549519 
vt -0.6045 0.0562842 
vt -0.599952 0.0517353 
vt -0.601284 0.0485191 
vt -0.607717 0.0485191 
vt -0.6045 0.0471868 

usemtl Meshpart2Mtl

f 323/323/323 322/322/322 321/321/321 
f 322/322/322 323/323/323 324/324/324 
f 325/325/325 324/324/324 323/323/323 
f 324/324/324 325/325/325 326/326/326 
f 330/330/330 329/329/329 328/328/328 
f 329/329/329 330/330/330 331/331/331 
f 333/333/333 331/331/331 330/330/330 
f 331/331/331 333/333/333 334/334/334 
f 335/335/335 336/336/336 337/337/337 
f 338/338/338 337/337/337 336/336/336 
f 336/336/336 335/335/335 339/339/339 
f 337/337/337 338/338/338 340/340/340 
f 345/345/345 346/346/346 347/347/347 
f 348/348/348 347/347/347 346/346/346 
f 346/346/346 345/345/345 349/349/349 
f 347/347/347 348/348/348 350/350/350 
f 351/351/351 352/352/352 353/353/353 
f 352/352/352 351/351/351 354/354/354 
f 354/354/354 351/351/351 355/355/355 
f 354/354/354 356/356/356 352/352/352 
f 352/352/352 356/356/356 357/357/357 
f 356/356/356 354/354/354 358/358/358 
f 359/359/359 360/360/360 361/361/361 
f 359/359/359 361/361/361 362/362/362 
f 363/363/363 360/360/360 359/359/359 
f 360/360/360 363/363/363 364/364/364 
f 365/365/365 364/364/364 363/363/363 
f 364/364/364 365/365/365 366/366/366 
f 370/370/370 369/369/369 367/367/367 
f 369/369/369 370/370/370 371/371/371 
f 373/373/373 371/371/371 370/370/370 
f 371/371/371 373/373/373 374/374/374 
f 379/379/379 377/377/377 376/376/376 
f 377/377/377 379/379/379 380/380/380 
f 381/381/381 380/380/380 379/379/379 
f 380/380/380 381/381/381 383/383/383 
f 392/392/392 390/390/390 388/388/388 
f 393/393/393 391/391/391 389/389/389 
f 390/390/390 392/392/392 393/393/393 
f 391/391/391 393/393/393 392/392/392 
f 398/398/398 396/396/396 394/394/394 
f 399/399/399 397/397/397 395/395/395 
f 396/396/396 398/398/398 399/399/399 
f 397/397/397 399/399/399 398/398/398 
f 400/400/400 401/401/401 402/402/402 
f 402/402/402 401/401/401 403/403/403 
f 400/400/400 402/402/402 404/404/404 
f 400/400/400 405/405/405 401/401/401 
f 401/401/401 405/405/405 406/406/406 
f 405/405/405 400/400/400 407/407/407 
f 408/408/408 409/409/409 410/410/410 
f 410/410/410 409/409/409 411/411/411 
f 408/408/408 412/412/412 409/409/409 
f 412/412/412 408/408/408 413/413/413 
f 413/413/413 408/408/408 414/414/414 
f 413/413/413 414/414/414 415/415/415 

g Meshpart3

v -0.0650779 -0.200655 0.119911 
v -0.00406449 0.326124 0.119911 
v 0.0752727 -0.464143 0.119911 
v -0.0356259 -0.968354 0.119911 
v -0.104617 -1.99776 0.119911 
v -0.164313 -2.34391 0.119911 
v 0.025634 -0.386755 0.119911 
v 0.025634 -0.386755 0.0268174 
v 0.0602642 -0.37241 0.0268174 
v 0.0112891 -0.421385 0.0268174 
v 0.0112891 -0.421385 0.119911 
v 0.018869 -0.439682 0.119911 
v 0.0194177 -0.441006 0.0268174 
v 0.025634 -0.456015 0.119911 
v 0.025634 -0.456015 0.0268174 
v 0.0602642 -0.47036 0.0268174 
v 0.0433762 -0.615695 -0.0372812 
v 0.0433762 -0.615695 -0.130378 
v 0.0290313 -0.581065 -0.0372812 
v 0.0290313 -0.581065 -0.130378 
v 0.0433762 -0.546434 -0.0372812 
v 0.0433762 -0.546435 -0.130378 
v -0.0650779 -0.200655 -0.0372812 
v -0.00406447 0.326124 -0.0372812 
v 0.0752728 -0.464144 -0.0372812 
v -0.0758777 -1.29821 -0.0372812 
v -0.104617 -1.99776 -0.0372812 
v -0.164313 -2.34391 -0.0372812 
v -0.238932 -2.07635 0.119911 
v -0.238932 -2.07635 0.0268174 
v -0.204302 -2.06201 0.0268174 
v -0.253277 -2.11098 0.0268174 
v -0.253277 -2.11098 0.119911 
v -0.238932 -2.14561 0.0268174 
v -0.238932 -2.14561 0.119911 
v -0.204302 -2.15996 0.0268174 
v -0.204302 -2.15996 0.119911 
v -0.173877 -1.9285 0.119911 
v -0.173877 -1.9285 0.0268174 
v -0.185035 -1.95543 0.0268174 
v -0.185035 -1.95543 0.119911 
v -0.188222 -1.96313 0.0268174 
v -0.188222 -1.96313 0.119911 
v -0.173877 -1.99776 0.0268174 
v -0.173877 -1.99776 0.119911 
v 0.10324 0.281676 -0.0372812 
v 0.10324 0.28168 -0.130378 
v 0.147687 0.174372 -0.130378 
v 0.147687 0.174372 -0.0372812 
v 0.10324 0.0670677 -0.0372812 
v 0.10324 0.0670677 -0.130378 
v 0.0786963 -0.02783 -0.0372812 
v 0.0786963 -0.02783 -0.130378 
v 0.0865522 -0.224174 -0.0372812 
v 0.0865522 -0.224174 -0.130378 
v 0.124839 -0.362592 -0.130378 
v 0.124839 -0.362596 -0.0372812 
v 0.163126 -0.421497 -0.130378 
v 0.163126 -0.421497 -0.0372812 
v 0.191593 -0.775894 -0.0372812 
v 0.191593 -0.775894 -0.130378 
v 0.188649 -1.06746 -0.0372812 
v 0.188649 -1.06746 -0.130378 
v 0.151561 -1.40026 -0.0372812 
v 0.151561 -1.40026 -0.130378 
v 0.106111 -1.63944 -0.0372812 
v 0.106111 -1.63944 -0.130378 
v 0.0487317 -1.83203 -0.0372812 
v 0.0487317 -1.83203 -0.130378 
v -0.0665959 -2.13939 -0.0372812 
v -0.0665959 -2.13939 -0.130378 
v -0.164313 -2.34391 -0.0372812 
v -0.164313 -2.34391 -0.130378 
v -0.266961 -2.48561 -0.130378 
v -0.237033 -2.45469 -0.0372812 
v -0.266961 -2.48561 -0.0372812 
v -0.237033 -2.45469 -0.130378 
v -0.238932 -2.07635 -0.0372812 
v -0.238932 -2.07635 -0.130378 
v -0.253277 -2.11098 -0.0372812 
v -0.253277 -2.11098 -0.130378 
v -0.238932 -2.14561 -0.130378 
v -0.238932 -2.14561 -0.0372812 
v -0.204302 -2.15996 -0.0372812 
v 0.10324 0.28168 0.119911 
v 0.10324 0.281676 0.0268174 
v 0.147687 0.174372 0.119911 
v 0.147687 0.174372 0.0268174 
v 0.10324 0.0670677 0.119911 
v 0.10324 0.0670677 0.0268174 
v 0.0786963 -0.02783 0.119911 
v 0.0786963 -0.02783 0.0268174 
v 0.0865522 -0.224174 0.119911 
v 0.0865522 -0.224174 0.0268174 
v 0.124839 -0.362592 0.119911 
v 0.124839 -0.362596 0.0268174 
v 0.163126 -0.421496 0.119911 
v 0.163126 -0.421497 0.0268174 
v 0.191593 -0.775894 0.119911 
v 0.191593 -0.775894 0.0268174 
v 0.188649 -1.06746 0.119911 
v 0.188649 -1.06746 0.0268174 
v 0.151561 -1.40026 0.119911 
v 0.151561 -1.40026 0.0268174 
v 0.106111 -1.63944 0.119911 
v 0.106111 -1.63944 0.0268174 
v 0.0487317 -1.83203 0.119911 
v 0.0487317 -1.83203 0.0268174 
v -0.0665959 -2.13939 0.119911 
v -0.0665959 -2.13939 0.0268174 
v -0.164313 -2.34391 0.119911 
v -0.164313 -2.34391 0.0268174 
v -0.266961 -2.48561 0.0268174 
v -0.237033 -2.45469 0.119911 
v -0.266961 -2.48561 0.119911 
v -0.237033 -2.45469 0.0268174 
v -0.173877 -1.9285 -0.0372812 
v -0.173877 -1.9285 -0.130378 
v -0.185035 -1.95543 -0.0372812 
v -0.185035 -1.95543 -0.130378 
v -0.188222 -1.96313 -0.0372812 
v -0.188222 -1.96313 -0.130378 
v -0.173877 -1.99776 -0.0372812 
v -0.173877 -1.99776 -0.130378 
v -0.139247 -2.01211 -0.0372812 
v 0.0433762 -0.615695 0.119911 
v 0.0433762 -0.615695 0.0268174 
v 0.0290313 -0.581065 0.119911 
v 0.0290313 -0.581065 0.0268174 
v 0.0433762 -0.546434 0.119911 
v 0.0433762 -0.546434 0.0268174 
v 0.025634 -0.386755 -0.0372812 
v 0.025634 -0.386755 -0.130378 
v 0.0602642 -0.37241 -0.130378 
v 0.0112891 -0.421385 -0.130378 
v 0.0112891 -0.421385 -0.0372812 
v 0.018869 -0.439682 -0.0372812 
v 0.0194177 -0.441006 -0.130378 
v 0.025634 -0.456015 -0.0372812 
v 0.025634 -0.456015 -0.130378 
v -0.104617 -1.99776 0.119911 
v -0.358613 -2.15132 0.119911 
v 0.0112891 -0.421385 0.119911 
v 0.025634 -0.456015 0.119911 
v 0.025634 -0.456015 0.0268174 
v 0.0948943 -0.456015 0.0268174 
v 0.0602642 -0.47036 0.0268174 
v 0.0948943 -0.456015 0.119911 
v 0.0602641 -0.47036 0.119911 
v 0.0859213 -0.459731 0.0268174 
v 0.0752727 -0.464143 0.119911 
v 0.112637 -0.615695 -0.130378 
v 0.112637 -0.615695 -0.0372812 
v 0.0780064 -0.63004 -0.0372812 
v 0.0780064 -0.63004 -0.130378 
v 0.0433762 -0.615695 -0.0372812 
v 0.0433762 -0.615695 -0.130378 
v -0.104617 -1.99776 -0.0372812 
v -0.358613 -2.15132 -0.0372812 
v -0.253277 -2.11098 0.119911 
v -0.238932 -2.14561 0.0268174 
v -0.238932 -2.14561 0.119911 
v -0.204302 -2.15996 0.0268174 
v -0.204302 -2.15996 0.119911 
v -0.169672 -2.14561 0.0268174 
v -0.169672 -2.14561 0.119911 
v -0.173877 -1.99776 0.0268174 
v -0.173877 -1.99776 0.119911 
v -0.104617 -1.99776 0.0268174 
v -0.159059 -2.0039 0.0268174 
v -0.104617 -1.99776 0.119911 
v -0.158868 -2.00398 0.119911 
v -0.139247 -2.01211 0.119911 
v -0.139247 -2.01211 0.0268174 
v -0.111369 0.281676 -0.0372812 
v -0.111369 0.28168 -0.130378 
v -0.00406447 0.326124 -0.0372812 
v -0.00406446 0.326124 -0.130378 
v 0.10324 0.281676 -0.0372812 
v 0.10324 0.28168 -0.130378 
v -0.416558 -2.23994 -0.130378 
v -0.416558 -2.23994 -0.0372812 
v -0.442126 -2.26551 -0.130378 
v -0.442126 -2.26551 -0.0372812 
v -0.47053 -2.27631 -0.130378 
v -0.47053 -2.27631 -0.0372812 
v -0.253277 -2.11098 -0.0372812 
v -0.253277 -2.11098 -0.130378 
v -0.238932 -2.14561 -0.130378 
v -0.238932 -2.14561 -0.0372812 
v -0.204302 -2.15996 -0.130378 
v -0.155327 -2.11098 -0.0372812 
v -0.204302 -2.15996 -0.0372812 
v -0.169671 -2.14561 -0.130378 
v -0.169671 -2.14561 -0.0372812 
v -0.155816 0.174372 0.119911 
v -0.155816 0.174372 0.0268174 
v -0.111369 0.281676 0.0268174 
v -0.111369 0.28168 0.119911 
v -0.00406449 0.326124 0.119911 
v -0.00406447 0.326124 0.0268174 
v 0.10324 0.28168 0.119911 
v 0.10324 0.281676 0.0268174 
v 0.147687 0.174372 0.0268174 
v -0.416558 -2.23994 0.0268174 
v -0.416558 -2.23994 0.119911 
v -0.442126 -2.26551 0.0268174 
v -0.442126 -2.26551 0.119911 
v -0.47053 -2.27631 0.0268174 
v -0.47053 -2.27631 0.119911 
v -0.104617 -1.9285 -0.130378 
v -0.188222 -1.96313 -0.130378 
v -0.173877 -1.99776 -0.0372812 
v -0.173877 -1.99776 -0.130378 
v -0.104617 -1.99776 -0.0372812 
v -0.159059 -2.0039 -0.130378 
v -0.104617 -1.99776 -0.130378 
v -0.158868 -2.00398 -0.0372812 
v -0.139247 -2.01211 -0.0372812 
v -0.139247 -2.01211 -0.130378 
v 0.112637 -0.615695 0.0268174 
v 0.112637 -0.615695 0.119911 
v 0.0780064 -0.63004 0.119911 
v 0.0780064 -0.63004 0.0268174 
v 0.0433762 -0.615695 0.119911 
v 0.0433762 -0.615695 0.0268174 
v 0.025634 -0.456015 -0.0372812 
v 0.025634 -0.456015 -0.130378 
v 0.0948943 -0.456015 -0.130378 
v 0.0602642 -0.47036 -0.130378 
v 0.0948943 -0.456015 -0.0372812 
v 0.0602642 -0.47036 -0.0372812 
v 0.0859214 -0.459731 -0.130378 
v 0.0752728 -0.464144 -0.0372812 
v -0.0650779 -0.200655 0.119911 
v 0.025634 -0.386755 0.119911 
v 0.0865522 -0.224174 0.119911 
v 0.0602641 -0.37241 0.119911 
v 0.124839 -0.362592 0.119911 
v 0.0948943 -0.386755 0.119911 
v 0.109239 -0.421385 0.119911 
v 0.0786963 -0.02783 0.119911 
v 0.163126 -0.421496 0.119911 
v -0.0830764 0.0194103 0.119911 
v 0.10324 0.0670677 0.119911 
v -0.0336644 -0.465717 0.119911 
v 0.0948943 -0.456015 0.119911 
v 0.0112891 -0.421385 0.119911 
v -0.0966426 0.0670677 0.119911 
v 0.018869 -0.439682 0.119911 
v 0.025634 -0.456015 0.119911 
v 0.147687 0.174372 0.119911 
v 0.10324 0.28168 0.119911 
v -0.00406449 0.326124 0.119911 
v -0.111369 0.28168 0.119911 
v -0.155816 0.174372 0.119911 
v 0.0433762 -0.546434 0.119911 
v 0.0602641 -0.47036 0.119911 
v 0.0290313 -0.581065 0.119911 
v 0.0629978 -0.538306 0.119911 
v 0.0780064 -0.53209 0.119911 
v 0.0752727 -0.464143 0.119911 
v 0.112637 -0.546434 0.119911 
v 0.126981 -0.581065 0.119911 
v -0.023847 -0.733726 0.119911 
v 0.0433762 -0.615695 0.119911 
v 0.0780064 -0.63004 0.119911 
v 0.191593 -0.775894 0.119911 
v 0.112637 -0.615695 0.119911 
v -0.0356259 -0.968354 0.119911 
v 0.188649 -1.06746 0.119911 
v -0.0758777 -1.29821 0.119911 
v 0.151561 -1.40026 0.119911 
v -0.149505 -1.61432 0.119911 
v 0.106111 -1.63944 0.119911 
v 0.0487317 -1.83203 0.119911 
v -0.139247 -1.91416 0.119911 
v -0.104617 -1.9285 0.119911 
v -0.0902719 -1.96313 0.119911 
v -0.243752 -1.8892 0.119911 
v -0.0665959 -2.13939 0.119911 
v -0.173877 -1.9285 0.119911 
v -0.185035 -1.95543 0.119911 
v -0.104617 -1.99776 0.119911 
v -0.188222 -1.96313 0.119911 
v -0.155327 -2.11098 0.119911 
v -0.139247 -2.01211 0.119911 
v -0.169672 -2.14561 0.119911 
v -0.169672 -2.07635 0.119911 
v -0.158868 -2.00398 0.119911 
v -0.183514 -2.07062 0.119911 
v -0.173877 -1.99776 0.119911 
v -0.204302 -2.06201 0.119911 
v -0.238932 -2.07635 0.119911 
v -0.358613 -2.15132 0.119911 
v -0.253277 -2.11098 0.119911 
v -0.238932 -2.14561 0.119911 
v -0.416558 -2.23994 0.119911 
v -0.164313 -2.34391 0.119911 
v -0.204302 -2.15996 0.119911 
v -0.237033 -2.45469 0.119911 
v -0.465418 -2.34675 0.119911 
v -0.442126 -2.26551 0.119911 
v -0.311846 -2.48699 0.119911 
v -0.266961 -2.48561 0.119911 
v -0.476779 -2.30187 0.119911 
v -0.47053 -2.27631 0.119911 
v -0.0650779 -0.200655 -0.0372812 
v 0.025634 -0.386755 -0.0372812 
v 0.0865522 -0.224174 -0.0372812 
v 0.0602642 -0.37241 -0.0372812 
v 0.124839 -0.362596 -0.0372812 
v 0.0948943 -0.386755 -0.0372812 
v 0.109239 -0.421385 -0.0372812 
v 0.0786963 -0.02783 -0.0372812 
v 0.163126 -0.421497 -0.0372812 
v -0.0830764 0.0194103 -0.0372812 
v 0.10324 0.0670677 -0.0372812 
v -0.0336644 -0.465717 -0.0372812 
v 0.0948943 -0.456015 -0.0372812 
v 0.0112891 -0.421385 -0.0372812 
v -0.0966426 0.0670677 -0.0372812 
v 0.018869 -0.439682 -0.0372812 
v 0.025634 -0.456015 -0.0372812 
v 0.147687 0.174372 -0.0372812 
v 0.10324 0.281676 -0.0372812 
v -0.00406447 0.326124 -0.0372812 
v -0.111369 0.281676 -0.0372812 
v -0.155816 0.174372 -0.0372812 
v 0.0433762 -0.546434 -0.0372812 
v 0.0602642 -0.47036 -0.0372812 
v 0.0290313 -0.581065 -0.0372812 
v 0.0629978 -0.538306 -0.0372812 
v 0.0780064 -0.53209 -0.0372812 
v 0.0752728 -0.464144 -0.0372812 
v 0.112637 -0.546434 -0.0372812 
v 0.126981 -0.581065 -0.0372812 
v -0.023847 -0.733727 -0.0372812 
v 0.0433762 -0.615695 -0.0372812 
v 0.0780064 -0.63004 -0.0372812 
v 0.191593 -0.775894 -0.0372812 
v 0.112637 -0.615695 -0.0372812 
v -0.0356259 -0.968354 -0.0372812 
v 0.188649 -1.06746 -0.0372812 
v -0.0758777 -1.29821 -0.0372812 
v 0.151561 -1.40026 -0.0372812 
v -0.149505 -1.61432 -0.0372812 
v 0.106111 -1.63944 -0.0372812 
v 0.0487317 -1.83203 -0.0372812 
v -0.139247 -1.91416 -0.0372812 
v -0.104617 -1.9285 -0.0372812 
v -0.0902719 -1.96313 -0.0372812 
v -0.243752 -1.8892 -0.0372812 
v -0.0665959 -2.13939 -0.0372812 
v -0.173877 -1.9285 -0.0372812 
v -0.185035 -1.95543 -0.0372812 
v -0.104617 -1.99776 -0.0372812 
v -0.188222 -1.96313 -0.0372812 
v -0.155327 -2.11098 -0.0372812 
v -0.139247 -2.01211 -0.0372812 
v -0.169671 -2.14561 -0.0372812 
v -0.169671 -2.07635 -0.0372812 
v -0.158868 -2.00398 -0.0372812 
v -0.183514 -2.07062 -0.0372812 
v -0.173877 -1.99776 -0.0372812 
v -0.204302 -2.06201 -0.0372812 
v -0.238932 -2.07635 -0.0372812 
v -0.358613 -2.15132 -0.0372812 
v -0.253277 -2.11098 -0.0372812 
v -0.238932 -2.14561 -0.0372812 
v -0.416558 -2.23994 -0.0372812 
v -0.164313 -2.34391 -0.0372812 
v -0.204302 -2.15996 -0.0372812 
v -0.237033 -2.45469 -0.0372812 
v -0.465418 -2.34675 -0.0372812 
v -0.442126 -2.26551 -0.0372812 
v -0.311846 -2.48699 -0.0372812 
v -0.266961 -2.48561 -0.0372812 
v -0.476779 -2.30187 -0.0372812 
v -0.47053 -2.27631 -0.0372812 
v -0.0650779 -0.200655 0.119911 
v -0.00406449 0.326124 0.119911 
v 0.0752727 -0.464143 0.119911 
v 0.151561 -1.40026 0.119911 
v -0.358613 -2.15132 0.119911 
v -0.311846 -2.48699 0.119911 
v 0.0602642 -0.37241 0.0268174 
v 0.0948943 -0.386755 0.0268174 
v 0.0948943 -0.386755 0.119911 
v 0.109239 -0.421385 0.0268174 
v 0.109239 -0.421385 0.119911 
v 0.0948943 -0.456015 0.0268174 
v 0.0602642 -0.47036 0.0268174 
v 0.0948943 -0.456015 0.119911 
v 0.0780064 -0.53209 -0.130378 
v 0.0780064 -0.53209 -0.0372812 
v 0.112637 -0.546435 -0.130378 
v 0.112637 -0.546434 -0.0372812 
v 0.126981 -0.581065 -0.130378 
v 0.126981 -0.581065 -0.0372812 
v 0.112637 -0.615695 -0.130378 
v 0.112637 -0.615695 -0.0372812 
v 0.0433762 -0.615695 -0.0372812 
v 0.0433762 -0.615695 -0.130378 
v -0.0650779 -0.200655 -0.0372812 
v -0.00406447 0.326124 -0.0372812 
v 0.0752728 -0.464144 -0.0372812 
v 0.188649 -1.06746 -0.0372812 
v -0.358613 -2.15132 -0.0372812 
v -0.465418 -2.34675 -0.0372812 
v -0.204302 -2.06201 0.0268174 
v -0.204302 -2.06201 0.119911 
v -0.169672 -2.07635 0.119911 
v -0.204302 -2.15996 0.0268174 
v -0.169672 -2.07635 0.0268174 
v -0.155327 -2.11098 0.0268174 
v -0.169672 -2.14561 0.0268174 
v -0.155327 -2.11098 0.119911 
v -0.169672 -2.14561 0.119911 
v -0.104617 -1.9285 0.0268174 
v -0.104617 -1.9285 0.119911 
v -0.0902719 -1.96313 0.0268174 
v -0.0902719 -1.96313 0.119911 
v -0.104617 -1.99776 0.0268174 
v -0.104617 -1.99776 0.119911 
v -0.139247 -2.01211 0.0268174 
v -0.0966426 0.0670677 -0.130378 
v -0.155816 0.174372 -0.0372812 
v -0.155816 0.174372 -0.130378 
v -0.111369 0.281676 -0.0372812 
v -0.0966426 0.0670677 -0.0372812 
v -0.111369 0.28168 -0.130378 
v -0.0830764 0.0194103 -0.130378 
v -0.0830764 0.0194103 -0.0372812 
v -0.0650779 -0.200656 -0.130378 
v -0.0650779 -0.200655 -0.0372812 
v -0.0336644 -0.465717 -0.130378 
v -0.0336644 -0.465717 -0.0372812 
v -0.023847 -0.733727 -0.130378 
v -0.023847 -0.733727 -0.0372812 
v -0.0356259 -0.968354 -0.130378 
v -0.0356259 -0.968354 -0.0372812 
v -0.0758777 -1.29821 -0.130378 
v -0.0758777 -1.29821 -0.0372812 
v -0.149505 -1.61432 -0.130378 
v -0.149505 -1.61432 -0.0372812 
v -0.243752 -1.8892 -0.130378 
v -0.243752 -1.8892 -0.0372812 
v -0.358613 -2.15132 -0.130378 
v -0.358613 -2.15132 -0.0372812 
v -0.416558 -2.23994 -0.130378 
v -0.416558 -2.23994 -0.0372812 
v -0.47053 -2.27631 -0.130378 
v -0.47053 -2.27631 -0.0372812 
v -0.476779 -2.30187 -0.130378 
v -0.476779 -2.30187 -0.0372812 
v -0.465418 -2.34675 -0.130378 
v -0.465418 -2.34675 -0.0372812 
v -0.204302 -2.06201 -0.130378 
v -0.169671 -2.07635 -0.0372812 
v -0.169671 -2.07635 -0.130378 
v -0.155327 -2.11098 -0.0372812 
v -0.204302 -2.15996 -0.0372812 
v -0.155327 -2.11098 -0.130378 
v -0.169671 -2.14561 -0.130378 
v -0.169671 -2.14561 -0.0372812 
v -0.0966426 0.0670677 0.0268174 
v -0.155816 0.174372 0.119911 
v -0.155816 0.174372 0.0268174 
v -0.111369 0.281676 0.0268174 
v -0.0966426 0.0670677 0.119911 
v -0.111369 0.28168 0.119911 
v -0.0830764 0.0194103 0.0268174 
v -0.0830764 0.0194103 0.119911 
v -0.0650779 -0.200655 0.0268174 
v -0.0650779 -0.200655 0.119911 
v -0.0336644 -0.465717 0.0268174 
v -0.0336644 -0.465717 0.119911 
v -0.023847 -0.733727 0.0268174 
v -0.023847 -0.733726 0.119911 
v -0.0356259 -0.968354 0.0268174 
v -0.0356259 -0.968354 0.119911 
v -0.0758777 -1.29821 0.0268174 
v -0.0758777 -1.29821 0.119911 
v -0.149505 -1.61432 0.0268174 
v -0.149505 -1.61432 0.119911 
v -0.243752 -1.8892 0.0268174 
v -0.243752 -1.8892 0.119911 
v -0.358613 -2.15132 0.0268174 
v -0.358613 -2.15132 0.119911 
v -0.416558 -2.23994 0.0268174 
v -0.416558 -2.23994 0.119911 
v -0.47053 -2.27631 0.0268174 
v -0.47053 -2.27631 0.119911 
v -0.476779 -2.30187 0.0268174 
v -0.476779 -2.30187 0.119911 
v -0.465418 -2.34675 0.0268174 
v -0.465418 -2.34675 0.119911 
v -0.104617 -1.9285 -0.130378 
v -0.104617 -1.9285 -0.0372812 
v -0.0902719 -1.96313 -0.0372812 
v -0.0902718 -1.96313 -0.130378 
v -0.104617 -1.99776 -0.0372812 
v -0.104617 -1.99776 -0.130378 
v -0.139247 -2.01211 -0.0372812 
v 0.0780064 -0.53209 0.119911 
v 0.112637 -0.546434 0.0268174 
v 0.112637 -0.546434 0.119911 
v 0.126981 -0.581065 0.0268174 
v 0.126981 -0.581065 0.119911 
v 0.112637 -0.615695 0.0268174 
v 0.112637 -0.615695 0.119911 
v 0.0433762 -0.615695 0.119911 
v 0.0433762 -0.615695 0.0268174 
v 0.0948943 -0.386755 -0.130378 
v 0.0948943 -0.386755 -0.0372812 
v 0.109239 -0.421385 -0.130378 
v 0.109239 -0.421385 -0.0372812 
v 0.0948943 -0.456015 -0.130378 
v 0.0602642 -0.47036 -0.130378 
v 0.0948943 -0.456015 -0.0372812 
v -0.104617 -1.99776 0.119911 
v -0.358613 -2.15132 0.119911 
v -0.164313 -2.34391 0.119911 
v -0.311846 -2.48699 0.119911 
v 0.025634 -0.386755 0.119911 
v 0.025634 -0.386755 0.0268174 
v 0.0602642 -0.37241 0.0268174 
v 0.0602641 -0.37241 0.119911 
v 0.0112891 -0.421385 0.119911 
v 0.0948943 -0.386755 0.0268174 
v 0.0948943 -0.386755 0.119911 
v 0.0780064 -0.53209 -0.130378 
v 0.0629978 -0.538306 -0.0372812 
v 0.0527402 -0.542554 -0.130378 
v 0.0433762 -0.546434 -0.0372812 
v 0.0433762 -0.546435 -0.130378 
v 0.0780064 -0.53209 -0.0372812 
v 0.112637 -0.546435 -0.130378 
v 0.112637 -0.546434 -0.0372812 
v -0.104617 -1.99776 -0.0372812 
v -0.358613 -2.15132 -0.0372812 
v -0.164313 -2.34391 -0.0372812 
v -0.465418 -2.34675 -0.0372812 
v -0.238932 -2.07635 0.119911 
v -0.238932 -2.07635 0.0268174 
v -0.204302 -2.06201 0.0268174 
v -0.253277 -2.11098 0.0268174 
v -0.204302 -2.06201 0.119911 
v -0.253277 -2.11098 0.119911 
v -0.183514 -2.07062 0.0268174 
v -0.183514 -2.07062 0.119911 
v -0.169672 -2.07635 0.119911 
v -0.169672 -2.07635 0.0268174 
v -0.169672 -2.14561 0.119911 
v -0.173877 -1.9285 0.119911 
v -0.173877 -1.9285 0.0268174 
v -0.139247 -1.91416 0.0268174 
v -0.139247 -1.91416 0.119911 
v -0.104617 -1.9285 0.0268174 
v -0.104617 -1.9285 0.119911 
v -0.173877 -1.99776 0.0268174 
v -0.173877 -1.99776 0.119911 
v -0.104617 -1.99776 0.0268174 
v -0.465418 -2.34675 -0.130378 
v -0.465418 -2.34675 -0.0372812 
v -0.311846 -2.48699 -0.130378 
v -0.311846 -2.48699 -0.0372812 
v -0.164313 -2.34391 -0.130378 
v -0.266961 -2.48561 -0.130378 
v -0.266961 -2.48561 -0.0372812 
v -0.238932 -2.07635 -0.0372812 
v -0.238932 -2.07635 -0.130378 
v -0.204302 -2.06201 -0.130378 
v -0.204302 -2.06201 -0.0372812 
v -0.253277 -2.11098 -0.0372812 
v -0.183514 -2.07062 -0.130378 
v -0.253277 -2.11098 -0.130378 
v -0.183514 -2.07062 -0.0372812 
v -0.169671 -2.07635 -0.0372812 
v -0.169671 -2.07635 -0.130378 
v -0.155327 -2.11098 -0.0372812 
v -0.169671 -2.14561 -0.130378 
v -0.465418 -2.34675 0.0268174 
v -0.465418 -2.34675 0.119911 
v -0.311846 -2.48699 0.0268174 
v -0.311846 -2.48699 0.119911 
v -0.164313 -2.34391 0.0268174 
v -0.266961 -2.48561 0.0268174 
v -0.266961 -2.48561 0.119911 
v -0.173877 -1.9285 -0.0372812 
v -0.173877 -1.9285 -0.130378 
v -0.139247 -1.91416 -0.130378 
v -0.139247 -1.91416 -0.0372812 
v -0.104617 -1.9285 -0.130378 
v -0.104617 -1.9285 -0.0372812 
v -0.188222 -1.96313 -0.130378 
v -0.139247 -2.01211 -0.0372812 
v 0.0780064 -0.53209 0.0268174 
v 0.0629978 -0.538306 0.119911 
v 0.0527402 -0.542554 0.0268174 
v 0.0433762 -0.546434 0.119911 
v 0.0433762 -0.546434 0.0268174 
v 0.0780064 -0.53209 0.119911 
v 0.112637 -0.546434 0.0268174 
v 0.112637 -0.546434 0.119911 
v 0.025634 -0.386755 -0.0372812 
v 0.025634 -0.386755 -0.130378 
v 0.0602642 -0.37241 -0.130378 
v 0.0602642 -0.37241 -0.0372812 
v 0.0112891 -0.421385 -0.0372812 
v 0.0948943 -0.386755 -0.130378 
v 0.0948943 -0.386755 -0.0372812 
v 0.124839 -0.362592 -0.130378 
v 0.109239 -0.421385 -0.130378 
v 0.0948943 -0.386755 -0.130378 
v 0.0602642 -0.37241 -0.130378 
v 0.0865522 -0.224174 -0.130378 
v 0.163126 -0.421497 -0.130378 
v 0.025634 -0.386755 -0.130378 
v 0.0948943 -0.456015 -0.130378 
v -0.0650779 -0.200656 -0.130378 
v 0.0786963 -0.02783 -0.130378 
v -0.0830764 0.0194103 -0.130378 
v 0.10324 0.0670677 -0.130378 
v -0.0336644 -0.465717 -0.130378 
v -0.0966426 0.0670677 -0.130378 
v 0.0112891 -0.421385 -0.130378 
v 0.147687 0.174372 -0.130378 
v 0.10324 0.28168 -0.130378 
v -0.00406446 0.326124 -0.130378 
v -0.111369 0.28168 -0.130378 
v -0.155816 0.174372 -0.130378 
v 0.0194177 -0.441006 -0.130378 
v 0.025634 -0.456015 -0.130378 
v 0.0433762 -0.546435 -0.130378 
v 0.0602642 -0.47036 -0.130378 
v 0.0290313 -0.581065 -0.130378 
v 0.0527402 -0.542554 -0.130378 
v 0.0780064 -0.53209 -0.130378 
v 0.0859214 -0.459731 -0.130378 
v 0.112637 -0.546435 -0.130378 
v 0.126981 -0.581065 -0.130378 
v -0.023847 -0.733727 -0.130378 
v 0.0433762 -0.615695 -0.130378 
v 0.0780064 -0.63004 -0.130378 
v 0.191593 -0.775894 -0.130378 
v 0.112637 -0.615695 -0.130378 
v -0.0356259 -0.968354 -0.130378 
v 0.188649 -1.06746 -0.130378 
v -0.0758777 -1.29821 -0.130378 
v 0.151561 -1.40026 -0.130378 
v -0.149505 -1.61432 -0.130378 
v 0.106111 -1.63944 -0.130378 
v 0.0487317 -1.83203 -0.130378 
v -0.139247 -1.91416 -0.130378 
v -0.104617 -1.9285 -0.130378 
v -0.0902718 -1.96313 -0.130378 
v -0.243752 -1.8892 -0.130378 
v -0.0665959 -2.13939 -0.130378 
v -0.173877 -1.9285 -0.130378 
v -0.185035 -1.95543 -0.130378 
v -0.104617 -1.99776 -0.130378 
v -0.188222 -1.96313 -0.130378 
v -0.155327 -2.11098 -0.130378 
v -0.139247 -2.01211 -0.130378 
v -0.169671 -2.14561 -0.130378 
v -0.169671 -2.07635 -0.130378 
v -0.159059 -2.0039 -0.130378 
v -0.183514 -2.07062 -0.130378 
v -0.173877 -1.99776 -0.130378 
v -0.204302 -2.06201 -0.130378 
v -0.238932 -2.07635 -0.130378 
v -0.358613 -2.15132 -0.130378 
v -0.253277 -2.11098 -0.130378 
v -0.238932 -2.14561 -0.130378 
v -0.416558 -2.23994 -0.130378 
v -0.164313 -2.34391 -0.130378 
v -0.204302 -2.15996 -0.130378 
v -0.237033 -2.45469 -0.130378 
v -0.465418 -2.34675 -0.130378 
v -0.442126 -2.26551 -0.130378 
v -0.311846 -2.48699 -0.130378 
v -0.266961 -2.48561 -0.130378 
v -0.476779 -2.30187 -0.130378 
v -0.47053 -2.27631 -0.130378 
v 0.0752727 -0.464143 0.119911 
v -0.0356259 -0.968354 0.119911 
v 0.151561 -1.40026 0.119911 
v -0.104617 -1.99776 0.119911 
v 0.188649 -1.06746 -0.0372812 
v -0.0758777 -1.29821 -0.0372812 
v -0.104617 -1.99776 -0.0372812 
v -0.358613 -2.15132 -0.0372812 
v -0.253277 -2.11098 -0.0372812 
v -0.164313 -2.34391 -0.0372812 
v -0.465418 -2.34675 -0.0372812 
v 0.124839 -0.362596 0.0268174 
v 0.109239 -0.421385 0.0268174 
v 0.0948943 -0.386755 0.0268174 
v 0.0602642 -0.37241 0.0268174 
v 0.0865522 -0.224174 0.0268174 
v 0.163126 -0.421497 0.0268174 
v 0.025634 -0.386755 0.0268174 
v 0.0948943 -0.456015 0.0268174 
v -0.0650779 -0.200655 0.0268174 
v 0.0786963 -0.02783 0.0268174 
v -0.0830764 0.0194103 0.0268174 
v 0.10324 0.0670677 0.0268174 
v -0.0336644 -0.465717 0.0268174 
v -0.0966426 0.0670677 0.0268174 
v 0.0112891 -0.421385 0.0268174 
v 0.147687 0.174372 0.0268174 
v 0.10324 0.281676 0.0268174 
v -0.00406447 0.326124 0.0268174 
v -0.111369 0.281676 0.0268174 
v -0.155816 0.174372 0.0268174 
v 0.0194177 -0.441006 0.0268174 
v 0.025634 -0.456015 0.0268174 
v 0.0433762 -0.546434 0.0268174 
v 0.0602642 -0.47036 0.0268174 
v 0.0290313 -0.581065 0.0268174 
v 0.0527402 -0.542554 0.0268174 
v 0.0780064 -0.53209 0.0268174 
v 0.0859213 -0.459731 0.0268174 
v 0.112637 -0.546434 0.0268174 
v 0.126981 -0.581065 0.0268174 
v -0.023847 -0.733727 0.0268174 
v 0.0433762 -0.615695 0.0268174 
v 0.0780064 -0.63004 0.0268174 
v 0.191593 -0.775894 0.0268174 
v 0.112637 -0.615695 0.0268174 
v -0.0356259 -0.968354 0.0268174 
v 0.188649 -1.06746 0.0268174 
v -0.0758777 -1.29821 0.0268174 
v 0.151561 -1.40026 0.0268174 
v -0.149505 -1.61432 0.0268174 
v 0.106111 -1.63944 0.0268174 
v 0.0487317 -1.83203 0.0268174 
v -0.139247 -1.91416 0.0268174 
v -0.104617 -1.9285 0.0268174 
v -0.0902719 -1.96313 0.0268174 
v -0.243752 -1.8892 0.0268174 
v -0.0665959 -2.13939 0.0268174 
v -0.173877 -1.9285 0.0268174 
v -0.185035 -1.95543 0.0268174 
v -0.104617 -1.99776 0.0268174 
v -0.188222 -1.96313 0.0268174 
v -0.155327 -2.11098 0.0268174 
v -0.139247 -2.01211 0.0268174 
v -0.169672 -2.14561 0.0268174 
v -0.169672 -2.07635 0.0268174 
v -0.159059 -2.0039 0.0268174 
v -0.183514 -2.07062 0.0268174 
v -0.173877 -1.99776 0.0268174 
v -0.204302 -2.06201 0.0268174 
v -0.238932 -2.07635 0.0268174 
v -0.358613 -2.15132 0.0268174 
v -0.253277 -2.11098 0.0268174 
v -0.238932 -2.14561 0.0268174 
v -0.416558 -2.23994 0.0268174 
v -0.164313 -2.34391 0.0268174 
v -0.204302 -2.15996 0.0268174 
v -0.237033 -2.45469 0.0268174 
v -0.465418 -2.34675 0.0268174 
v -0.442126 -2.26551 0.0268174 
v -0.311846 -2.48699 0.0268174 
v -0.266961 -2.48561 0.0268174 
v -0.476779 -2.30187 0.0268174 
v -0.47053 -2.27631 0.0268174 

vn 0 0 1 
vn 0 0 1 
vn 0 0 1 
vn 0 0 1 
vn 0 0 1 
vn 0 0 1 
vn 0.708661 -0.708661 0 
vn 0.708661 -0.708661 0 
vn 0 -1 0 
vn 1 0 0 
vn 1 0 0 
vn 0.92126 0.385827 0 
vn 0.92126 0.385827 0 
vn 0.708661 0.708661 0 
vn 0.708661 0.708661 0 
vn 0 1 0 
vn 0.708661 0.708661 0 
vn 0.708661 0.708661 0 
vn 1 0 0 
vn 1 0 0 
vn 0.92126 -0.385827 0 
vn 0.92126 -0.385827 0 
vn 0 0 1 
vn 0 0 1 
vn 0 0 1 
vn 0 0 1 
vn 0 0 1 
vn 0 0 1 
vn 0.708661 -0.708661 0 
vn 0.708661 -0.708661 0 
vn 0 -1 0 
vn 1 0 0 
vn 1 0 0 
vn 0.708661 0.708661 0 
vn 0.708661 0.708661 0 
vn 0 1 0 
vn 0 1 0 
vn 0.708661 -0.708661 0 
vn 0.708661 -0.708661 0 
vn 0.92126 -0.385827 0 
vn 0.92126 -0.385827 0 
vn 1 0 0 
vn 1 0 0 
vn 0.708661 0.708661 0 
vn 0.708661 0.708661 0 
vn 0.708661 0.708661 0 
vn 0.708661 0.708661 0 
vn 1 0 0 
vn 1 0 0 
vn 0.944882 -0.314961 0 
vn 0.944882 -0.314961 0 
vn 0.992126 -0.102362 0 
vn 0.992126 -0.102362 0 
vn 0.984252 0.15748 0 
vn 0.984252 0.15748 0 
vn 0.913386 0.409449 0 
vn 0.913386 0.409449 0 
vn 0.944882 0.322835 0 
vn 0.944882 0.322835 0 
vn 1 0.0314961 0 
vn 1 0.0314961 0 
vn 1 -0.0629921 0 
vn 1 -0.0629921 0 
vn 0.992126 -0.149606 0 
vn 0.992126 -0.149606 0 
vn 0.968504 -0.23622 0 
vn 0.968504 -0.23622 0 
vn 0.944882 -0.314961 0 
vn 0.944882 -0.314961 0 
vn 0.92126 -0.393701 0 
vn 0.92126 -0.393701 0 
vn 0.874016 -0.488189 0 
vn 0.874016 -0.488189 0 
vn 0.401575 -0.913386 0 
vn 0.779528 -0.622047 0 
vn 0.401575 -0.913386 0 
vn 0.779528 -0.622047 0 
vn 0.708661 -0.708661 0 
vn 0.708661 -0.708661 0 
vn 1 0 0 
vn 1 0 0 
vn 0.708661 0.708661 0 
vn 0.708661 0.708661 0 
vn 0 1 0 
vn 0.708661 0.708661 0 
vn 0.708661 0.708661 0 
vn 1 0 0 
vn 1 0 0 
vn 0.944882 -0.314961 0 
vn 0.944882 -0.314961 0 
vn 0.992126 -0.102362 0 
vn 0.992126 -0.102362 0 
vn 0.984252 0.15748 0 
vn 0.984252 0.15748 0 
vn 0.913386 0.409449 0 
vn 0.913386 0.409449 0 
vn 0.944882 0.322835 0 
vn 0.944882 0.322835 0 
vn 1 0.0314961 0 
vn 1 0.0314961 0 
vn 1 -0.0629921 0 
vn 1 -0.0629921 0 
vn 0.992126 -0.149606 0 
vn 0.992126 -0.149606 0 
vn 0.968504 -0.23622 0 
vn 0.968504 -0.23622 0 
vn 0.944882 -0.314961 0 
vn 0.944882 -0.314961 0 
vn 0.92126 -0.393701 0 
vn 0.92126 -0.393701 0 
vn 0.874016 -0.488189 0 
vn 0.874016 -0.488189 0 
vn 0.401575 -0.913386 0 
vn 0.779528 -0.622047 0 
vn 0.401575 -0.913386 0 
vn 0.779528 -0.622047 0 
vn 0.708661 -0.708661 0 
vn 0.708661 -0.708661 0 
vn 0.92126 -0.385827 0 
vn 0.92126 -0.385827 0 
vn 1 0 0 
vn 1 0 0 
vn 0.708661 0.708661 0 
vn 0.708661 0.708661 0 
vn 0 1 0 
vn 0.708661 0.708661 0 
vn 0.708661 0.708661 0 
vn 1 0 0 
vn 1 0 0 
vn 0.92126 -0.385827 0 
vn 0.92126 -0.385827 0 
vn 0.708661 -0.708661 0 
vn 0.708661 -0.708661 0 
vn 0 -1 0 
vn 1 0 0 
vn 1 0 0 
vn 0.92126 0.385827 0 
vn 0.92126 0.385827 0 
vn 0.708661 0.708661 0 
vn 0.708661 0.708661 0 
vn 0 0 1 
vn 0 0 1 
vn 1 0 0 
vn 0.708661 0.708661 0 
vn 0.708661 0.708661 0 
vn -0.708661 0.708661 0 
vn 0 1 0 
vn -0.708661 0.708661 0 
vn 0 1 0 
vn -0.385827 0.92126 0 
vn -0.385827 0.92126 0 
vn -0.708661 0.708661 0 
vn -0.708661 0.708661 0 
vn 0 1 0 
vn 0 1 0 
vn 0.708661 0.708661 0 
vn 0.708661 0.708661 0 
vn 0 0 1 
vn 0 0 1 
vn 1 0 0 
vn 0.708661 0.708661 0 
vn 0.708661 0.708661 0 
vn 0 1 0 
vn 0 1 0 
vn -0.708661 0.708661 0 
vn -0.708661 0.708661 0 
vn 0.708661 0.708661 0 
vn 0.708661 0.708661 0 
vn -0.708661 0.708661 0 
vn 0.385827 0.92126 0 
vn -0.708661 0.708661 0 
vn 0.385827 0.92126 0 
vn 0 1 0 
vn 0 1 0 
vn -0.708661 0.708661 0 
vn -0.708661 0.708661 0 
vn 0 1 0 
vn 0 1 0 
vn 0.708661 0.708661 0 
vn 0.708661 0.708661 0 
vn -0.779528 0.629921 0 
vn -0.779528 0.629921 0 
vn -0.543307 0.84252 0 
vn -0.543307 0.84252 0 
vn -0.748031 0.661417 0 
vn -0.748031 0.661417 0 
vn 1 0 0 
vn 1 0 0 
vn 0.708661 0.708661 0 
vn 0.708661 0.708661 0 
vn 0 1 0 
vn -1 0 0 
vn 0 1 0 
vn -0.708661 0.708661 0 
vn -0.708661 0.708661 0 
vn -1 -0.0551181 0 
vn -1 -0.0551181 0 
vn -0.708661 0.708661 0 
vn -0.708661 0.708661 0 
vn 0 1 0 
vn 0 1 0 
vn 0.708661 0.708661 0 
vn 0.708661 0.708661 0 
vn 1 0 0 
vn -0.779528 0.629921 0 
vn -0.779528 0.629921 0 
vn -0.543307 0.84252 0 
vn -0.543307 0.84252 0 
vn -0.748031 0.661417 0 
vn -0.748031 0.661417 0 
vn -0.708661 -0.708661 0 
vn 1 0 0 
vn 0.708661 0.708661 0 
vn 0.708661 0.708661 0 
vn -0.708661 0.708661 0 
vn 0.385827 0.92126 0 
vn -0.708661 0.708661 0 
vn 0.385827 0.92126 0 
vn 0 1 0 
vn 0 1 0 
vn -0.708661 0.708661 0 
vn -0.708661 0.708661 0 
vn 0 1 0 
vn 0 1 0 
vn 0.708661 0.708661 0 
vn 0.708661 0.708661 0 
vn 0.708661 0.708661 0 
vn 0.708661 0.708661 0 
vn -0.708661 0.708661 0 
vn 0 1 0 
vn -0.708661 0.708661 0 
vn 0 1 0 
vn -0.385827 0.92126 0 
vn -0.385827 0.92126 0 
vn 0 0 1 
vn 0 0 1 
vn 0 0 1 
vn 0 0 1 
vn 0 0 1 
vn 0 0 1 
vn 0 0 1 
vn 0 0 1 
vn 0 0 1 
vn 0 0 1 
vn 0 0 1 
vn 0 0 1 
vn 0 0 1 
vn 0 0 1 
vn 0 0 1 
vn 0 0 1 
vn 0 0 1 
vn 0 0 1 
vn 0 0 1 
vn 0 0 1 
vn 0 0 1 
vn 0 0 1 
vn 0 0 1 
vn 0 0 1 
vn 0 0 1 
vn 0 0 1 
vn 0 0 1 
vn 0 0 1 
vn 0 0 1 
vn 0 0 1 
vn 0 0 1 
vn 0 0 1 
vn 0 0 1 
vn 0 0 1 
vn 0 0 1 
vn 0 0 1 
vn 0 0 1 
vn 0 0 1 
vn 0 0 1 
vn 0 0 1 
vn 0 0 1 
vn 0 0 1 
vn 0 0 1 
vn 0 0 1 
vn 0 0 1 
vn 0 0 1 
vn 0 0 1 
vn 0 0 1 
vn 0 0 1 
vn 0 0 1 
vn 0 0 1 
vn 0 0 1 
vn 0 0 1 
vn 0 0 1 
vn 0 0 1 
vn 0 0 1 
vn 0 0 1 
vn 0 0 1 
vn 0 0 1 
vn 0 0 1 
vn 0 0 1 
vn 0 0 1 
vn 0 0 1 
vn 0 0 1 
vn 0 0 1 
vn 0 0 1 
vn 0 0 1 
vn 0 0 1 
vn 0 0 1 
vn 0 0 1 
vn 0 0 1 
vn 0 0 1 
vn 0 0 1 
vn 0 0 1 
vn 0 0 1 
vn 0 0 1 
vn 0 0 1 
vn 0 0 1 
vn 0 0 1 
vn 0 0 1 
vn 0 0 1 
vn 0 0 1 
vn 0 0 1 
vn 0 0 1 
vn 0 0 1 
vn 0 0 1 
vn 0 0 1 
vn 0 0 1 
vn 0 0 1 
vn 0 0 1 
vn 0 0 1 
vn 0 0 1 
vn 0 0 1 
vn 0 0 1 
vn 0 0 1 
vn 0 0 1 
vn 0 0 1 
vn 0 0 1 
vn 0 0 1 
vn 0 0 1 
vn 0 0 1 
vn 0 0 1 
vn 0 0 1 
vn 0 0 1 
vn 0 0 1 
vn 0 0 1 
vn 0 0 1 
vn 0 0 1 
vn 0 0 1 
vn 0 0 1 
vn 0 0 1 
vn 0 0 1 
vn 0 0 1 
vn 0 0 1 
vn 0 0 1 
vn 0 0 1 
vn 0 0 1 
vn 0 0 1 
vn 0 0 1 
vn 0 0 1 
vn 0 0 1 
vn 0 0 1 
vn 0 0 1 
vn 0 0 1 
vn 0 0 1 
vn 0 0 1 
vn 0 0 1 
vn 0 0 1 
vn 0 0 1 
vn 0 0 1 
vn 0 0 1 
vn 0 0 1 
vn 0 0 1 
vn 0 0 1 
vn 0 0 1 
vn 0 0 1 
vn 0 0 1 
vn 0 0 1 
vn 0 0 1 
vn 0 0 1 
vn 0 0 1 
vn 0 0 1 
vn 0 0 1 
vn 0 0 1 
vn 0 0 1 
vn 0 0 1 
vn 0 0 1 
vn 0 0 1 
vn 0 0 1 
vn 0 0 1 
vn 0 0 1 
vn 0 0 1 
vn 0 -1 0 
vn -0.708661 -0.708661 0 
vn -0.708661 -0.708661 0 
vn -1 0 0 
vn -1 0 0 
vn -0.708661 0.708661 0 
vn 0 1 0 
vn -0.708661 0.708661 0 
vn 0 -1 0 
vn 0 -1 0 
vn -0.708661 -0.708661 0 
vn -0.708661 -0.708661 0 
vn -1 0 0 
vn -1 0 0 
vn -0.708661 0.708661 0 
vn -0.708661 0.708661 0 
vn 0.708661 0.708661 0 
vn 0.708661 0.708661 0 
vn 0 0 1 
vn 0 0 1 
vn 0 0 1 
vn 0 0 1 
vn 0 0 1 
vn 0 0 1 
vn 0 -1 0 
vn 0 -1 0 
vn -0.708661 -0.708661 0 
vn 0 1 0 
vn -0.708661 -0.708661 0 
vn -1 0 0 
vn -0.708661 0.708661 0 
vn -1 0 0 
vn -0.708661 0.708661 0 
vn -0.708661 -0.708661 0 
vn -0.708661 -0.708661 0 
vn -1 0 0 
vn -1 0 0 
vn -0.708661 0.708661 0 
vn -0.708661 0.708661 0 
vn 0 1 0 
vn -0.92126 -0.377953 0 
vn -1 -0.0551181 0 
vn -1 -0.0551181 0 
vn -0.708661 0.708661 0 
vn -0.92126 -0.377953 0 
vn -0.708661 0.708661 0 
vn -0.984252 -0.181102 0 
vn -0.984252 -0.181102 0 
vn -0.992126 -0.102362 0 
vn -0.992126 -0.102362 0 
vn -1 -0.0787402 0 
vn -1 -0.0787402 0 
vn -1 0.00787402 0 
vn -1 0.00787402 0 
vn -1 0.0866142 0 
vn -1 0.0866142 0 
vn -0.984252 0.173228 0 
vn -0.984252 0.173228 0 
vn -0.96063 0.275591 0 
vn -0.96063 0.275591 0 
vn -0.929134 0.362205 0 
vn -0.929134 0.362205 0 
vn -0.88189 0.472441 0 
vn -0.88189 0.472441 0 
vn -0.779528 0.629921 0 
vn -0.779528 0.629921 0 
vn -0.748031 0.661417 0 
vn -0.748031 0.661417 0 
vn -1 -0.00787402 0 
vn -1 -0.00787402 0 
vn -0.858268 -0.511811 0 
vn -0.858268 -0.511811 0 
vn 0 -1 0 
vn -0.708661 -0.708661 0 
vn -0.708661 -0.708661 0 
vn -1 0 0 
vn 0 1 0 
vn -1 0 0 
vn -0.708661 0.708661 0 
vn -0.708661 0.708661 0 
vn -0.92126 -0.377953 0 
vn -1 -0.0551181 0 
vn -1 -0.0551181 0 
vn -0.708661 0.708661 0 
vn -0.92126 -0.377953 0 
vn -0.708661 0.708661 0 
vn -0.984252 -0.181102 0 
vn -0.984252 -0.181102 0 
vn -0.992126 -0.102362 0 
vn -0.992126 -0.102362 0 
vn -1 -0.0787402 0 
vn -1 -0.0787402 0 
vn -1 0.00787402 0 
vn -1 0.00787402 0 
vn -1 0.0866142 0 
vn -1 0.0866142 0 
vn -0.984252 0.173228 0 
vn -0.984252 0.173228 0 
vn -0.96063 0.275591 0 
vn -0.96063 0.275591 0 
vn -0.929134 0.362205 0 
vn -0.929134 0.362205 0 
vn -0.88189 0.472441 0 
vn -0.88189 0.472441 0 
vn -0.779528 0.629921 0 
vn -0.779528 0.629921 0 
vn -0.748031 0.661417 0 
vn -0.748031 0.661417 0 
vn -1 -0.00787402 0 
vn -1 -0.00787402 0 
vn -0.858268 -0.511811 0 
vn -0.858268 -0.511811 0 
vn -0.708661 -0.708661 0 
vn -0.708661 -0.708661 0 
vn -1 0 0 
vn -1 0 0 
vn -0.708661 0.708661 0 
vn -0.708661 0.708661 0 
vn 0 1 0 
vn 0 -1 0 
vn -0.708661 -0.708661 0 
vn -0.708661 -0.708661 0 
vn -1 0 0 
vn -1 0 0 
vn -0.708661 0.708661 0 
vn -0.708661 0.708661 0 
vn 0.708661 0.708661 0 
vn 0.708661 0.708661 0 
vn -0.708661 -0.708661 0 
vn -0.708661 -0.708661 0 
vn -1 0 0 
vn -1 0 0 
vn -0.708661 0.708661 0 
vn 0 1 0 
vn -0.708661 0.708661 0 
vn 0 0 1 
vn 0 0 1 
vn 0 0 1 
vn 0 0 1 
vn 0.708661 -0.708661 0 
vn 0.708661 -0.708661 0 
vn 0 -1 0 
vn 0 -1 0 
vn 1 0 0 
vn -0.708661 -0.708661 0 
vn -0.708661 -0.708661 0 
vn 0 -1 0 
vn 0.385827 -0.92126 0 
vn 0.385827 -0.92126 0 
vn 0.385827 -0.92126 0 
vn 0.385827 -0.92126 0 
vn 0 -1 0 
vn -0.708661 -0.708661 0 
vn -0.708661 -0.708661 0 
vn 0 0 1 
vn 0 0 1 
vn 0 0 1 
vn 0 0 1 
vn 0.708661 -0.708661 0 
vn 0.708661 -0.708661 0 
vn 0 -1 0 
vn 1 0 0 
vn 0 -1 0 
vn 1 0 0 
vn -0.385827 -0.92126 0 
vn -0.385827 -0.92126 0 
vn -0.708661 -0.708661 0 
vn -0.708661 -0.708661 0 
vn -0.708661 0.708661 0 
vn 0.708661 -0.708661 0 
vn 0.708661 -0.708661 0 
vn 0 -1 0 
vn 0 -1 0 
vn -0.708661 -0.708661 0 
vn -0.708661 -0.708661 0 
vn 0.708661 0.708661 0 
vn 0.708661 0.708661 0 
vn -0.708661 0.708661 0 
vn -0.858268 -0.511811 0 
vn -0.858268 -0.511811 0 
vn -0.346457 -0.937008 0 
vn -0.346457 -0.937008 0 
vn 0.874016 -0.488189 0 
vn 0.401575 -0.913386 0 
vn 0.401575 -0.913386 0 
vn 0.708661 -0.708661 0 
vn 0.708661 -0.708661 0 
vn 0 -1 0 
vn 0 -1 0 
vn 1 0 0 
vn -0.385827 -0.92126 0 
vn 1 0 0 
vn -0.385827 -0.92126 0 
vn -0.708661 -0.708661 0 
vn -0.708661 -0.708661 0 
vn -1 0 0 
vn -0.708661 0.708661 0 
vn -0.858268 -0.511811 0 
vn -0.858268 -0.511811 0 
vn -0.346457 -0.937008 0 
vn -0.346457 -0.937008 0 
vn 0.874016 -0.488189 0 
vn 0.401575 -0.913386 0 
vn 0.401575 -0.913386 0 
vn 0.708661 -0.708661 0 
vn 0.708661 -0.708661 0 
vn 0 -1 0 
vn 0 -1 0 
vn -0.708661 -0.708661 0 
vn -0.708661 -0.708661 0 
vn 1 0 0 
vn 0 1 0 
vn 0 -1 0 
vn 0.385827 -0.92126 0 
vn 0.385827 -0.92126 0 
vn 0.385827 -0.92126 0 
vn 0.385827 -0.92126 0 
vn 0 -1 0 
vn -0.708661 -0.708661 0 
vn -0.708661 -0.708661 0 
vn 0.708661 -0.708661 0 
vn 0.708661 -0.708661 0 
vn 0 -1 0 
vn 0 -1 0 
vn 1 0 0 
vn -0.708661 -0.708661 0 
vn -0.708661 -0.708661 0 
vn 0 0 -1 
vn 0 0 -1 
vn 0 0 -1 
vn 0 0 -1 
vn 0 0 -1 
vn 0 0 -1 
vn 0 0 -1 
vn 0 0 -1 
vn 0 0 -1 
vn 0 0 -1 
vn 0 0 -1 
vn 0 0 -1 
vn 0 0 -1 
vn 0 0 -1 
vn 0 0 -1 
vn 0 0 -1 
vn 0 0 -1 
vn 0 0 -1 
vn 0 0 -1 
vn 0 0 -1 
vn 0 0 -1 
vn 0 0 -1 
vn 0 0 -1 
vn 0 0 -1 
vn 0 0 -1 
vn 0 0 -1 
vn 0 0 -1 
vn 0 0 -1 
vn 0 0 -1 
vn 0 0 -1 
vn 0 0 -1 
vn 0 0 -1 
vn 0 0 -1 
vn 0 0 -1 
vn 0 0 -1 
vn 0 0 -1 
vn 0 0 -1 
vn 0 0 -1 
vn 0 0 -1 
vn 0 0 -1 
vn 0 0 -1 
vn 0 0 -1 
vn 0 0 -1 
vn 0 0 -1 
vn 0 0 -1 
vn 0 0 -1 
vn 0 0 -1 
vn 0 0 -1 
vn 0 0 -1 
vn 0 0 -1 
vn 0 0 -1 
vn 0 0 -1 
vn 0 0 -1 
vn 0 0 -1 
vn 0 0 -1 
vn 0 0 -1 
vn 0 0 -1 
vn 0 0 -1 
vn 0 0 -1 
vn 0 0 -1 
vn 0 0 -1 
vn 0 0 -1 
vn 0 0 -1 
vn 0 0 -1 
vn 0 0 -1 
vn 0 0 -1 
vn 0 0 -1 
vn 0 0 -1 
vn 0 0 -1 
vn 0 0 -1 
vn 0 0 -1 
vn 0 0 -1 
vn 0 0 -1 
vn 0 0 1 
vn 0 0 1 
vn 0 0 1 
vn 0 0 1 
vn 0 0 1 
vn 0 0 1 
vn 0 0 1 
vn 0 0 1 
vn 0 0 1 
vn 0 0 1 
vn 0 0 1 
vn 0 0 -1 
vn 0 0 -1 
vn 0 0 -1 
vn 0 0 -1 
vn 0 0 -1 
vn 0 0 -1 
vn 0 0 -1 
vn 0 0 -1 
vn 0 0 -1 
vn 0 0 -1 
vn 0 0 -1 
vn 0 0 -1 
vn 0 0 -1 
vn 0 0 -1 
vn 0 0 -1 
vn 0 0 -1 
vn 0 0 -1 
vn 0 0 -1 
vn 0 0 -1 
vn 0 0 -1 
vn 0 0 -1 
vn 0 0 -1 
vn 0 0 -1 
vn 0 0 -1 
vn 0 0 -1 
vn 0 0 -1 
vn 0 0 -1 
vn 0 0 -1 
vn 0 0 -1 
vn 0 0 -1 
vn 0 0 -1 
vn 0 0 -1 
vn 0 0 -1 
vn 0 0 -1 
vn 0 0 -1 
vn 0 0 -1 
vn 0 0 -1 
vn 0 0 -1 
vn 0 0 -1 
vn 0 0 -1 
vn 0 0 -1 
vn 0 0 -1 
vn 0 0 -1 
vn 0 0 -1 
vn 0 0 -1 
vn 0 0 -1 
vn 0 0 -1 
vn 0 0 -1 
vn 0 0 -1 
vn 0 0 -1 
vn 0 0 -1 
vn 0 0 -1 
vn 0 0 -1 
vn 0 0 -1 
vn 0 0 -1 
vn 0 0 -1 
vn 0 0 -1 
vn 0 0 -1 
vn 0 0 -1 
vn 0 0 -1 
vn 0 0 -1 
vn 0 0 -1 
vn 0 0 -1 
vn 0 0 -1 
vn 0 0 -1 
vn 0 0 -1 
vn 0 0 -1 
vn 0 0 -1 
vn 0 0 -1 
vn 0 0 -1 
vn 0 0 -1 
vn 0 0 -1 
vn 0 0 -1 

vt -0.585489 1.57628 
vt -0.585489 1.64213 
vt -0.585489 1.54334 
vt -0.585489 1.48032 
vt -0.585489 1.35164 
vt -0.585489 1.30837 
vt -0.585489 1.55302 
vt -0.573852 1.55302 
vt -0.573852 1.55481 
vt -0.573852 1.54869 
vt -0.585489 1.54869 
vt -0.585489 1.5464 
vt -0.573852 1.54624 
vt -0.585489 1.54436 
vt -0.573852 1.54436 
vt -0.573852 1.54257 
vt -0.56584 1.5244 
vt -0.554203 1.5244 
vt -0.56584 1.52873 
vt -0.554203 1.52873 
vt -0.56584 1.53306 
vt -0.554203 1.53306 
vt -0.56584 1.57628 
vt -0.56584 1.64213 
vt -0.56584 1.54334 
vt -0.56584 1.43909 
vt -0.56584 1.35164 
vt -0.56584 1.30837 
vt -0.585489 1.34182 
vt -0.573852 1.34182 
vt -0.573852 1.34361 
vt -0.573852 1.33749 
vt -0.585489 1.33749 
vt -0.573852 1.33316 
vt -0.585489 1.33316 
vt -0.573852 1.33137 
vt -0.585489 1.33137 
vt -0.585489 1.3603 
vt -0.573852 1.3603 
vt -0.573852 1.35693 
vt -0.585489 1.35693 
vt -0.573852 1.35597 
vt -0.585489 1.35597 
vt -0.573852 1.35164 
vt -0.585489 1.35164 
vt -0.56584 1.63657 
vt -0.554203 1.63657 
vt -0.554203 1.62316 
vt -0.56584 1.62316 
vt -0.56584 1.60975 
vt -0.554203 1.60975 
vt -0.56584 1.59788 
vt -0.554203 1.59788 
vt -0.56584 1.57334 
vt -0.554203 1.57334 
vt -0.554203 1.55604 
vt -0.56584 1.55604 
vt -0.554203 1.54867 
vt -0.56584 1.54867 
vt -0.56584 1.50438 
vt -0.554203 1.50438 
vt -0.56584 1.46793 
vt -0.554203 1.46793 
vt -0.56584 1.42633 
vt -0.554203 1.42633 
vt -0.56584 1.39643 
vt -0.554203 1.39643 
vt -0.56584 1.37236 
vt -0.554203 1.37236 
vt -0.56584 1.33394 
vt -0.554203 1.33394 
vt -0.56584 1.30837 
vt -0.554203 1.30837 
vt -0.554203 1.29066 
vt -0.56584 1.29453 
vt -0.56584 1.29066 
vt -0.554203 1.29453 
vt -0.56584 1.34182 
vt -0.554203 1.34182 
vt -0.56584 1.33749 
vt -0.554203 1.33749 
vt -0.554203 1.33316 
vt -0.56584 1.33316 
vt -0.56584 1.33137 
vt -0.585489 1.63657 
vt -0.573852 1.63657 
vt -0.585489 1.62316 
vt -0.573852 1.62316 
vt -0.585489 1.60975 
vt -0.573852 1.60975 
vt -0.585489 1.59788 
vt -0.573852 1.59788 
vt -0.585489 1.57334 
vt -0.573852 1.57334 
vt -0.585489 1.55604 
vt -0.573852 1.55604 
vt -0.585489 1.54867 
vt -0.573852 1.54867 
vt -0.585489 1.50438 
vt -0.573852 1.50438 
vt -0.585489 1.46793 
vt -0.573852 1.46793 
vt -0.585489 1.42633 
vt -0.573852 1.42633 
vt -0.585489 1.39643 
vt -0.573852 1.39643 
vt -0.585489 1.37236 
vt -0.573852 1.37236 
vt -0.585489 1.33394 
vt -0.573852 1.33394 
vt -0.585489 1.30837 
vt -0.573852 1.30837 
vt -0.573852 1.29066 
vt -0.585489 1.29453 
vt -0.585489 1.29066 
vt -0.573852 1.29453 
vt -0.56584 1.3603 
vt -0.554203 1.3603 
vt -0.56584 1.35693 
vt -0.554203 1.35693 
vt -0.56584 1.35597 
vt -0.554203 1.35597 
vt -0.56584 1.35164 
vt -0.554203 1.35164 
vt -0.56584 1.34985 
vt -0.585489 1.5244 
vt -0.573852 1.5244 
vt -0.585489 1.52873 
vt -0.573852 1.52873 
vt -0.585489 1.53306 
vt -0.573852 1.53306 
vt -0.56584 1.55302 
vt -0.554203 1.55302 
vt -0.554203 1.55481 
vt -0.554203 1.54869 
vt -0.56584 1.54869 
vt -0.56584 1.5464 
vt -0.554203 1.54624 
vt -0.56584 1.54436 
vt -0.554203 1.54436 
vt -0.574593 1.48195 
vt -0.542843 1.48195 
vt -0.589081 1.48195 
vt -0.590874 1.48195 
vt -0.590874 1.47031 
vt -0.599532 1.47031 
vt -0.595203 1.47031 
vt -0.599532 1.48195 
vt -0.595203 1.48195 
vt -0.59841 1.47031 
vt -0.597079 1.48195 
vt -0.601749 1.45066 
vt -0.601749 1.4623 
vt -0.597421 1.4623 
vt -0.597421 1.45066 
vt -0.593092 1.4623 
vt -0.593092 1.45066 
vt -0.574593 1.4623 
vt -0.542843 1.4623 
vt -0.55601 1.48195 
vt -0.557803 1.47031 
vt -0.557803 1.48195 
vt -0.562132 1.47031 
vt -0.562132 1.48195 
vt -0.566461 1.47031 
vt -0.566461 1.48195 
vt -0.565935 1.47031 
vt -0.565935 1.48195 
vt -0.574593 1.47031 
vt -0.567788 1.47031 
vt -0.574593 1.48195 
vt -0.567811 1.48195 
vt -0.570264 1.48195 
vt -0.570264 1.47031 
vt -0.573749 1.4623 
vt -0.573749 1.45066 
vt -0.587162 1.4623 
vt -0.587162 1.45066 
vt -0.600575 1.4623 
vt -0.600575 1.45066 
vt -0.5356 1.45066 
vt -0.5356 1.4623 
vt -0.532404 1.45066 
vt -0.532404 1.4623 
vt -0.528854 1.45066 
vt -0.528854 1.4623 
vt -0.55601 1.4623 
vt -0.55601 1.45066 
vt -0.557803 1.45066 
vt -0.557803 1.4623 
vt -0.562132 1.45066 
vt -0.568254 1.4623 
vt -0.562132 1.4623 
vt -0.566461 1.45066 
vt -0.566461 1.4623 
vt -0.568193 1.48195 
vt -0.568193 1.47031 
vt -0.573749 1.47031 
vt -0.573749 1.48195 
vt -0.587162 1.48195 
vt -0.587162 1.47031 
vt -0.600575 1.48195 
vt -0.600575 1.47031 
vt -0.606131 1.47031 
vt -0.5356 1.47031 
vt -0.5356 1.48195 
vt -0.532404 1.47031 
vt -0.532404 1.48195 
vt -0.528854 1.47031 
vt -0.528854 1.48195 
vt -0.574593 1.45066 
vt -0.564142 1.45066 
vt -0.565935 1.4623 
vt -0.565935 1.45066 
vt -0.574593 1.4623 
vt -0.567788 1.45066 
vt -0.574593 1.45066 
vt -0.567811 1.4623 
vt -0.570264 1.4623 
vt -0.570264 1.45066 
vt -0.601749 1.47031 
vt -0.601749 1.48195 
vt -0.597421 1.48195 
vt -0.597421 1.47031 
vt -0.593092 1.48195 
vt -0.593092 1.47031 
vt -0.590874 1.4623 
vt -0.590874 1.45066 
vt -0.599532 1.45066 
vt -0.595203 1.45066 
vt -0.599532 1.4623 
vt -0.595203 1.4623 
vt -0.59841 1.45066 
vt -0.597079 1.4623 
vt -0.560156 1.57628 
vt -0.548817 1.55302 
vt -0.541203 1.57334 
vt -0.544489 1.55481 
vt -0.536417 1.55604 
vt -0.54016 1.55302 
vt -0.538367 1.54869 
vt -0.542185 1.59788 
vt -0.531631 1.54867 
vt -0.562406 1.60379 
vt -0.539117 1.60975 
vt -0.55623 1.54315 
vt -0.54016 1.54436 
vt -0.55061 1.54869 
vt -0.564102 1.60975 
vt -0.549663 1.5464 
vt -0.548817 1.54436 
vt -0.533561 1.62316 
vt -0.539117 1.63657 
vt -0.55253 1.64213 
vt -0.565943 1.63657 
vt -0.571499 1.62316 
vt -0.5466 1.53306 
vt -0.544489 1.54257 
vt -0.548393 1.52873 
vt -0.544147 1.53407 
vt -0.542271 1.53485 
vt -0.542612 1.54334 
vt -0.537942 1.53306 
vt -0.536149 1.52873 
vt -0.555002 1.50965 
vt -0.5466 1.5244 
vt -0.542271 1.52261 
vt -0.528073 1.50438 
vt -0.537942 1.5244 
vt -0.556475 1.48032 
vt -0.52844 1.46793 
vt -0.561506 1.43909 
vt -0.533076 1.42633 
vt -0.57071 1.39957 
vt -0.538758 1.39643 
vt -0.54593 1.37236 
vt -0.569427 1.36209 
vt -0.565099 1.3603 
vt -0.563306 1.35597 
vt -0.582491 1.36521 
vt -0.560346 1.33394 
vt -0.573756 1.3603 
vt -0.575151 1.35693 
vt -0.565099 1.35164 
vt -0.575549 1.35597 
vt -0.571437 1.33749 
vt -0.569427 1.34985 
vt -0.573231 1.33316 
vt -0.573231 1.34182 
vt -0.57188 1.35086 
vt -0.574961 1.34253 
vt -0.573756 1.35164 
vt -0.577559 1.34361 
vt -0.581888 1.34182 
vt -0.596848 1.33245 
vt -0.583681 1.33749 
vt -0.581888 1.33316 
vt -0.604091 1.32137 
vt -0.572561 1.30837 
vt -0.577559 1.33137 
vt -0.581651 1.29453 
vt -0.610199 1.30802 
vt -0.607287 1.31817 
vt -0.591002 1.29049 
vt -0.585392 1.29066 
vt -0.611619 1.31363 
vt -0.610838 1.31682 
vt -0.560156 1.57628 
vt -0.548817 1.55302 
vt -0.541203 1.57334 
vt -0.544489 1.55481 
vt -0.536417 1.55604 
vt -0.54016 1.55302 
vt -0.538367 1.54869 
vt -0.542185 1.59788 
vt -0.531631 1.54867 
vt -0.562406 1.60379 
vt -0.539117 1.60975 
vt -0.55623 1.54315 
vt -0.54016 1.54436 
vt -0.55061 1.54869 
vt -0.564102 1.60975 
vt -0.549663 1.5464 
vt -0.548817 1.54436 
vt -0.533561 1.62316 
vt -0.539117 1.63657 
vt -0.55253 1.64213 
vt -0.565943 1.63657 
vt -0.571499 1.62316 
vt -0.5466 1.53306 
vt -0.544489 1.54257 
vt -0.548393 1.52873 
vt -0.544147 1.53407 
vt -0.542271 1.53485 
vt -0.542612 1.54334 
vt -0.537942 1.53306 
vt -0.536149 1.52873 
vt -0.555002 1.50965 
vt -0.5466 1.5244 
vt -0.542271 1.52261 
vt -0.528073 1.50438 
vt -0.537942 1.5244 
vt -0.556475 1.48032 
vt -0.52844 1.46793 
vt -0.561506 1.43909 
vt -0.533076 1.42633 
vt -0.57071 1.39957 
vt -0.538758 1.39643 
vt -0.54593 1.37236 
vt -0.569427 1.36209 
vt -0.565099 1.3603 
vt -0.563306 1.35597 
vt -0.582491 1.36521 
vt -0.560346 1.33394 
vt -0.573756 1.3603 
vt -0.575151 1.35693 
vt -0.565099 1.35164 
vt -0.575549 1.35597 
vt -0.571437 1.33749 
vt -0.569427 1.34985 
vt -0.573231 1.33316 
vt -0.573231 1.34182 
vt -0.57188 1.35086 
vt -0.574961 1.34253 
vt -0.573756 1.35164 
vt -0.577559 1.34361 
vt -0.581888 1.34182 
vt -0.596848 1.33245 
vt -0.583681 1.33749 
vt -0.581888 1.33316 
vt -0.604091 1.32137 
vt -0.572561 1.30837 
vt -0.577559 1.33137 
vt -0.581651 1.29453 
vt -0.610199 1.30802 
vt -0.607287 1.31817 
vt -0.591002 1.29049 
vt -0.585392 1.29066 
vt -0.611619 1.31363 
vt -0.610838 1.31682 
vt -0.554203 1.57628 
vt -0.554203 1.64213 
vt -0.554203 1.54334 
vt -0.554203 1.42633 
vt -0.554203 1.33245 
vt -0.554203 1.29049 
vt -0.565839 1.55481 
vt -0.565839 1.55302 
vt -0.554203 1.55302 
vt -0.565839 1.54869 
vt -0.554203 1.54869 
vt -0.565839 1.54436 
vt -0.565839 1.54257 
vt -0.554203 1.54436 
vt -0.585489 1.53485 
vt -0.573852 1.53485 
vt -0.585489 1.53306 
vt -0.573852 1.53306 
vt -0.585489 1.52873 
vt -0.573852 1.52873 
vt -0.585489 1.5244 
vt -0.573852 1.5244 
vt -0.573852 1.5244 
vt -0.585489 1.5244 
vt -0.573852 1.57628 
vt -0.573852 1.64213 
vt -0.573852 1.54334 
vt -0.573852 1.46793 
vt -0.573852 1.33245 
vt -0.573852 1.30802 
vt -0.565839 1.34361 
vt -0.554203 1.34361 
vt -0.554203 1.34182 
vt -0.565839 1.33137 
vt -0.565839 1.34182 
vt -0.565839 1.33749 
vt -0.565839 1.33316 
vt -0.554203 1.33749 
vt -0.554203 1.33316 
vt -0.565839 1.3603 
vt -0.554203 1.3603 
vt -0.565839 1.35597 
vt -0.554203 1.35597 
vt -0.565839 1.35164 
vt -0.554203 1.35164 
vt -0.565839 1.34985 
vt -0.585489 1.60975 
vt -0.573852 1.62316 
vt -0.585489 1.62316 
vt -0.573852 1.63657 
vt -0.573852 1.60975 
vt -0.585489 1.63657 
vt -0.585489 1.60379 
vt -0.573852 1.60379 
vt -0.585489 1.57628 
vt -0.573852 1.57628 
vt -0.585489 1.54315 
vt -0.573852 1.54315 
vt -0.585489 1.50965 
vt -0.573852 1.50965 
vt -0.585489 1.48032 
vt -0.573852 1.48032 
vt -0.585489 1.43909 
vt -0.573852 1.43909 
vt -0.585489 1.39957 
vt -0.573852 1.39957 
vt -0.585489 1.36521 
vt -0.573852 1.36521 
vt -0.585489 1.33245 
vt -0.573852 1.33245 
vt -0.585489 1.32137 
vt -0.573852 1.32137 
vt -0.585489 1.31682 
vt -0.573852 1.31682 
vt -0.585489 1.31363 
vt -0.573852 1.31363 
vt -0.585489 1.30802 
vt -0.573852 1.30802 
vt -0.585489 1.34361 
vt -0.573852 1.34182 
vt -0.585489 1.34182 
vt -0.573852 1.33749 
vt -0.573852 1.33137 
vt -0.585489 1.33749 
vt -0.585489 1.33316 
vt -0.573852 1.33316 
vt -0.565839 1.60975 
vt -0.554203 1.62316 
vt -0.565839 1.62316 
vt -0.565839 1.63657 
vt -0.554203 1.60975 
vt -0.554203 1.63657 
vt -0.565839 1.60379 
vt -0.554203 1.60379 
vt -0.565839 1.57628 
vt -0.554203 1.57628 
vt -0.565839 1.54315 
vt -0.554203 1.54315 
vt -0.565839 1.50965 
vt -0.554203 1.50965 
vt -0.565839 1.48032 
vt -0.554203 1.48032 
vt -0.565839 1.43909 
vt -0.554203 1.43909 
vt -0.565839 1.39957 
vt -0.554203 1.39957 
vt -0.565839 1.36521 
vt -0.554203 1.36521 
vt -0.565839 1.33245 
vt -0.554203 1.33245 
vt -0.565839 1.32137 
vt -0.554203 1.32137 
vt -0.565839 1.31682 
vt -0.554203 1.31682 
vt -0.565839 1.31363 
vt -0.554203 1.31363 
vt -0.565839 1.30802 
vt -0.554203 1.30802 
vt -0.585489 1.3603 
vt -0.573852 1.3603 
vt -0.573852 1.35597 
vt -0.585489 1.35597 
vt -0.573852 1.35164 
vt -0.585489 1.35164 
vt -0.573852 1.34985 
vt -0.554203 1.53485 
vt -0.565839 1.53306 
vt -0.554203 1.53306 
vt -0.565839 1.52873 
vt -0.554203 1.52873 
vt -0.565839 1.5244 
vt -0.554203 1.5244 
vt -0.554203 1.5244 
vt -0.565839 1.5244 
vt -0.585489 1.55302 
vt -0.573852 1.55302 
vt -0.585489 1.54869 
vt -0.573852 1.54869 
vt -0.585489 1.54436 
vt -0.585489 1.54257 
vt -0.573852 1.54436 
vt -0.565099 1.48195 
vt -0.596848 1.48195 
vt -0.572561 1.48195 
vt -0.591002 1.48195 
vt -0.548817 1.48195 
vt -0.548817 1.47031 
vt -0.544489 1.47031 
vt -0.544489 1.48195 
vt -0.55061 1.48195 
vt -0.54016 1.47031 
vt -0.54016 1.48195 
vt -0.542271 1.45066 
vt -0.544147 1.4623 
vt -0.545429 1.45066 
vt -0.5466 1.4623 
vt -0.5466 1.45066 
vt -0.542271 1.4623 
vt -0.537942 1.45066 
vt -0.537942 1.4623 
vt -0.565099 1.4623 
vt -0.596848 1.4623 
vt -0.572561 1.4623 
vt -0.610199 1.4623 
vt -0.581888 1.48195 
vt -0.581888 1.47031 
vt -0.577559 1.47031 
vt -0.583681 1.47031 
vt -0.577559 1.48195 
vt -0.583681 1.48195 
vt -0.574961 1.47031 
vt -0.574961 1.48195 
vt -0.573231 1.48195 
vt -0.573231 1.47031 
vt -0.573231 1.48195 
vt -0.573756 1.48195 
vt -0.573756 1.47031 
vt -0.569427 1.47031 
vt -0.569427 1.48195 
vt -0.565099 1.47031 
vt -0.565099 1.48195 
vt -0.573756 1.47031 
vt -0.573756 1.48195 
vt -0.565099 1.47031 
vt -0.610199 1.45066 
vt -0.610199 1.4623 
vt -0.591002 1.45066 
vt -0.591002 1.4623 
vt -0.572561 1.45066 
vt -0.585392 1.45066 
vt -0.585392 1.4623 
vt -0.581888 1.4623 
vt -0.581888 1.45066 
vt -0.577559 1.45066 
vt -0.577559 1.4623 
vt -0.583681 1.4623 
vt -0.574961 1.45066 
vt -0.583681 1.45066 
vt -0.574961 1.4623 
vt -0.573231 1.4623 
vt -0.573231 1.45066 
vt -0.571437 1.4623 
vt -0.573231 1.45066 
vt -0.610199 1.47031 
vt -0.610199 1.48195 
vt -0.591002 1.47031 
vt -0.591002 1.48195 
vt -0.572561 1.47031 
vt -0.585392 1.47031 
vt -0.585392 1.48195 
vt -0.573756 1.4623 
vt -0.573756 1.45066 
vt -0.569427 1.45066 
vt -0.569427 1.4623 
vt -0.565099 1.45066 
vt -0.565099 1.4623 
vt -0.575549 1.45066 
vt -0.569427 1.4623 
vt -0.542271 1.47031 
vt -0.544147 1.48195 
vt -0.545429 1.47031 
vt -0.5466 1.48195 
vt -0.5466 1.47031 
vt -0.542271 1.48195 
vt -0.537942 1.47031 
vt -0.537942 1.48195 
vt -0.548817 1.4623 
vt -0.548817 1.45066 
vt -0.544489 1.45066 
vt -0.544489 1.4623 
vt -0.55061 1.4623 
vt -0.54016 1.45066 
vt -0.54016 1.4623 
vt -0.603275 1.55604 
vt -0.601325 1.54869 
vt -0.599532 1.55302 
vt -0.595203 1.55481 
vt -0.598489 1.57334 
vt -0.608061 1.54867 
vt -0.590874 1.55302 
vt -0.599532 1.54436 
vt -0.579535 1.57628 
vt -0.597507 1.59788 
vt -0.577285 1.60379 
vt -0.600575 1.60975 
vt -0.583462 1.54315 
vt -0.57559 1.60975 
vt -0.589081 1.54869 
vt -0.606131 1.62316 
vt -0.600575 1.63657 
vt -0.587162 1.64213 
vt -0.573749 1.63657 
vt -0.568193 1.62316 
vt -0.590097 1.54624 
vt -0.590874 1.54436 
vt -0.593092 1.53306 
vt -0.595203 1.54257 
vt -0.591299 1.52873 
vt -0.594262 1.53354 
vt -0.597421 1.53485 
vt -0.59841 1.5439 
vt -0.601749 1.53306 
vt -0.603543 1.52873 
vt -0.584689 1.50965 
vt -0.593092 1.5244 
vt -0.597421 1.52261 
vt -0.611619 1.50438 
vt -0.601749 1.5244 
vt -0.583217 1.48032 
vt -0.611251 1.46793 
vt -0.578185 1.43909 
vt -0.606615 1.42633 
vt -0.568982 1.39957 
vt -0.600934 1.39643 
vt -0.593761 1.37236 
vt -0.570264 1.36209 
vt -0.574593 1.3603 
vt -0.576386 1.35597 
vt -0.557201 1.36521 
vt -0.579345 1.33394 
vt -0.565935 1.3603 
vt -0.564541 1.35693 
vt -0.574593 1.35164 
vt -0.564142 1.35597 
vt -0.568254 1.33749 
vt -0.570264 1.34985 
vt -0.566461 1.33316 
vt -0.566461 1.34182 
vt -0.567788 1.35087 
vt -0.564731 1.34253 
vt -0.565935 1.35164 
vt -0.562132 1.34361 
vt -0.557803 1.34182 
vt -0.542843 1.33245 
vt -0.55601 1.33749 
vt -0.557803 1.33316 
vt -0.5356 1.32137 
vt -0.567131 1.30837 
vt -0.562132 1.33137 
vt -0.558041 1.29453 
vt -0.529493 1.30802 
vt -0.532404 1.31817 
vt -0.548689 1.29049 
vt -0.5543 1.29066 
vt -0.528073 1.31363 
vt -0.528854 1.31682 
vt -0.597079 1.54334 
vt -0.583217 1.48032 
vt -0.606615 1.42633 
vt -0.574593 1.35164 
vt -0.611251 1.46793 
vt -0.578185 1.43909 
vt -0.574593 1.35164 
vt -0.542843 1.33245 
vt -0.55601 1.33749 
vt -0.567131 1.30837 
vt -0.529493 1.30802 
vt -0.603275 1.55604 
vt -0.601325 1.54869 
vt -0.599532 1.55302 
vt -0.595203 1.55481 
vt -0.598489 1.57334 
vt -0.608061 1.54867 
vt -0.590874 1.55302 
vt -0.599532 1.54436 
vt -0.579535 1.57628 
vt -0.597507 1.59788 
vt -0.577285 1.60379 
vt -0.600575 1.60975 
vt -0.583462 1.54315 
vt -0.57559 1.60975 
vt -0.589081 1.54869 
vt -0.606131 1.62316 
vt -0.600575 1.63657 
vt -0.587162 1.64213 
vt -0.573749 1.63657 
vt -0.568193 1.62316 
vt -0.590097 1.54624 
vt -0.590874 1.54436 
vt -0.593092 1.53306 
vt -0.595203 1.54257 
vt -0.591299 1.52873 
vt -0.594262 1.53354 
vt -0.597421 1.53485 
vt -0.59841 1.5439 
vt -0.601749 1.53306 
vt -0.603543 1.52873 
vt -0.584689 1.50965 
vt -0.593092 1.5244 
vt -0.597421 1.52261 
vt -0.611619 1.50438 
vt -0.601749 1.5244 
vt -0.583217 1.48032 
vt -0.611251 1.46793 
vt -0.578185 1.43909 
vt -0.606615 1.42633 
vt -0.568982 1.39957 
vt -0.600934 1.39643 
vt -0.593761 1.37236 
vt -0.570264 1.36209 
vt -0.574593 1.3603 
vt -0.576386 1.35597 
vt -0.557201 1.36521 
vt -0.579345 1.33394 
vt -0.565935 1.3603 
vt -0.564541 1.35693 
vt -0.574593 1.35164 
vt -0.564142 1.35597 
vt -0.568254 1.33749 
vt -0.570264 1.34985 
vt -0.566461 1.33316 
vt -0.566461 1.34182 
vt -0.567788 1.35087 
vt -0.564731 1.34253 
vt -0.565935 1.35164 
vt -0.562132 1.34361 
vt -0.557803 1.34182 
vt -0.542843 1.33245 
vt -0.55601 1.33749 
vt -0.557803 1.33316 
vt -0.5356 1.32137 
vt -0.567131 1.30837 
vt -0.562132 1.33137 
vt -0.558041 1.29453 
vt -0.529493 1.30802 
vt -0.532404 1.31817 
vt -0.548689 1.29049 
vt -0.5543 1.29066 
vt -0.528073 1.31363 
vt -0.528854 1.31682 

usemtl Meshpart3Mtl

f 423/423/423 422/422/422 425/425/425 
f 425/425/425 422/422/422 426/426/426 
f 425/425/425 426/426/426 427/427/427 
f 425/425/425 427/427/427 428/428/428 
f 429/429/429 428/428/428 427/427/427 
f 428/428/428 429/429/429 430/430/430 
f 433/433/433 434/434/434 432/432/432 
f 435/435/435 434/434/434 433/433/433 
f 435/435/435 436/436/436 434/434/434 
f 437/437/437 436/436/436 435/435/435 
f 445/445/445 444/444/444 447/447/447 
f 447/447/447 444/444/444 448/448/448 
f 447/447/447 448/448/448 449/449/449 
f 449/449/449 448/448/448 450/450/450 
f 453/453/453 455/455/455 454/454/454 
f 455/455/455 453/453/453 456/456/456 
f 456/456/456 457/457/457 455/455/455 
f 457/457/457 456/456/456 458/458/458 
f 457/457/457 458/458/458 459/459/459 
f 459/459/459 458/458/458 460/460/460 
f 461/461/461 463/463/463 462/462/462 
f 463/463/463 461/461/461 464/464/464 
f 465/465/465 463/463/463 464/464/464 
f 463/463/463 465/465/465 466/466/466 
f 466/466/466 465/465/465 467/467/467 
f 468/468/468 466/466/466 467/467/467 
f 467/467/467 469/469/469 468/468/468 
f 470/470/470 468/468/468 469/469/469 
f 469/469/469 471/471/471 470/470/470 
f 471/471/471 469/469/469 472/472/472 
f 472/472/472 473/473/473 471/471/471 
f 473/473/473 472/472/472 474/474/474 
f 474/474/474 475/475/475 473/473/473 
f 476/476/476 473/473/473 475/475/475 
f 475/475/475 477/477/477 476/476/476 
f 478/478/478 476/476/476 477/477/477 
f 477/477/477 479/479/479 478/478/478 
f 480/480/480 478/478/478 479/479/479 
f 479/479/479 481/481/481 480/480/480 
f 482/482/482 480/480/480 481/481/481 
f 481/481/481 483/483/483 482/482/482 
f 484/484/484 482/482/482 483/483/483 
f 483/483/483 485/485/485 484/484/484 
f 486/486/486 484/484/484 485/485/485 
f 485/485/485 487/487/487 486/486/486 
f 488/488/488 486/486/486 487/487/487 
f 488/488/488 487/487/487 490/490/490 
f 492/492/492 488/488/488 490/490/490 
f 491/491/491 489/489/489 492/492/492 
f 492/492/492 490/490/490 491/491/491 
f 495/495/495 494/494/494 493/493/493 
f 494/494/494 495/495/495 496/496/496 
f 496/496/496 495/495/495 497/497/497 
f 497/497/497 495/495/495 498/498/498 
f 502/502/502 501/501/501 500/500/500 
f 501/501/501 502/502/502 503/503/503 
f 504/504/504 503/503/503 502/502/502 
f 503/503/503 504/504/504 505/505/505 
f 505/505/505 504/504/504 506/506/506 
f 507/507/507 505/505/505 506/506/506 
f 506/506/506 508/508/508 507/507/507 
f 509/509/509 507/507/507 508/508/508 
f 509/509/509 508/508/508 510/510/510 
f 511/511/511 509/509/509 510/510/510 
f 511/511/511 510/510/510 512/512/512 
f 513/513/513 511/511/511 512/512/512 
f 512/512/512 514/514/514 513/513/513 
f 515/515/515 513/513/513 514/514/514 
f 514/514/514 516/516/516 515/515/515 
f 517/517/517 515/515/515 516/516/516 
f 516/516/516 518/518/518 517/517/517 
f 519/519/519 517/517/517 518/518/518 
f 518/518/518 520/520/520 519/519/519 
f 521/521/521 519/519/519 520/520/520 
f 520/520/520 522/522/522 521/521/521 
f 523/523/523 521/521/521 522/522/522 
f 522/522/522 524/524/524 523/523/523 
f 525/525/525 523/523/523 524/524/524 
f 524/524/524 526/526/526 525/525/525 
f 527/527/527 525/525/525 526/526/526 
f 527/527/527 526/526/526 529/529/529 
f 531/531/531 527/527/527 529/529/529 
f 530/530/530 528/528/528 531/531/531 
f 531/531/531 529/529/529 530/530/530 
f 533/533/533 532/532/532 534/534/534 
f 533/533/533 534/534/534 535/535/535 
f 536/536/536 535/535/535 534/534/534 
f 535/535/535 536/536/536 537/537/537 
f 538/538/538 537/537/537 536/536/536 
f 537/537/537 538/538/538 539/539/539 
f 542/542/542 543/543/543 541/541/541 
f 544/544/544 543/543/543 542/542/542 
f 544/544/544 545/545/545 543/543/543 
f 546/546/546 545/545/545 544/544/544 
f 548/548/548 547/547/547 550/550/550 
f 550/550/550 547/547/547 551/551/551 
f 550/550/550 551/551/551 552/552/552 
f 550/550/550 552/552/552 553/553/553 
f 554/554/554 553/553/553 552/552/552 
f 553/553/553 554/554/554 555/555/555 
f 560/560/560 559/559/559 562/562/562 
f 562/562/562 559/559/559 564/564/564 
f 565/565/565 563/563/563 561/561/561 
f 562/562/562 564/564/564 566/566/566 
f 563/563/563 565/565/565 566/566/566 
f 562/562/562 566/566/566 565/565/565 
f 567/567/567 569/569/569 568/568/568 
f 570/570/570 569/569/569 567/567/567 
f 570/570/570 571/571/571 569/569/569 
f 572/572/572 571/571/571 570/570/570 
f 576/576/576 577/577/577 578/578/578 
f 578/578/578 577/577/577 579/579/579 
f 578/578/578 579/579/579 580/580/580 
f 580/580/580 579/579/579 581/581/581 
f 583/583/583 585/585/585 582/582/582 
f 585/585/585 583/583/583 587/587/587 
f 584/584/584 588/588/588 586/586/586 
f 587/587/587 589/589/589 585/585/585 
f 589/589/589 588/588/588 584/584/584 
f 589/589/589 587/587/587 588/588/588 
f 592/592/592 591/591/591 590/590/590 
f 591/591/591 592/592/592 593/593/593 
f 594/594/594 593/593/593 592/592/592 
f 593/593/593 594/594/594 595/595/595 
f 597/597/597 596/596/596 598/598/598 
f 598/598/598 599/599/599 597/597/597 
f 599/599/599 598/598/598 600/600/600 
f 600/600/600 601/601/601 599/599/599 
f 604/604/604 605/605/605 606/606/606 
f 606/606/606 605/605/605 608/608/608 
f 606/606/606 608/608/608 609/609/609 
f 609/609/609 608/608/608 610/610/610 
f 615/615/615 613/613/613 614/614/614 
f 613/613/613 615/615/615 616/616/616 
f 617/617/617 616/616/616 615/615/615 
f 616/616/616 617/617/617 618/618/618 
f 621/621/621 620/620/620 622/622/622 
f 622/622/622 623/623/623 621/621/621 
f 623/623/623 622/622/622 624/624/624 
f 624/624/624 625/625/625 623/623/623 
f 628/628/628 631/631/631 629/629/629 
f 631/631/631 628/628/628 633/633/633 
f 632/632/632 634/634/634 630/630/630 
f 633/633/633 635/635/635 631/631/631 
f 635/635/635 634/634/634 632/632/632 
f 635/635/635 633/633/633 634/634/634 
f 636/636/636 638/638/638 637/637/637 
f 639/639/639 638/638/638 636/636/636 
f 639/639/639 640/640/640 638/638/638 
f 641/641/641 640/640/640 639/639/639 
f 643/643/643 642/642/642 645/645/645 
f 645/645/645 642/642/642 647/647/647 
f 648/648/648 646/646/646 644/644/644 
f 645/645/645 647/647/647 649/649/649 
f 646/646/646 648/648/648 649/649/649 
f 645/645/645 649/649/649 648/648/648 
f 650/650/650 651/651/651 652/652/652 
f 652/652/652 651/651/651 653/653/653 
f 654/654/654 652/652/652 653/653/653 
f 653/653/653 655/655/655 654/654/654 
f 656/656/656 654/654/654 655/655/655 
f 657/657/657 650/650/650 652/652/652 
f 654/654/654 656/656/656 658/658/658 
f 650/650/650 657/657/657 659/659/659 
f 660/660/660 659/659/659 657/657/657 
f 661/661/661 651/651/651 650/650/650 
f 662/662/662 658/658/658 656/656/656 
f 651/651/651 661/661/661 663/663/663 
f 659/659/659 660/660/660 664/664/664 
f 665/665/665 663/663/663 661/661/661 
f 661/661/661 666/666/666 665/665/665 
f 667/667/667 664/664/664 660/660/660 
f 668/668/668 664/664/664 667/667/667 
f 669/669/669 664/664/664 668/668/668 
f 664/664/664 669/669/669 670/670/670 
f 664/664/664 670/670/670 671/671/671 
f 661/661/661 672/672/672 666/666/666 
f 672/672/672 673/673/673 666/666/666 
f 672/672/672 661/661/661 674/674/674 
f 673/673/673 672/672/672 675/675/675 
f 676/676/676 673/673/673 675/675/675 
f 673/673/673 676/676/676 677/677/677 
f 676/676/676 662/662/662 677/677/677 
f 678/678/678 662/662/662 676/676/676 
f 662/662/662 678/678/678 658/658/658 
f 658/658/658 678/678/678 679/679/679 
f 674/674/674 661/661/661 680/680/680 
f 680/680/680 681/681/681 674/674/674 
f 680/680/680 682/682/682 681/681/681 
f 683/683/683 658/658/658 679/679/679 
f 682/682/682 680/680/680 683/683/683 
f 683/683/683 679/679/679 684/684/684 
f 683/683/683 684/684/684 682/682/682 
f 685/685/685 683/683/683 680/680/680 
f 683/683/683 685/685/685 686/686/686 
f 687/687/687 686/686/686 685/685/685 
f 686/686/686 687/687/687 688/688/688 
f 689/689/689 688/688/688 687/687/687 
f 688/688/688 689/689/689 690/690/690 
f 689/689/689 691/691/691 690/690/690 
f 691/691/691 689/689/689 692/692/692 
f 691/691/691 692/692/692 693/693/693 
f 691/691/691 693/693/693 694/694/694 
f 692/692/692 689/689/689 695/695/695 
f 696/696/696 691/691/691 694/694/694 
f 692/692/692 695/695/695 697/697/697 
f 695/695/695 698/698/698 697/697/697 
f 696/696/696 694/694/694 699/699/699 
f 695/695/695 700/700/700 698/698/698 
f 699/699/699 701/701/701 696/696/696 
f 701/701/701 699/699/699 702/702/702 
f 696/696/696 701/701/701 703/703/703 
f 701/701/701 702/702/702 704/704/704 
f 705/705/705 704/704/704 702/702/702 
f 704/704/704 705/705/705 706/706/706 
f 706/706/706 705/705/705 707/707/707 
f 706/706/706 707/707/707 708/708/708 
f 700/700/700 708/708/708 707/707/707 
f 708/708/708 700/700/700 709/709/709 
f 700/700/700 695/695/695 709/709/709 
f 710/710/710 709/709/709 695/695/695 
f 709/709/709 710/710/710 711/711/711 
f 710/710/710 712/712/712 711/711/711 
f 713/713/713 712/712/712 710/710/710 
f 712/712/712 713/713/713 714/714/714 
f 712/712/712 714/714/714 715/715/715 
f 714/714/714 703/703/703 715/715/715 
f 703/703/703 714/714/714 696/696/696 
f 713/713/713 716/716/716 714/714/714 
f 713/713/713 717/717/717 716/716/716 
f 717/717/717 713/713/713 718/718/718 
f 716/716/716 717/717/717 719/719/719 
f 716/716/716 719/719/719 720/720/720 
f 717/717/717 718/718/718 721/721/721 
f 721/721/721 718/718/718 722/722/722 
f 723/723/723 724/724/724 725/725/725 
f 725/725/725 724/724/724 726/726/726 
f 727/727/727 725/725/725 726/726/726 
f 726/726/726 728/728/728 727/727/727 
f 729/729/729 727/727/727 728/728/728 
f 730/730/730 723/723/723 725/725/725 
f 727/727/727 729/729/729 731/731/731 
f 723/723/723 730/730/730 732/732/732 
f 733/733/733 732/732/732 730/730/730 
f 734/734/734 724/724/724 723/723/723 
f 735/735/735 731/731/731 729/729/729 
f 724/724/724 734/734/734 736/736/736 
f 732/732/732 733/733/733 737/737/737 
f 738/738/738 736/736/736 734/734/734 
f 734/734/734 739/739/739 738/738/738 
f 740/740/740 737/737/737 733/733/733 
f 741/741/741 737/737/737 740/740/740 
f 742/742/742 737/737/737 741/741/741 
f 737/737/737 742/742/742 743/743/743 
f 737/737/737 743/743/743 744/744/744 
f 734/734/734 745/745/745 739/739/739 
f 745/745/745 746/746/746 739/739/739 
f 745/745/745 734/734/734 747/747/747 
f 746/746/746 745/745/745 748/748/748 
f 749/749/749 746/746/746 748/748/748 
f 746/746/746 749/749/749 750/750/750 
f 749/749/749 735/735/735 750/750/750 
f 751/751/751 735/735/735 749/749/749 
f 735/735/735 751/751/751 731/731/731 
f 731/731/731 751/751/751 752/752/752 
f 747/747/747 734/734/734 753/753/753 
f 753/753/753 754/754/754 747/747/747 
f 753/753/753 755/755/755 754/754/754 
f 756/756/756 731/731/731 752/752/752 
f 755/755/755 753/753/753 756/756/756 
f 756/756/756 752/752/752 757/757/757 
f 756/756/756 757/757/757 755/755/755 
f 758/758/758 756/756/756 753/753/753 
f 756/756/756 758/758/758 759/759/759 
f 760/760/760 759/759/759 758/758/758 
f 759/759/759 760/760/760 761/761/761 
f 762/762/762 761/761/761 760/760/760 
f 761/761/761 762/762/762 763/763/763 
f 762/762/762 764/764/764 763/763/763 
f 764/764/764 762/762/762 765/765/765 
f 764/764/764 765/765/765 766/766/766 
f 764/764/764 766/766/766 767/767/767 
f 765/765/765 762/762/762 768/768/768 
f 769/769/769 764/764/764 767/767/767 
f 765/765/765 768/768/768 770/770/770 
f 768/768/768 771/771/771 770/770/770 
f 769/769/769 767/767/767 772/772/772 
f 768/768/768 773/773/773 771/771/771 
f 772/772/772 774/774/774 769/769/769 
f 774/774/774 772/772/772 775/775/775 
f 769/769/769 774/774/774 776/776/776 
f 774/774/774 775/775/775 777/777/777 
f 778/778/778 777/777/777 775/775/775 
f 777/777/777 778/778/778 779/779/779 
f 779/779/779 778/778/778 780/780/780 
f 779/779/779 780/780/780 781/781/781 
f 773/773/773 781/781/781 780/780/780 
f 781/781/781 773/773/773 782/782/782 
f 773/773/773 768/768/768 782/782/782 
f 783/783/783 782/782/782 768/768/768 
f 782/782/782 783/783/783 784/784/784 
f 783/783/783 785/785/785 784/784/784 
f 786/786/786 785/785/785 783/783/783 
f 785/785/785 786/786/786 787/787/787 
f 785/785/785 787/787/787 788/788/788 
f 787/787/787 776/776/776 788/788/788 
f 776/776/776 787/787/787 769/769/769 
f 786/786/786 789/789/789 787/787/787 
f 786/786/786 790/790/790 789/789/789 
f 790/790/790 786/786/786 791/791/791 
f 789/789/789 790/790/790 792/792/792 
f 789/789/789 792/792/792 793/793/793 
f 790/790/790 791/791/791 794/794/794 
f 794/794/794 791/791/791 795/795/795 
f 804/804/804 803/803/803 805/805/805 
f 805/805/805 806/806/806 804/804/804 
f 806/806/806 805/805/805 807/807/807 
f 807/807/807 809/809/809 806/806/806 
f 813/813/813 812/812/812 814/814/814 
f 814/814/814 815/815/815 813/813/813 
f 815/815/815 814/814/814 816/816/816 
f 816/816/816 817/817/817 815/815/815 
f 828/828/828 830/830/830 831/831/831 
f 831/831/831 833/833/833 828/828/828 
f 833/833/833 831/831/831 832/832/832 
f 832/832/832 834/834/834 833/833/833 
f 836/836/836 835/835/835 837/837/837 
f 837/837/837 838/838/838 836/836/836 
f 838/838/838 837/837/837 839/839/839 
f 839/839/839 840/840/840 838/838/838 
f 842/842/842 843/843/843 844/844/844 
f 845/845/845 844/844/844 843/843/843 
f 843/843/843 842/842/842 846/846/846 
f 844/844/844 845/845/845 847/847/847 
f 848/848/848 846/846/846 842/842/842 
f 846/846/846 848/848/848 849/849/849 
f 848/848/848 850/850/850 849/849/849 
f 851/851/851 849/849/849 850/850/850 
f 850/850/850 852/852/852 851/851/851 
f 853/853/853 851/851/851 852/852/852 
f 852/852/852 854/854/854 853/853/853 
f 855/855/855 853/853/853 854/854/854 
f 854/854/854 856/856/856 855/855/855 
f 857/857/857 855/855/855 856/856/856 
f 856/856/856 858/858/858 857/857/857 
f 859/859/859 857/857/857 858/858/858 
f 858/858/858 860/860/860 859/859/859 
f 861/861/861 859/859/859 860/860/860 
f 860/860/860 862/862/862 861/861/861 
f 863/863/863 861/861/861 862/862/862 
f 862/862/862 864/864/864 863/863/863 
f 865/865/865 863/863/863 864/864/864 
f 864/864/864 866/866/866 865/865/865 
f 866/866/866 867/867/867 865/865/865 
f 869/869/869 868/868/868 870/870/870 
f 870/870/870 871/871/871 869/869/869 
f 871/871/871 870/870/870 872/872/872 
f 872/872/872 873/873/873 871/871/871 
f 876/876/876 877/877/877 875/875/875 
f 877/877/877 876/876/876 879/879/879 
f 877/877/877 879/879/879 880/880/880 
f 880/880/880 881/881/881 877/877/877 
f 882/882/882 883/883/883 884/884/884 
f 883/883/883 885/885/885 884/884/884 
f 883/883/883 882/882/882 886/886/886 
f 885/885/885 883/883/883 887/887/887 
f 888/888/888 886/886/886 882/882/882 
f 886/886/886 888/888/888 889/889/889 
f 888/888/888 890/890/890 889/889/889 
f 891/891/891 889/889/889 890/890/890 
f 890/890/890 892/892/892 891/891/891 
f 893/893/893 891/891/891 892/892/892 
f 892/892/892 894/894/894 893/893/893 
f 895/895/895 893/893/893 894/894/894 
f 894/894/894 896/896/896 895/895/895 
f 897/897/897 895/895/895 896/896/896 
f 896/896/896 898/898/898 897/897/897 
f 899/899/899 897/897/897 898/898/898 
f 898/898/898 900/900/900 899/899/899 
f 901/901/901 899/899/899 900/900/900 
f 900/900/900 902/902/902 901/901/901 
f 903/903/903 901/901/901 902/902/902 
f 902/902/902 904/904/904 903/903/903 
f 905/905/905 903/903/903 904/904/904 
f 904/904/904 906/906/906 905/905/905 
f 906/906/906 907/907/907 905/905/905 
f 909/909/909 908/908/908 910/910/910 
f 910/910/910 911/911/911 909/909/909 
f 911/911/911 910/910/910 912/912/912 
f 912/912/912 913/913/913 911/911/911 
f 914/914/914 916/916/916 915/915/915 
f 916/916/916 914/914/914 917/917/917 
f 917/917/917 918/918/918 916/916/916 
f 918/918/918 917/917/917 919/919/919 
f 923/923/923 922/922/922 924/924/924 
f 924/924/924 925/925/925 923/923/923 
f 925/925/925 924/924/924 926/926/926 
f 926/926/926 927/927/927 925/925/925 
f 931/931/931 930/930/930 932/932/932 
f 932/932/932 933/933/933 931/931/931 
f 933/933/933 932/932/932 934/934/934 
f 934/934/934 936/936/936 933/933/933 
f 941/941/941 942/942/942 943/943/943 
f 943/943/943 944/944/944 941/941/941 
f 944/944/944 943/943/943 946/946/946 
f 946/946/946 947/947/947 944/944/944 
f 948/948/948 949/949/949 950/950/950 
f 950/950/950 949/949/949 951/951/951 
f 951/951/951 952/952/952 950/950/950 
f 949/949/949 948/948/948 953/953/953 
f 953/953/953 948/948/948 954/954/954 
f 954/954/954 955/955/955 953/953/953 
f 960/960/960 961/961/961 962/962/962 
f 962/962/962 964/964/964 960/960/960 
f 964/964/964 962/962/962 966/966/966 
f 966/966/966 967/967/967 964/964/964 
f 966/966/966 968/968/968 967/967/967 
f 969/969/969 968/968/968 966/966/966 
f 971/971/971 972/972/972 973/973/973 
f 973/973/973 974/974/974 971/971/971 
f 974/974/974 973/973/973 975/975/975 
f 975/975/975 976/976/976 974/974/974 
f 980/980/980 982/982/982 981/981/981 
f 982/982/982 983/983/983 981/981/981 
f 983/983/983 982/982/982 985/985/985 
f 985/985/985 986/986/986 983/983/983 
f 987/987/987 988/988/988 989/989/989 
f 989/989/989 990/990/990 987/987/987 
f 990/990/990 989/989/989 992/992/992 
f 992/992/992 994/994/994 990/990/990 
f 992/992/992 995/995/995 994/994/994 
f 996/996/996 995/995/995 992/992/992 
f 999/999/999 1001/1001/1001 1000/1000/1000 
f 1001/1001/1001 1002/1002/1002 1000/1000/1000 
f 1002/1002/1002 1001/1001/1001 1004/1004/1004 
f 1004/1004/1004 1005/1005/1005 1002/1002/1002 
f 1006/1006/1006 1007/1007/1007 1008/1008/1008 
f 1008/1008/1008 1009/1009/1009 1006/1006/1006 
f 1009/1009/1009 1008/1008/1008 1010/1010/1010 
f 1010/1010/1010 1011/1011/1011 1009/1009/1009 
f 1014/1014/1014 1015/1015/1015 1016/1016/1016 
f 1016/1016/1016 1015/1015/1015 1017/1017/1017 
f 1017/1017/1017 1018/1018/1018 1016/1016/1016 
f 1015/1015/1015 1014/1014/1014 1019/1019/1019 
f 1019/1019/1019 1014/1014/1014 1020/1020/1020 
f 1020/1020/1020 1021/1021/1021 1019/1019/1019 
f 1022/1022/1022 1023/1023/1023 1024/1024/1024 
f 1024/1024/1024 1025/1025/1025 1022/1022/1022 
f 1025/1025/1025 1024/1024/1024 1027/1027/1027 
f 1027/1027/1027 1028/1028/1028 1025/1025/1025 
f 1029/1029/1029 1030/1030/1030 1031/1031/1031 
f 1031/1031/1031 1032/1032/1032 1029/1029/1029 
f 1033/1033/1033 1029/1029/1029 1032/1032/1032 
f 1030/1030/1030 1029/1029/1029 1034/1034/1034 
f 1035/1035/1035 1033/1033/1033 1032/1032/1032 
f 1034/1034/1034 1036/1036/1036 1030/1030/1030 
f 1037/1037/1037 1033/1033/1033 1035/1035/1035 
f 1033/1033/1033 1037/1037/1037 1038/1038/1038 
f 1038/1038/1038 1037/1037/1037 1039/1039/1039 
f 1039/1039/1039 1040/1040/1040 1038/1038/1038 
f 1037/1037/1037 1035/1035/1035 1041/1041/1041 
f 1040/1040/1040 1039/1039/1039 1042/1042/1042 
f 1041/1041/1041 1035/1035/1035 1043/1043/1043 
f 1042/1042/1042 1044/1044/1044 1040/1040/1040 
f 1044/1044/1044 1042/1042/1042 1045/1045/1045 
f 1045/1045/1045 1042/1042/1042 1046/1046/1046 
f 1046/1046/1046 1042/1042/1042 1047/1047/1047 
f 1047/1047/1047 1042/1042/1042 1048/1048/1048 
f 1043/1043/1043 1049/1049/1049 1041/1041/1041 
f 1050/1050/1050 1041/1041/1041 1049/1049/1049 
f 1050/1050/1050 1051/1051/1051 1041/1041/1041 
f 1052/1052/1052 1051/1051/1051 1050/1050/1050 
f 1053/1053/1053 1041/1041/1041 1051/1051/1051 
f 1051/1051/1051 1052/1052/1052 1054/1054/1054 
f 1054/1054/1054 1052/1052/1052 1055/1055/1055 
f 1056/1056/1056 1055/1055/1055 1052/1052/1052 
f 1036/1036/1036 1055/1055/1055 1056/1056/1056 
f 1055/1055/1055 1036/1036/1036 1057/1057/1057 
f 1034/1034/1034 1057/1057/1057 1036/1036/1036 
f 1058/1058/1058 1057/1057/1057 1034/1034/1034 
f 1041/1041/1041 1053/1053/1053 1059/1059/1059 
f 1059/1059/1059 1053/1053/1053 1060/1060/1060 
f 1061/1061/1061 1059/1059/1059 1060/1060/1060 
f 1034/1034/1034 1062/1062/1062 1058/1058/1058 
f 1059/1059/1059 1061/1061/1061 1062/1062/1062 
f 1062/1062/1062 1063/1063/1063 1058/1058/1058 
f 1062/1062/1062 1061/1061/1061 1063/1063/1063 
f 1059/1059/1059 1062/1062/1062 1064/1064/1064 
f 1065/1065/1065 1064/1064/1064 1062/1062/1062 
f 1064/1064/1064 1065/1065/1065 1066/1066/1066 
f 1067/1067/1067 1066/1066/1066 1065/1065/1065 
f 1066/1066/1066 1067/1067/1067 1068/1068/1068 
f 1069/1069/1069 1068/1068/1068 1067/1067/1067 
f 1070/1070/1070 1068/1068/1068 1069/1069/1069 
f 1070/1070/1070 1071/1071/1071 1068/1068/1068 
f 1071/1071/1071 1070/1070/1070 1072/1072/1072 
f 1072/1072/1072 1070/1070/1070 1073/1073/1073 
f 1071/1071/1071 1074/1074/1074 1068/1068/1068 
f 1075/1075/1075 1073/1073/1073 1070/1070/1070 
f 1074/1074/1074 1071/1071/1071 1076/1076/1076 
f 1077/1077/1077 1074/1074/1074 1076/1076/1076 
f 1073/1073/1073 1075/1075/1075 1078/1078/1078 
f 1079/1079/1079 1074/1074/1074 1077/1077/1077 
f 1080/1080/1080 1078/1078/1078 1075/1075/1075 
f 1078/1078/1078 1080/1080/1080 1081/1081/1081 
f 1075/1075/1075 1082/1082/1082 1080/1080/1080 
f 1081/1081/1081 1080/1080/1080 1083/1083/1083 
f 1081/1081/1081 1083/1083/1083 1084/1084/1084 
f 1084/1084/1084 1083/1083/1083 1085/1085/1085 
f 1085/1085/1085 1086/1086/1086 1084/1084/1084 
f 1086/1086/1086 1085/1085/1085 1087/1087/1087 
f 1087/1087/1087 1079/1079/1079 1086/1086/1086 
f 1088/1088/1088 1079/1079/1079 1087/1087/1087 
f 1079/1079/1079 1088/1088/1088 1074/1074/1074 
f 1088/1088/1088 1089/1089/1089 1074/1074/1074 
f 1089/1089/1089 1088/1088/1088 1090/1090/1090 
f 1091/1091/1091 1089/1089/1089 1090/1090/1090 
f 1089/1089/1089 1091/1091/1091 1092/1092/1092 
f 1093/1093/1093 1092/1092/1092 1091/1091/1091 
f 1093/1093/1093 1091/1091/1091 1094/1094/1094 
f 1082/1082/1082 1093/1093/1093 1094/1094/1094 
f 1093/1093/1093 1082/1082/1082 1075/1075/1075 
f 1095/1095/1095 1092/1092/1092 1093/1093/1093 
f 1096/1096/1096 1092/1092/1092 1095/1095/1095 
f 1092/1092/1092 1096/1096/1096 1097/1097/1097 
f 1096/1096/1096 1095/1095/1095 1098/1098/1098 
f 1098/1098/1098 1095/1095/1095 1099/1099/1099 
f 1100/1100/1100 1097/1097/1097 1096/1096/1096 
f 1097/1097/1097 1100/1100/1100 1101/1101/1101 
f 1113/1113/1113 1114/1114/1114 1115/1115/1115 
f 1115/1115/1115 1116/1116/1116 1113/1113/1113 
f 1117/1117/1117 1113/1113/1113 1116/1116/1116 
f 1114/1114/1114 1113/1113/1113 1118/1118/1118 
f 1119/1119/1119 1117/1117/1117 1116/1116/1116 
f 1118/1118/1118 1120/1120/1120 1114/1114/1114 
f 1121/1121/1121 1117/1117/1117 1119/1119/1119 
f 1117/1117/1117 1121/1121/1121 1122/1122/1122 
f 1122/1122/1122 1121/1121/1121 1123/1123/1123 
f 1123/1123/1123 1124/1124/1124 1122/1122/1122 
f 1121/1121/1121 1119/1119/1119 1125/1125/1125 
f 1124/1124/1124 1123/1123/1123 1126/1126/1126 
f 1125/1125/1125 1119/1119/1119 1127/1127/1127 
f 1126/1126/1126 1128/1128/1128 1124/1124/1124 
f 1128/1128/1128 1126/1126/1126 1129/1129/1129 
f 1129/1129/1129 1126/1126/1126 1130/1130/1130 
f 1130/1130/1130 1126/1126/1126 1131/1131/1131 
f 1131/1131/1131 1126/1126/1126 1132/1132/1132 
f 1127/1127/1127 1133/1133/1133 1125/1125/1125 
f 1134/1134/1134 1125/1125/1125 1133/1133/1133 
f 1134/1134/1134 1135/1135/1135 1125/1125/1125 
f 1136/1136/1136 1135/1135/1135 1134/1134/1134 
f 1137/1137/1137 1125/1125/1125 1135/1135/1135 
f 1135/1135/1135 1136/1136/1136 1138/1138/1138 
f 1138/1138/1138 1136/1136/1136 1139/1139/1139 
f 1140/1140/1140 1139/1139/1139 1136/1136/1136 
f 1120/1120/1120 1139/1139/1139 1140/1140/1140 
f 1139/1139/1139 1120/1120/1120 1141/1141/1141 
f 1118/1118/1118 1141/1141/1141 1120/1120/1120 
f 1142/1142/1142 1141/1141/1141 1118/1118/1118 
f 1125/1125/1125 1137/1137/1137 1143/1143/1143 
f 1143/1143/1143 1137/1137/1137 1144/1144/1144 
f 1145/1145/1145 1143/1143/1143 1144/1144/1144 
f 1118/1118/1118 1146/1146/1146 1142/1142/1142 
f 1143/1143/1143 1145/1145/1145 1146/1146/1146 
f 1146/1146/1146 1147/1147/1147 1142/1142/1142 
f 1146/1146/1146 1145/1145/1145 1147/1147/1147 
f 1143/1143/1143 1146/1146/1146 1148/1148/1148 
f 1149/1149/1149 1148/1148/1148 1146/1146/1146 
f 1148/1148/1148 1149/1149/1149 1150/1150/1150 
f 1151/1151/1151 1150/1150/1150 1149/1149/1149 
f 1150/1150/1150 1151/1151/1151 1152/1152/1152 
f 1153/1153/1153 1152/1152/1152 1151/1151/1151 
f 1154/1154/1154 1152/1152/1152 1153/1153/1153 
f 1154/1154/1154 1155/1155/1155 1152/1152/1152 
f 1155/1155/1155 1154/1154/1154 1156/1156/1156 
f 1156/1156/1156 1154/1154/1154 1157/1157/1157 
f 1155/1155/1155 1158/1158/1158 1152/1152/1152 
f 1159/1159/1159 1157/1157/1157 1154/1154/1154 
f 1158/1158/1158 1155/1155/1155 1160/1160/1160 
f 1161/1161/1161 1158/1158/1158 1160/1160/1160 
f 1157/1157/1157 1159/1159/1159 1162/1162/1162 
f 1163/1163/1163 1158/1158/1158 1161/1161/1161 
f 1164/1164/1164 1162/1162/1162 1159/1159/1159 
f 1162/1162/1162 1164/1164/1164 1165/1165/1165 
f 1159/1159/1159 1166/1166/1166 1164/1164/1164 
f 1165/1165/1165 1164/1164/1164 1167/1167/1167 
f 1165/1165/1165 1167/1167/1167 1168/1168/1168 
f 1168/1168/1168 1167/1167/1167 1169/1169/1169 
f 1169/1169/1169 1170/1170/1170 1168/1168/1168 
f 1170/1170/1170 1169/1169/1169 1171/1171/1171 
f 1171/1171/1171 1163/1163/1163 1170/1170/1170 
f 1172/1172/1172 1163/1163/1163 1171/1171/1171 
f 1163/1163/1163 1172/1172/1172 1158/1158/1158 
f 1172/1172/1172 1173/1173/1173 1158/1158/1158 
f 1173/1173/1173 1172/1172/1172 1174/1174/1174 
f 1175/1175/1175 1173/1173/1173 1174/1174/1174 
f 1173/1173/1173 1175/1175/1175 1176/1176/1176 
f 1177/1177/1177 1176/1176/1176 1175/1175/1175 
f 1177/1177/1177 1175/1175/1175 1178/1178/1178 
f 1166/1166/1166 1177/1177/1177 1178/1178/1178 
f 1177/1177/1177 1166/1166/1166 1159/1159/1159 
f 1179/1179/1179 1176/1176/1176 1177/1177/1177 
f 1180/1180/1180 1176/1176/1176 1179/1179/1179 
f 1176/1176/1176 1180/1180/1180 1181/1181/1181 
f 1180/1180/1180 1179/1179/1179 1182/1182/1182 
f 1182/1182/1182 1179/1179/1179 1183/1183/1183 
f 1184/1184/1184 1181/1181/1181 1180/1180/1180 
f 1181/1181/1181 1184/1184/1184 1185/1185/1185 

